FID,Name,Type,r2_PCs,r2_Residuals,r2_age_recruitment,r2_assessment_centre,r2_batch,r2_bmi,r2_fasting,r2_month_attending,r2_sex,r2_smoking,r2_spectrometer,r2_time_analysis,r2_time_day,r2_acquisition_time,r2_device_ID,r2_dilution_factor,r2_Batch,r2_panel_date,r2_ppp_sel,p.value_PCs,p.value_Residuals,p.value_age_recruitment,p.value_assessment_centre,p.value_batch,p.value_bmi,p.value_fasting,p.value_month_attending,p.value_sex,p.value_smoking,p.value_spectrometer,p.value_time_analysis,p.value_time_day,p.value_acquisition_time,p.value_device_ID,p.value_dilution_factor,p.value_Batch,p.value_panel_date,p.value_ppp_sel,Label
20280,Glucose-lactate,Metabolites,0.00183,0.86452,0.02102,0.00813,0.01186,0.02444,0.00015,0.00218,0.00068,0.00054,0.03358,0.03081,0.00027,,,,,,,5.999999999999999e-91,,0.0,0.0,0.0,0.0,2e-11,2e-135,9e-30,2e-36,0.0,0.0,2e-19,,,,,,,gluc_lact
20281,Alanine,Metabolites,0.00461,0.87135,0.00317,0.00561,0.03043,0.01764,0.01747,0.0019,0.01543,0.00195,0.00012,0.00076,0.02956,,,,,,,7e-179,,1.0000000000000001e-163,0.0,0.0,0.0,0.0,3e-117,0.0,5e-130,7e-06,2e-38,0.0,,,,,,,alan
23400,Total Cholesterol,Metabolites,0.00365,0.85881,0.02196,0.00389,0.00493,0.00899,0.0005,0.0012,0.06963,0.00041,0.02021,0.00581,1e-05,,,,,,,4e-203,,0.0,2.9999999999999996e-243,0.0,0.0,2e-35,2e-73,0.0,2.0000000000000002e-28,0.0,0.0,0.1,,,,,,,T_Chol
23401,Total Cholesterol Minus HDL-C,Metabolites,0.00295,0.91882,0.02491,0.00379,0.00332,7e-05,0.00046,0.00112,0.02463,0.00062,0.01496,0.0037,0.00065,,,,,,,2.0000000000000002e-162,,0.0,3e-220,7e-198,5e-06,9.999999999999999e-31,3e-63,0.0,1.0000000000000001e-39,0.0,8e-216,8e-43,,,,,,,T_Chol_minu_HDL
23402,"Remnant Cholesterol (Non-HDL, Non-LDL -Cholesterol)",Metabolites,0.00405,0.92633,0.02491,0.00419,0.0024,0.00105,0.00011,0.00127,0.02611,0.00087,0.00777,0.00081,0.00014,,,,,,,5.0000000000000003e-228,,0.0,5e-243,4.9999999999999996e-139,1e-67,1e-08,1e-71,0.0,2.9999999999999998e-55,0.0,9e-39,3e-10,,,,,,,remn_Chol_non_H
23403,VLDL Cholesterol,Metabolites,0.00578,0.91979,0.02384,0.00441,0.00205,0.02259,0.0,0.00114,0.0139,0.00163,0.0041,0.00037,0.0004,,,,,,,2e-300,,0.0,1e-258,2e-118,0.0,0.4,2e-64,2.0000000000000002e-72,2e-103,4e-252,3e-14,5e-27,,,,,,,VLDL_Chol
23404,Clinical LDL Cholesterol,Metabolites,0.00145,0.91316,0.02197,0.00307,0.00328,0.00088,0.00147,0.00092,0.02468,0.00089,0.02068,0.00413,0.00344,,,,,,,2e-73,,0.0,7e-177,2e-196,9e-58,4e-95,5e-51,0.0,7e-57,0.0,1.9999999999999997e-243,6e-220,,,,,,,clin_LDL_Chol
23405,LDL Cholesterol,Metabolites,0.00189,0.90482,0.02355,0.00336,0.0059,0.00013,0.00095,0.00101,0.02142,0.00046,0.02464,0.00838,0.00349,,,,,,,1e-98,,0.0,5e-197,0.0,8e-10,5e-63,1e-57,0.0,6e-30,0.0,0.0,1.0000000000000001e-225,,,,,,,LDL_Chol
23406,HDL Cholesterol,Metabolites,0.00319,0.69356,0.00219,0.00315,0.00403,0.08616,6e-05,0.00069,0.18544,0.0024,0.01099,0.00439,0.00376,,,,,,,4e-94,,7e-148,9.999999999999999e-244,0.0,0.0,8e-07,7e-51,0.0,1e-200,0.0,0.0,1e-315,,,,,,,HDL_Chol
23407,Total Triglycerides,Metabolites,0.0087,0.83162,0.01665,0.00536,0.00268,0.07721,0.00262,0.00079,0.04247,0.00494,0.00265,0.00166,0.00266,,,,,,,0.0,,0.0,0.0,3e-175,0.0,9e-185,6e-48,0.0,0.0,8e-179,1e-100,2.0000000000000003e-187,,,,,,,T_TG
23408,Triglycerides in VLDL,Metabolites,0.00887,0.82005,0.01333,0.00541,0.00271,0.08094,0.00271,0.00082,0.05531,0.00412,0.00237,0.00122,0.00215,,,,,,,0.0,,0.0,0.0,3e-180,0.0,3e-193,1.9999999999999998e-50,0.0,3e-291,7.000000000000001e-162,2.0000000000000002e-72,9e-154,,,,,,,TG_in_VLDL
23409,Triglycerides in LDL,Metabolites,0.00406,0.88767,0.02691,0.00351,0.00315,0.04555,0.00016,0.00056,0.01013,0.00733,0.00364,0.00649,0.00085,,,,,,,2e-200,,0.0,7e-210,1.9999999999999999e-193,0.0,4e-12,3.9999999999999996e-30,5e-179,0.0,9.999999999999999e-231,0.0,1e-57,,,,,,,TG_in_LDL
23410,Triglycerides in HDL,Metabolites,0.00525,0.90567,0.02091,0.00402,0.00227,0.03408,0.00398,0.00056,0.00398,0.00503,0.00433,0.00106,0.00886,,,,,,,8.999999999999999e-299,,0.0,1.0000000000000001e-237,2e-134,0.0,6e-256,3e-29,4.0000000000000004e-24,2e-321,5.999999999999999e-270,5e-55,0.0,,,,,,,TG_in_HDL
23411,Total Phospholipids in Lipoprotein Particles,Metabolites,0.00685,0.83331,0.02372,0.00416,0.00696,0.00352,1e-05,0.00162,0.09215,0.00024,0.01564,0.0075,0.00433,,,,,,,0.0,,0.0,2e-269,0.0,2e-246,0.05,3e-104,0.0,3e-17,0.0,0.0,4e-303,,,,,,,T_PL_in_lipo_pa
23412,Phospholipids in VLDL,Metabolites,0.00729,0.8803,0.02124,0.00492,0.00222,0.05019,0.00041,0.00105,0.0249,0.00282,0.00294,0.00071,0.001,,,,,,,0.0,,0.0,9.000000000000001e-304,5e-135,0.0,4.0000000000000003e-29,2e-61,0.0,3e-186,5e-188,4e-35,5.0000000000000005e-68,,,,,,,PL_in_VLDL
23413,Phospholipids in LDL,Metabolites,0.00165,0.91535,0.02334,0.00325,0.00468,0.00019,0.00122,0.00101,0.01783,0.0004,0.02031,0.00716,0.00361,,,,,,,3e-86,,0.0,1.0000000000000001e-187,3e-283,6e-14,2e-79,3e-56,0.0,3e-26,0.0,0.0,9.999999999999999e-231,,,,,,,PL_in_LDL
23414,Phospholipids in HDL,Metabolites,0.00465,0.74516,0.00642,0.0021,0.00498,0.03954,0.00025,0.001,0.1691,0.00169,0.00856,0.00497,0.01159,,,,,,,1e-194,,0.0,6e-146,0.0,0.0,4e-21,2.9999999999999995e-70,0.0,1.0000000000000001e-131,0.0,0.0,0.0,,,,,,,PL_in_HDL
23415,Total Esterified Cholesterol,Metabolites,0.00335,0.84783,0.02087,0.00381,0.00529,0.01204,0.00062,0.00116,0.0756,0.00045,0.02244,0.0065,4e-05,,,,,,,4e-181,,0.0,3e-241,0.0,0.0,4e-44,2e-71,0.0,8.999999999999999e-32,0.0,0.0,0.0002,,,,,,,T_este_Chol
23416,Cholesteryl Esters in VLDL,Metabolites,0.00461,0.9342,0.02314,0.00403,0.00184,0.01192,5e-05,0.0011,0.01283,0.0015,0.00419,0.00028,0.00031,,,,,,,1e-241,,0.0,4e-231,7e-104,0.0,0.0002,8e-61,1e-13,1e-93,1e-253,1e-09,6e-21,,,,,,,chol_este_in_VL
23417,Cholesteryl Esters in LDL,Metabolites,0.00237,0.90561,0.02483,0.00356,0.00652,0.0002,0.0007,0.00108,0.01873,0.0003,0.02387,0.00938,0.00286,,,,,,,2.0000000000000002e-126,,0.0,1.9999999999999998e-209,0.0,2e-14,1e-46,2e-61,0.0,6e-20,0.0,0.0,6e-185,,,,,,,chol_este_in_LD
23418,Cholesteryl Esters in HDL,Metabolites,0.00302,0.69744,0.00161,0.00319,0.00403,0.08951,0.00017,0.00066,0.1785,0.0028,0.01189,0.00436,0.00283,,,,,,,2e-93,,1e-99,6.999999999999999e-246,0.0,0.0,1e-15,1e-47,0.0,1e-232,0.0,0.0,2.0000000000000003e-237,,,,,,,chol_este_in_HD
23419,Total Free Cholesterol,Metabolites,0.00428,0.88566,0.02454,0.00408,0.00407,0.00272,0.00024,0.00131,0.0536,0.00042,0.01488,0.00415,6e-05,,,,,,,4e-245,,0.0,2e-247,2e-253,7e-180,2e-17,1e-77,0.0,4.0000000000000003e-28,0.0,2e-253,4e-05,,,,,,,T_free_Chol
23420,Free Cholesterol in VLDL,Metabolites,0.00672,0.89587,0.02268,0.00472,0.00238,0.03901,0.00013,0.00113,0.02039,0.00212,0.00389,0.00049,0.00047,,,,,,,0.0,,0.0,2e-285,3e-143,0.0,5e-10,1e-65,0.0,2e-137,1e-245,2e-21,3e-32,,,,,,,free_Chol_in_VL
23421,Free Cholesterol in LDL,Metabolites,0.00097,0.89715,0.01909,0.00291,0.00411,0.00557,0.00178,0.00084,0.03021,0.00122,0.02526,0.00565,0.00522,,,,,,,8.000000000000001e-34,,0.0,2e-170,6e-253,0.0,4e-117,2.9999999999999997e-47,0.0,8e-80,0.0,0.0,0.0,,,,,,,free_Chol_in_LD
23422,Free Cholesterol in HDL,Metabolites,0.00369,0.703,0.00542,0.00312,0.00377,0.06945,8e-05,0.00078,0.19095,0.00111,0.00752,0.00399,0.00713,,,,,,,9e-117,,0.0,7e-238,3e-297,0.0,6e-08,6e-57,0.0,7e-92,0.0,0.0,0.0,,,,,,,free_Chol_in_HD
23423,Total Lipids in Lipoprotein Particles,Metabolites,0.007,0.88932,0.02815,0.00475,0.00655,0.00046,2e-05,0.00156,0.03773,0.00034,0.01601,0.00694,0.00116,,,,,,,0.0,,0.0,3e-289,0.0,6e-32,0.008,4e-93,0.0,4.0000000000000004e-23,0.0,0.0,1e-77,,,,,,,T_L_in_lipo_par
23424,Total Lipids in VLDL,Metabolites,0.009,0.85501,0.02001,0.00542,0.00234,0.06269,0.00114,0.00105,0.03511,0.003,0.00288,0.00085,0.00149,,,,,,,0.0,,0.0,0.0,8e-148,0.0,4e-79,1.9999999999999999e-63,0.0,1e-203,7e-190,3e-45,2e-103,,,,,,,T_L_in_VLDL
23425,Total Lipids in LDL,Metabolites,0.00208,0.90759,0.02449,0.00345,0.00576,8e-05,0.00088,0.00103,0.01982,0.00034,0.02295,0.00847,0.00306,,,,,,,1.9999999999999998e-110,,0.0,6e-202,0.0,8e-07,3e-58,2e-58,0.0,3e-22,0.0,0.0,2e-197,,,,,,,T_L_in_LDL
23426,Total Lipids in HDL,Metabolites,0.00427,0.72327,0.00526,0.0025,0.00488,0.05434,8e-05,0.00086,0.179,0.00163,0.01017,0.00512,0.00862,,,,,,,1.0000000000000001e-162,,0.0,3.9999999999999995e-182,0.0,0.0,3e-08,1e-61,0.0,3.0000000000000005e-131,0.0,0.0,0.0,,,,,,,T_L_in_HDL
23427,Total Concentration of Lipoprotein Particles,Metabolites,0.00443,0.78803,0.01153,0.00304,0.0113,0.0198,0.00046,0.001,0.10883,0.00177,0.03443,0.01505,0.00031,,,,,,,9.999999999999999e-222,,0.0,9e-205,0.0,0.0,5.9999999999999996e-36,4.0000000000000004e-66,0.0,9e-131,0.0,0.0,1.0000000000000001e-24,,,,,,,T_conc_of_lipo_
23428,Concentration of VLDL Particles,Metabolites,0.00567,0.90946,0.02394,0.00463,0.00237,0.03099,0.0002,0.0011,0.01401,0.00227,0.00347,0.00155,0.00032,,,,,,,3e-287,,0.0,7.000000000000001e-275,8e-140,0.0,1e-14,1e-62,4e-176,4.0000000000000004e-145,3e-215,1.9999999999999998e-84,2e-22,,,,,,,conc_of_VLDL_pa
23429,Concentration of LDL Particles,Metabolites,0.00262,0.93569,0.02313,0.0032,0.00296,0.00193,0.00062,0.00102,0.01414,0.00101,0.00834,0.00411,0.00122,,,,,,,3e-118,,0.0,2e-180,6.999999999999999e-172,2e-121,1e-40,5e-56,2e-104,3e-63,0.0,2e-236,2e-77,,,,,,,conc_of_LDL_par
23430,Concentration of HDL Particles,Metabolites,0.00415,0.78848,0.00813,0.00271,0.01094,0.02407,0.00037,0.00087,0.11065,0.0024,0.03242,0.01432,0.00049,,,,,,,3.0000000000000003e-181,,0.0,6.000000000000001e-181,0.0,0.0,6e-29,9.999999999999999e-57,0.0,2e-176,0.0,0.0,3e-38,,,,,,,conc_of_HDL_par
23431,Average Diameter for VLDL Particles,Metabolites,0.00997,0.76056,0.00671,0.00479,0.00168,0.09194,0.00158,0.00056,0.11657,0.00269,0.00217,0.00031,0.00047,,,,,,,0.0,,5.0000000000000005e-158,0.0,3e-117,0.0,1.9999999999999998e-122,2e-36,0.0,2e-205,2e-160,3e-14,1e-37,,,,,,,aver_diam_for_V
23432,Average Diameter for LDL Particles,Metabolites,0.0011,0.86259,0.00347,0.0013,0.00332,0.03495,0.00115,0.00014,0.06041,0.00059,0.01723,0.01242,0.00133,,,,,,,1.0000000000000001e-29,,4e-201,1.0000000000000001e-72,4e-211,0.0,2e-79,8e-06,0.0,1e-40,0.0,0.0,2.9999999999999997e-91,,,,,,,aver_diam_for_L
23433,Average Diameter for HDL Particles,Metabolites,0.0031,0.6658,0.00273,0.00461,0.00116,0.11264,0.00091,0.00049,0.18778,0.002,0.00215,0.00075,0.01588,,,,,,,4e-125,,5e-108,0.0,7e-91,0.0,3.0000000000000004e-81,2e-36,0.0,1.9999999999999998e-174,1e-181,2e-52,0.0,,,,,,,aver_diam_for_H
23434,Phosphoglycerides,Metabolites,0.00553,0.81997,0.0223,0.00377,0.00857,0.00327,0.00016,0.00152,0.10007,0.00081,0.01665,0.00947,0.00791,,,,,,,0.0,,0.0,1e-246,0.0,1e-232,9e-13,7.0000000000000005e-99,0.0,8e-58,0.0,0.0,0.0,,,,,,,phos
23435,Triglycerides to Phosphoglycerides ratio,Metabolites,0.00678,0.74627,0.00625,0.00464,0.00081,0.10534,0.00244,0.00042,0.12001,0.00517,0.00158,7e-05,0.00023,,,,,,,1e-273,,3e-237,0.0,5.999999999999999e-54,0.0,3e-191,1.9999999999999998e-26,0.0,0.0,2e-117,0.2,2e-19,,,,,,,TG_to_phos_to
23436,Total Cholines,Metabolites,0.00533,0.803,0.01976,0.00387,0.00873,0.00869,2e-05,0.00149,0.11358,0.00035,0.01859,0.01081,0.00578,,,,,,,0.0,,0.0,2e-259,0.0,0.0,0.008,7.0000000000000005e-99,0.0,3.9999999999999996e-26,0.0,0.0,0.0,,,,,,,T_chol
23437,Phosphatidylcholines,Metabolites,0.00641,0.81189,0.0192,0.00369,0.00725,0.00948,0.00059,0.00132,0.11461,0.00058,0.01229,0.00698,0.00572,,,,,,,0.0,,0.0,8.999999999999999e-244,0.0,0.0,5.999999999999999e-44,1.9999999999999998e-86,0.0,6.999999999999999e-42,0.0,0.0,0.0,,,,,,,phos1
23438,Sphingomyelins,Metabolites,0.00367,0.77876,0.01723,0.00379,0.00742,0.01667,0.00163,0.00116,0.12188,2e-05,0.03154,0.01594,0.0003,,,,,,,9.999999999999999e-143,,0.0,3e-262,0.0,0.0,2e-123,5e-78,0.0,0.05,0.0,0.0,5e-24,,,,,,,sphi
23439,Apolipoprotein B,Metabolites,0.00308,0.93539,0.02432,0.0035,0.00227,0.00252,0.00041,0.00106,0.01591,0.00108,0.00734,0.0026,0.00052,,,,,,,9.999999999999999e-153,,0.0,1e-198,6e-130,3e-158,2e-27,2e-58,9.999999999999999e-193,1e-67,0.0,9e-145,5e-34,,,,,,,apol_b
23440,Apolipoprotein A1,Metabolites,0.00471,0.75729,0.00642,0.00242,0.00686,0.03915,0.0,0.0008,0.15008,0.00201,0.0177,0.00781,0.00475,,,,,,,1.9999999999999998e-190,,0.0,2e-167,0.0,0.0,1.0,7.999999999999999e-54,0.0,4e-154,0.0,0.0,0.0,,,,,,,apol_a1
23441,Apolipoprotein B to Apolipoprotein A1 ratio,Metabolites,0.00197,0.91153,0.01176,0.00198,0.0009,0.02351,0.00038,0.00058,0.03986,0.00298,0.00032,0.00017,0.00407,,,,,,,6.999999999999999e-42,,1e-249,1e-109,9e-49,0.0,3e-26,9.999999999999999e-31,0.0,3.9999999999999996e-190,3e-17,0.0002,6e-261,,,,,,,apol_b_to_apol_
23442,Total Fatty Acids,Metabolites,0.00705,0.87962,0.03242,0.00465,0.00718,0.02128,0.00028,0.00141,0.01658,0.00283,0.01033,0.00762,0.00875,,,,,,,0.0,,0.0,4.999999999999999e-286,0.0,0.0,4e-20,8e-85,0.0,2.0000000000000002e-186,0.0,0.0,0.0,,,,,,,T_fatt_acid
23443,Degree of Unsaturation,Metabolites,0.02312,0.7864,0.0055,0.00895,0.00412,0.06398,1e-05,0.00038,0.06864,0.02081,0.01543,0.00244,0.0002,,,,,,,0.0,,0.0,0.0,3e-290,0.0,0.2,1e-22,0.0,0.0,0.0,7e-163,1e-16,,,,,,,degr_of_unsa
23444,Omega-3 Fatty Acids,Metabolites,0.00567,0.87872,0.0579,0.00317,0.0025,0.00014,0.00201,0.00048,0.02762,0.00483,0.0126,0.00074,0.00363,,,,,,,5e-144,,0.0,3e-190,2e-153,1e-10,2e-134,7.999999999999999e-26,0.0,9e-318,0.0,3e-37,1e-240,,,,,,,omeg_3_fatt_aci
23445,Omega-6 Fatty Acids,Metabolites,0.00656,0.88361,0.02324,0.00342,0.00879,4e-05,8e-05,0.00148,0.04806,4e-05,0.01355,0.00673,0.00442,,,,,,,3e-216,,0.0,2e-205,0.0,0.0006,1e-06,2.0000000000000001e-88,0.0,0.004,0.0,0.0,2e-291,,,,,,,omeg_6_fatt_aci
23446,Polyunsaturated Fatty Acids,Metabolites,0.0042,0.8746,0.03169,0.00342,0.00849,8e-05,0.00037,0.00134,0.05289,0.00037,0.01137,0.0059,0.0053,,,,,,,2e-143,,0.0,1e-207,0.0,4e-07,3.9999999999999996e-26,2e-80,0.0,5e-25,0.0,0.0,0.0,,,,,,,poly_fatt_acid
23447,Monounsaturated Fatty Acids,Metabolites,0.01046,0.84072,0.02423,0.00647,0.00583,0.06334,0.00029,0.00103,0.01106,0.00828,0.00794,0.00848,0.01186,,,,,,,0.0,,0.0,0.0,0.0,0.0,6e-22,3e-63,4.0000000000000005e-159,0.0,0.0,0.0,0.0,,,,,,,mono_fatt_acid
23448,Saturated Fatty Acids,Metabolites,0.00912,0.88188,0.02941,0.00554,0.00521,0.0271,0.00012,0.0014,0.01187,0.00499,0.01046,0.00595,0.00696,,,,,,,0.0,,0.0,0.0,0.0,0.0,3e-09,7.999999999999999e-84,1e-181,0.0,0.0,0.0,0.0,,,,,,,satu_fatt_acid
23449,Linoleic Acid,Metabolites,0.00971,0.90095,0.01809,0.0042,0.008,0.00137,0.00068,0.00122,0.03503,0.00053,0.01249,0.00534,0.00237,,,,,,,2e-319,,0.0,6.999999999999999e-251,0.0,2e-90,8e-46,8e-71,0.0,5e-35,0.0,0.0,2.9999999999999996e-154,,,,,,,lino_acid
23450,Docosahexaenoic Acid,Metabolites,0.00847,0.84411,0.0369,0.0051,0.0024,0.02273,0.00086,0.00051,0.05819,0.00873,0.01025,0.00177,0.0,,,,,,,3e-166,,0.0,0.0,7e-153,0.0,9e-61,7.000000000000001e-29,0.0,0.0,0.0,2.9999999999999997e-106,0.7,,,,,,,doco_acid
23451,Omega-3 Fatty Acids to Total Fatty Acids percentage,Metabolites,0.01497,0.86896,0.04323,0.00538,0.00078,0.00864,0.00241,0.00046,0.01868,0.01223,0.02345,0.0004,0.00043,,,,,,,0.0,,0.0,0.0,2e-43,0.0,2.0000000000000002e-162,5e-25,0.0,0.0,0.0,5e-17,3e-30,,,,,,,omeg_3_fatt_ac1
23452,Omega-6 Fatty Acids to Total Fatty Acids percentage,Metabolites,0.01047,0.81618,0.02724,0.00672,0.00098,0.0895,0.00038,0.0004,0.02467,0.01226,0.0012,0.0025,0.00751,,,,,,,0.0,,0.0,0.0,4.0000000000000004e-60,0.0,1.0000000000000001e-28,3e-22,0.0,0.0,3e-80,4e-160,0.0,,,,,,,omeg_6_fatt_ac1
23453,Polyunsaturated Fatty Acids to Total Fatty Acids percentage,Metabolites,0.01727,0.78186,0.00721,0.01047,0.00094,0.1082,0.0,0.00045,0.03836,0.02,0.00649,0.00299,0.00574,,,,,,,0.0,,0.0,0.0,2.0000000000000002e-60,0.0,0.2,3e-27,0.0,0.0,0.0,9e-204,0.0,,,,,,,poly_fatt_acid_
23454,Monounsaturated Fatty Acids to Total Fatty Acids percentage,Metabolites,0.01332,0.7396,0.00593,0.00977,0.00184,0.1319,0.00014,0.00032,0.0605,0.01727,0.00265,0.00576,0.011,,,,,,,0.0,,5.0000000000000005e-278,0.0,1e-133,0.0,9e-13,9e-20,0.0,0.0,8.000000000000001e-202,0.0,0.0,,,,,,,mono_fatt_acid_
23455,Saturated Fatty Acids to Total Fatty Acids percentage,Metabolites,0.02259,0.91678,0.00574,0.00566,0.00104,0.02115,0.00025,0.00061,0.00165,0.00929,0.01498,0.0002,7e-05,,,,,,,0.0,,9e-305,0.0,4e-57,0.0,2e-17,7e-32,2e-78,0.0,0.0,1e-05,7e-06,,,,,,,satu_fatt_acid_
23456,Linoleic Acid to Total Fatty Acids percentage,Metabolites,0.00993,0.81697,0.03004,0.00941,0.00046,0.08863,0.00028,0.00018,0.02135,0.01325,0.00322,0.00079,0.00547,,,,,,,0.0,,0.0,0.0,3e-25,0.0,2e-21,2e-08,0.0,0.0,1.9999999999999998e-222,4e-44,0.0,,,,,,,lino_acid_to_T_
23457,Docosahexaenoic Acid to Total Fatty Acids percentage,Metabolites,0.01704,0.82635,0.01373,0.00754,0.00082,0.05871,0.00054,0.00054,0.03981,0.01524,0.01617,0.00031,0.00321,,,,,,,0.0,,0.0,0.0,9e-49,0.0,9e-40,2e-31,0.0,0.0,0.0,3e-13,2.0000000000000002e-226,,,,,,,doco_acid_to_T_
23458,Polyunsaturated Fatty Acids to Monounsaturated Fatty Acids ratio,Metabolites,0.0162,0.74066,0.00725,0.01107,0.00147,0.13109,5e-05,0.00038,0.0537,0.01986,0.0041,0.00492,0.00925,,,,,,,0.0,,0.0,0.0,7e-105,0.0,2e-05,5e-24,0.0,0.0,3e-314,0.0,0.0,,,,,,,poly_fatt_acid1
23459,Omega-6 Fatty Acids to Omega-3 Fatty Acids ratio,Metabolites,0.01026,0.89057,0.05524,0.00299,0.00084,1e-05,0.0027,0.00042,0.00883,0.0069,0.01939,0.00012,0.00174,,,,,,,9.999999999999999e-222,,0.0,4e-176,7e-46,0.09,2e-177,2e-21,0.0,0.0,0.0,0.01,7.9999999999999995e-115,,,,,,,omeg_6_fatt_ac2
23460,Alanine,Metabolites,0.00317,0.59363,0.0023,0.0045,0.02112,0.01199,0.0118,0.00144,0.01041,0.00135,0.31794,0.00258,0.01778,,,,,,,2.0000000000000002e-171,,1e-177,0.0,0.0,0.0,0.0,8e-132,0.0,2e-132,0.0,2.0000000000000001e-233,0.0,,,,,,,alan1
23461,Glutamine,Metabolites,0.00116,0.85114,0.00732,0.00878,0.02688,0.02303,0.00034,0.00155,0.00694,0.00106,0.02119,0.04606,0.00456,,,,,,,1.9999999999999998e-30,,8e-302,0.0,0.0,0.0,6e-25,1e-96,2.0000000000000002e-307,1.0000000000000001e-72,0.0,0.0,3e-311,,,,,,,glut
23462,Glycine,Metabolites,0.00108,0.81351,0.00286,0.00211,0.00518,0.02783,0.00048,0.00136,0.11121,0.00122,0.00785,0.02046,0.00485,,,,,,,1e-20,,2.9999999999999996e-154,2e-133,0.0,0.0,8e-36,3e-88,0.0,1e-87,0.0,0.0,0.0,,,,,,,glyc
23463,Histidine,Metabolites,0.00053,0.89271,0.00599,0.00236,0.04959,0.00065,0.00397,0.00067,0.00994,0.00061,0.02046,0.0096,0.00293,,,,,,,2e-22,,0.0,2e-136,0.0,8e-44,2e-259,1e-36,0.0,1e-40,0.0,0.0,9.999999999999999e-192,,,,,,,hist
23464,Total Concentration of Branched-Chain Amino Acids (Leucine + Isoleucine + Valine),Metabolites,0.00223,0.80032,0.00282,0.00508,0.00574,0.04891,0.00617,0.0003,0.06419,0.00089,0.01894,0.01709,0.02732,,,,,,,6e-82,,2e-90,0.0,0.0,0.0,0.0,9e-17,0.0,4e-65,0.0,0.0,0.0,,,,,,,T_conc_of_bran_
23465,Isoleucine,Metabolites,0.00211,0.82751,0.00139,0.00405,0.00352,0.02954,0.00657,0.00013,0.03987,0.00026,0.00995,0.00577,0.06935,,,,,,,2e-65,,4.999999999999999e-32,1e-262,4.0000000000000003e-233,0.0,0.0,1e-05,0.0,5e-19,0.0,0.0,0.0,,,,,,,isol
23466,Leucine,Metabolites,0.00164,0.83033,0.00181,0.00462,0.00373,0.03183,0.0043,0.00039,0.07827,0.00059,0.0079,0.01316,0.02145,,,,,,,3e-45,,4.0000000000000006e-45,3.9999999999999994e-301,4e-247,0.0,3.9999999999999994e-301,2e-21,0.0,1e-41,0.0,0.0,0.0,,,,,,,leuc
23467,Valine,Metabolites,0.00243,0.78132,0.00464,0.00533,0.00973,0.06181,0.00649,0.00041,0.05439,0.00133,0.03378,0.02301,0.01534,,,,,,,1e-104,,9e-197,0.0,0.0,0.0,0.0,3e-24,0.0,3e-99,0.0,0.0,0.0,,,,,,,vali
23468,Phenylalanine,Metabolites,0.00098,0.87306,0.00245,0.00628,0.00816,0.01779,0.01422,0.00092,0.00411,0.00045,0.00598,0.0375,0.02809,,,,,,,1.0000000000000001e-49,,9e-119,0.0,0.0,0.0,0.0,1e-53,2.0000000000000002e-254,9.999999999999999e-31,0.0,0.0,0.0,,,,,,,phen
23469,Tyrosine,Metabolites,0.00179,0.89253,0.01779,0.00876,0.00625,0.03276,0.01747,0.00042,0.00137,0.00125,0.00993,0.00856,0.00112,,,,,,,4e-47,,0.0,0.0,0.0,0.0,0.0,2e-21,6.999999999999999e-30,6e-82,0.0,0.0,2e-74,,,,,,,tyro
23470,Glucose,Metabolites,0.00216,0.85613,0.02214,0.02597,0.00566,0.01447,4e-05,0.00495,0.0004,0.00191,0.02877,0.01629,0.0211,,,,,,,4e-61,,0.0,0.0,0.0,0.0,0.0004,0.0,3e-14,9.999999999999999e-129,0.0,0.0,0.0,,,,,,,gluc
23471,Lactate,Metabolites,0.0023,0.76184,0.00051,0.07131,0.00592,0.00636,0.00015,0.01773,0.006,0.00288,0.04244,0.01267,0.0699,,,,,,,8e-146,,5e-12,0.0,0.0,0.0,8e-13,0.0,0.0,3e-219,0.0,0.0,0.0,,,,,,,lact
23472,Pyruvate,Metabolites,0.00193,0.8732,0.00109,0.06024,0.00684,0.00534,0.00042,0.01982,0.00614,0.00061,0.01124,0.00732,0.00581,,,,,,,2.0000000000000001e-112,,1.0000000000000001e-23,0.0,0.0,0.0,2.0000000000000002e-29,0.0,0.0,1e-40,0.0,0.0,0.0,,,,,,,pyru
23473,Citrate,Metabolites,0.00196,0.81669,0.02742,0.01036,0.01373,0.00136,0.00079,0.00263,0.01564,0.00567,0.05105,0.04991,0.00279,,,,,,,7e-71,,0.0,0.0,0.0,2e-98,5.0000000000000005e-58,1e-176,0.0,0.0,0.0,0.0,9.999999999999999e-200,,,,,,,citr
23474,3-Hydroxybutyrate,Metabolites,0.00152,0.93061,0.00796,0.00435,0.00088,0.00123,0.02947,0.00043,0.00053,0.00132,0.00308,0.0027,0.01593,,,,,,,2e-48,,0.0,5.999999999999999e-244,8.000000000000001e-45,2e-76,0.0,2e-20,1.9999999999999998e-26,1e-80,6.000000000000001e-181,3e-147,0.0,,,,,,,3_hydr
23475,Acetate,Metabolites,0.00092,0.90876,0.00078,0.01535,0.00805,0.01011,0.00042,0.00297,8e-05,0.00239,0.0024,0.01898,0.02879,,,,,,,2.0000000000000002e-29,,1.0000000000000001e-28,0.0,0.0,0.0,2.0000000000000002e-28,7e-179,0.04,3.999999999999999e-152,1e-146,0.0,0.0,,,,,,,acet
23476,Acetoacetate,Metabolites,0.00182,0.87266,0.01022,0.00705,0.00231,0.00045,0.01359,0.00286,0.0001,0.0018,0.0028,0.00217,0.08217,,,,,,,9e-78,,0.0,0.0,4e-141,2e-31,0.0,7e-179,0.3,2e-119,5e-179,3e-127,0.0,,,,,,,acet1
23477,Acetone,Metabolites,0.00303,0.88783,0.00589,0.00739,0.00302,0.00513,0.01284,0.0027,0.00175,0.00096,0.018,0.0007,0.05075,,,,,,,3e-112,,0.0,0.0,5e-184,0.0,0.0,2.0000000000000003e-165,5e-108,3e-63,0.0,7.0000000000000006e-34,0.0,,,,,,,acet2
23478,Creatinine,Metabolites,0.00322,0.65559,0.00999,0.00347,0.00453,0.01646,0.00023,0.00063,0.27791,0.00034,0.01466,0.00782,0.00513,,,,,,,4e-93,,0.0,5e-279,0.0,0.0,6e-22,4e-47,0.0,3.9999999999999996e-30,0.0,0.0,0.0,,,,,,,crea
23479,Albumin,Metabolites,0.00732,0.86209,0.01446,0.00713,0.02747,0.02442,2e-05,0.00206,0.00572,0.00232,0.03433,0.01256,0.0001,,,,,,,4e-313,,0.0,0.0,0.0,0.0,0.01,4e-129,3e-175,4e-156,0.0,0.0,1e-08,,,,,,,albu
23480,Glycoprotein Acetyls,Metabolites,0.00496,0.7779,0.01936,0.00817,0.00792,0.11269,0.00014,0.00156,0.00441,0.01219,0.02991,0.01987,0.00093,,,,,,,7e-210,,0.0,0.0,0.0,0.0,8e-12,6e-108,2e-07,0.0,0.0,0.0,4e-71,,,,,,,glyc_acet
23481,Concentration of Chylomicrons and Extremely Large VLDL Particles,Metabolites,0.00619,0.82531,0.00739,0.00377,0.00309,0.07999,0.00192,0.00062,0.05316,0.00454,0.00422,0.00227,0.00751,,,,,,,2e-291,,3e-213,2e-244,7e-204,0.0,1e-136,4e-37,0.0,1e-317,4.999999999999999e-289,8e-143,0.0,,,,,,,conc_of_chyl_an
23482,Total Lipids in Chylomicrons and Extremely Large VLDL,Metabolites,0.00699,0.8144,0.00703,0.00398,0.00329,0.08301,0.00196,0.00072,0.05821,0.00432,0.00421,0.00315,0.00873,,,,,,,0.0,,1.9999999999999997e-191,3e-263,1.9999999999999998e-221,0.0,2e-141,2e-44,0.0,1e-306,9.999999999999999e-293,2e-206,0.0,,,,,,,T_L_in_chyl_and
23483,Phospholipids in Chylomicrons and Extremely Large VLDL,Metabolites,0.00642,0.81859,0.00729,0.00349,0.00401,0.08162,0.00161,0.00057,0.05576,0.00447,0.00455,0.00322,0.00842,,,,,,,4.999999999999999e-289,,3e-205,3e-227,5.999999999999999e-270,0.0,9.999999999999999e-116,5e-34,0.0,1e-315,3e-314,1.9999999999999998e-209,0.0,,,,,,,PL_in_chyl_and_
23484,Cholesterol in Chylomicrons and Extremely Large VLDL,Metabolites,0.00698,0.82883,0.00856,0.00363,0.00215,0.07776,0.00082,0.00051,0.05326,0.00391,0.00359,0.00208,0.00791,,,,,,,5e-310,,3.0000000000000002e-204,2e-234,7e-139,0.0,2e-59,3e-29,0.0,6.0000000000000006e-273,9e-245,2e-129,0.0,,,,,,,Chol_in_chyl_an
23485,Cholesteryl Esters in Chylomicrons and Extremely Large VLDL,Metabolites,0.00666,0.83304,0.00866,0.00369,0.00121,0.07487,0.00048,0.0004,0.05352,0.00353,0.00607,0.00102,0.00684,,,,,,,8e-281,,8e-178,6e-237,6.000000000000001e-75,0.0,2e-35,4e-22,0.0,2e-245,0.0,4e-58,0.0,,,,,,,chol_este_in_ch
23486,Free Cholesterol in Chylomicrons and Extremely Large VLDL,Metabolites,0.007,0.82456,0.00827,0.00352,0.00471,0.07772,0.00133,0.00064,0.05041,0.0042,0.00485,0.00382,0.00895,,,,,,,0.0,,3e-235,4e-228,0.0,0.0,2e-95,2e-38,0.0,2e-294,0.0,1e-249,0.0,,,,,,,free_Chol_in_ch
23487,Triglycerides in Chylomicrons and Extremely Large VLDL,Metabolites,0.00643,0.81913,0.00593,0.00407,0.00351,0.07985,0.00245,0.00078,0.05665,0.00417,0.00538,0.00324,0.00842,,,,,,,0.0,,3e-160,4e-267,2e-235,0.0,6e-175,5e-48,0.0,6e-294,0.0,8e-211,0.0,,,,,,,TG_in_chyl_and_
23488,Concentration of Very Large VLDL Particles,Metabolites,0.00643,0.82262,0.01132,0.0049,0.00182,0.08271,0.00147,0.00065,0.06014,0.00425,0.00213,0.00038,0.00118,,,,,,,7e-307,,0.0,1e-323,3e-117,0.0,2e-105,4.0000000000000004e-39,0.0,8.999999999999999e-299,9e-145,2e-17,9.999999999999999e-85,,,,,,,conc_of_very_l_
23489,Total Lipids in Very Large VLDL,Metabolites,0.00716,0.81628,0.01152,0.00519,0.00183,0.0858,0.00165,0.00075,0.06174,0.00405,0.00215,0.00032,0.00155,,,,,,,0.0,,0.0,0.0,4e-119,0.0,2e-119,5e-46,0.0,9.999999999999999e-288,6e-147,7e-14,5e-112,,,,,,,T_L_in_very_l_V
23490,Phospholipids in Very Large VLDL,Metabolites,0.0067,0.82747,0.01187,0.00484,0.00177,0.08027,0.00122,0.00075,0.05672,0.00388,0.00247,0.00019,0.00187,,,,,,,3e-321,,0.0,2e-317,5e-113,0.0,4e-87,2.0000000000000003e-45,0.0,2.0000000000000002e-271,3e-167,2e-06,1e-132,,,,,,,PL_in_very_l_VL
23491,Cholesterol in Very Large VLDL,Metabolites,0.00646,0.85294,0.01514,0.00475,0.00147,0.06612,0.00032,0.00081,0.04587,0.00282,0.0022,0.00029,0.00081,,,,,,,8e-294,,0.0,3e-302,5e-90,0.0,1.0000000000000001e-23,8e-48,0.0,6e-192,2e-144,2e-11,7e-57,,,,,,,Chol_in_very_l_
23492,Cholesteryl Esters in Very Large VLDL,Metabolites,0.00566,0.87232,0.01657,0.00458,0.00164,0.05422,1e-05,0.0008,0.03825,0.00205,0.00271,0.00104,0.00017,,,,,,,6e-242,,0.0,3.9999999999999995e-284,1e-98,0.0,0.04,5e-46,0.0,9e-137,2.9999999999999998e-174,3e-56,1e-12,,,,,,,chol_este_in_ve
23493,Free Cholesterol in Very Large VLDL,Metabolites,0.00686,0.8373,0.01296,0.00475,0.00188,0.07447,0.00102,0.0008,0.05163,0.00354,0.00264,0.00022,0.00192,,,,,,,0.0,,0.0,8e-308,1e-119,0.0,7e-73,2e-48,0.0,2.9999999999999998e-245,6e-177,5e-08,8e-135,,,,,,,free_Chol_in_ve
23494,Triglycerides in Very Large VLDL,Metabolites,0.00674,0.81235,0.00934,0.00513,0.00219,0.08771,0.00246,0.00065,0.06457,0.00454,0.00214,0.00053,0.00165,,,,,,,0.0,,2e-314,0.0,1e-144,0.0,3e-177,1.0000000000000001e-39,0.0,6e-323,3e-147,4e-27,1e-119,,,,,,,TG_in_very_l_VL
23495,Concentration of Large VLDL Particles,Metabolites,0.00677,0.83598,0.01276,0.00494,0.00278,0.07242,0.00137,0.00073,0.05467,0.00351,0.00208,0.00156,0.00044,,,,,,,4e-308,,0.0,4e-321,9.000000000000001e-181,0.0,5e-97,3e-43,0.0,1.9999999999999997e-243,9.999999999999999e-139,2.9999999999999997e-93,3e-32,,,,,,,conc_of_l_VLDL_
23496,Total Lipids in Large VLDL,Metabolites,0.00782,0.82892,0.0133,0.00541,0.00351,0.07397,0.00163,0.00086,0.05703,0.00315,0.0019,0.00219,0.00032,,,,,,,0.0,,0.0,0.0,7e-233,0.0,4.9999999999999997e-116,9e-53,0.0,2e-220,2e-127,6e-137,4.0000000000000004e-24,,,,,,,T_L_in_l_VLDL
23497,Phospholipids in Large VLDL,Metabolites,0.00676,0.82779,0.0125,0.00511,0.0022,0.07843,0.00118,0.00073,0.05816,0.00391,0.00158,0.00126,0.00039,,,,,,,1e-306,,0.0,0.0,8e-143,0.0,6e-85,4.999999999999999e-44,0.0,2e-273,8e-106,4e-74,5.0000000000000004e-29,,,,,,,PL_in_l_VLDL
23498,Cholesterol in Large VLDL,Metabolites,0.00663,0.85856,0.01686,0.00492,0.00214,0.05984,0.00053,0.00088,0.04337,0.00269,0.00242,0.00104,0.00012,,,,,,,2e-303,,0.0,2e-311,2e-133,0.0,2e-37,6e-52,0.0,1.9999999999999998e-182,8e-158,2e-57,5e-10,,,,,,,Chol_in_l_VLDL
23499,Cholesteryl Esters in Large VLDL,Metabolites,0.00629,0.8896,0.01868,0.00462,0.00203,0.04249,0.00028,0.00098,0.02942,0.00214,0.00245,0.00095,7e-05,,,,,,,7e-290,,0.0,9e-281,1e-121,0.0,2e-20,3e-56,0.0,9e-140,4.9999999999999995e-154,1.0000000000000001e-49,3e-06,,,,,,,chol_este_in_l_
23500,Free Cholesterol in Large VLDL,Metabolites,0.00657,0.83228,0.0142,0.005,0.0022,0.07431,0.00076,0.00076,0.05698,0.00333,0.00235,0.00108,0.00017,,,,,,,3e-293,,0.0,0.0,4.9999999999999995e-142,0.0,4e-55,5e-46,0.0,3e-232,2e-158,1e-61,1e-13,,,,,,,free_Chol_in_l_
23501,Triglycerides in Large VLDL,Metabolites,0.00773,0.82941,0.01029,0.0053,0.00555,0.07123,0.00252,0.00082,0.05836,0.00301,0.00181,0.00359,0.00036,,,,,,,0.0,,1e-319,0.0,0.0,0.0,4e-178,1.9999999999999998e-50,0.0,3e-210,2e-121,1e-232,9.999999999999999e-27,,,,,,,TG_in_l_VLDL
23502,Concentration of Medium VLDL Particles,Metabolites,0.00569,0.91856,0.02284,0.00427,0.00333,0.01859,0.0,0.00122,0.01546,0.0012,0.00601,0.00277,7e-05,,,,,,,1e-273,,0.0,1e-249,3e-198,0.0,0.3,4e-69,1e-175,4e-76,0.0,5.0000000000000005e-158,7e-06,,,,,,,conc_of_m_VLDL_
23503,Total Lipids in Medium VLDL,Metabolites,0.00743,0.89909,0.02233,0.00489,0.00477,0.02954,0.00035,0.00123,0.01967,0.00137,0.00427,0.00507,0.0,,,,,,,0.0,,0.0,4e-295,4e-294,0.0,3e-24,2e-71,0.0,9e-89,6.999999999999999e-269,0.0,0.7,,,,,,,T_L_in_m_VLDL
23504,Phospholipids in Medium VLDL,Metabolites,0.00566,0.9235,0.02347,0.0043,0.00309,0.01586,1e-05,0.00122,0.01376,0.00126,0.00499,0.00287,2e-05,,,,,,,2e-277,,0.0,2e-250,4.9999999999999996e-182,0.0,0.1,1e-68,4.0000000000000004e-60,2e-79,2e-306,3e-163,0.008,,,,,,,PL_in_m_VLDL
23505,Cholesterol in Medium VLDL,Metabolites,0.00311,0.94159,0.02128,0.00324,0.00187,4e-05,0.00054,0.00117,0.01918,0.00176,0.00449,0.00127,0.00047,,,,,,,5e-149,,0.0,1e-181,1e-104,0.001,4e-35,3e-64,0.0,3e-109,7e-270,2e-64,9.999999999999999e-31,,,,,,,Chol_in_m_VLDL
23506,Cholesteryl Esters in Medium VLDL,Metabolites,0.00189,0.93316,0.01778,0.00281,0.00134,0.00331,0.00122,0.00102,0.02991,0.00269,0.00352,0.00069,0.00067,,,,,,,4e-79,,0.0,4e-157,2e-73,1e-207,7e-78,1e-55,0.0,2e-167,1.0000000000000001e-212,6e-32,1e-43,,,,,,,chol_este_in_m_
23507,Free Cholesterol in Medium VLDL,Metabolites,0.00484,0.93367,0.02374,0.00397,0.00262,0.00793,4e-05,0.00124,0.01288,0.00116,0.0057,0.00201,0.00021,,,,,,,8e-241,,0.0,2e-227,4e-151,0.0,0.0005,3e-69,3e-05,9e-73,0.0,3e-109,2e-14,,,,,,,free_Chol_in_m_
23508,Triglycerides in Medium VLDL,Metabolites,0.00823,0.84591,0.01492,0.0053,0.00666,0.06029,0.00194,0.00088,0.04302,0.00276,0.00284,0.00711,0.00014,,,,,,,0.0,,0.0,0.0,0.0,0.0,9e-135,8e-53,0.0,7.999999999999999e-190,5e-189,0.0,4e-11,,,,,,,TG_in_m_VLDL
23509,Concentration of Small VLDL Particles,Metabolites,0.00576,0.89091,0.02183,0.0046,0.0027,0.04007,0.00036,0.0009,0.02265,0.00257,0.00352,0.00412,2e-05,,,,,,,5e-245,,0.0,6.9999999999999994e-279,7e-164,0.0,1.9999999999999998e-25,2e-51,0.0,3e-167,9.999999999999999e-223,2e-249,0.007,,,,,,,conc_of_s_VLDL_
23510,Total Lipids in Small VLDL,Metabolites,0.00632,0.88974,0.02417,0.0048,0.00306,0.03948,0.00035,0.00096,0.02044,0.00238,0.00394,0.00433,4e-05,,,,,,,1.9999999999999999e-286,,0.0,1.9999999999999999e-292,1.0000000000000001e-187,0.0,3e-24,5e-55,0.0,8e-156,2e-250,2e-263,0.0005,,,,,,,T_L_in_s_VLDL
23511,Phospholipids in Small VLDL,Metabolites,0.00487,0.91833,0.02438,0.00412,0.00292,0.01945,1e-05,0.00108,0.01355,0.00138,0.00559,0.00414,0.00018,,,,,,,1.9999999999999998e-221,,0.0,9e-241,8e-173,0.0,0.1,2.0000000000000002e-60,1.0000000000000001e-75,7e-88,0.0,7.999999999999999e-243,3e-13,,,,,,,PL_in_s_VLDL
23512,Cholesterol in Small VLDL,Metabolites,0.00375,0.92964,0.02307,0.00373,0.00158,0.01603,0.00027,0.00094,0.01262,0.00144,0.0048,0.00168,0.00047,,,,,,,1e-181,,0.0,1e-213,2.0000000000000001e-88,0.0,7e-19,3e-51,2e-35,2e-90,1.9999999999999999e-292,6e-90,5e-31,,,,,,,Chol_in_s_VLDL
23513,Cholesteryl Esters in Small VLDL,Metabolites,0.00359,0.925,0.02236,0.00377,0.0014,0.02223,0.00026,0.00086,0.01374,0.00171,0.00382,0.00098,0.00028,,,,,,,8e-176,,0.0,2e-217,4e-78,0.0,6e-18,5.999999999999999e-47,8e-137,7e-108,5e-233,7e-49,3e-19,,,,,,,chol_este_in_s_
23514,Free Cholesterol in Small VLDL,Metabolites,0.00371,0.93406,0.02327,0.00361,0.00245,0.00693,0.0003,0.00108,0.0126,0.00108,0.00671,0.0033,0.0009,,,,,,,5e-178,,0.0,1e-205,4e-141,0.0,2e-20,3e-59,3e-23,1e-67,0.0,2.0000000000000003e-187,1e-57,,,,,,,free_Chol_in_s_
23515,Triglycerides in Small VLDL,Metabolites,0.00703,0.85369,0.01831,0.00489,0.00427,0.06036,0.00293,0.00068,0.03406,0.00423,0.00235,0.00577,0.00143,,,,,,,2e-288,,0.0,2e-311,1.9999999999999998e-276,0.0,8e-201,4.0000000000000004e-39,0.0,6e-287,4e-154,0.0,5.0000000000000005e-99,,,,,,,TG_in_s_VLDL
23516,Concentration of Very Small VLDL Particles,Metabolites,0.00376,0.92209,0.02599,0.00379,0.00296,0.00509,0.0,0.00103,0.02848,0.00176,0.00331,0.00023,0.0015,,,,,,,5e-199,,0.0,2e-219,1.9999999999999998e-174,2e-321,0.4,2e-57,0.0,3e-111,9e-202,3e-07,2.9999999999999997e-96,,,,,,,conc_of_very_s_
23517,Total Lipids in Very Small VLDL,Metabolites,0.0046,0.91303,0.0266,0.00398,0.00328,0.00482,5e-05,0.00113,0.03267,0.00182,0.0043,0.00024,0.00347,,,,,,,1e-251,,0.0,1.0000000000000001e-233,3.0000000000000004e-196,2.0000000000000002e-307,0.0001,6.999999999999999e-64,0.0,2.9999999999999997e-116,1e-266,5e-08,1.9999999999999998e-222,,,,,,,T_L_in_very_s_V
23518,Phospholipids in Very Small VLDL,Metabolites,0.00448,0.91471,0.02573,0.00347,0.00333,0.00888,1e-05,0.00104,0.02482,0.00248,0.00708,0.00024,0.00374,,,,,,,1e-242,,0.0,2e-201,6e-199,0.0,0.1,4e-58,0.0,2e-157,0.0,1e-07,2e-238,,,,,,,PL_in_very_s_VL
23519,Cholesterol in Very Small VLDL,Metabolites,0.00371,0.8967,0.02033,0.00378,0.00408,0.00055,3e-05,0.0012,0.062,0.00128,0.00351,0.00066,0.00219,,,,,,,3e-169,,0.0,3e-225,3e-251,2e-37,0.006,8.999999999999999e-70,0.0,2e-83,1e-220,2e-31,2e-143,,,,,,,Chol_in_very_s_
23520,Cholesteryl Esters in Very Small VLDL,Metabolites,0.00355,0.88526,0.01793,0.00382,0.00405,0.00288,2e-05,0.00117,0.07329,0.00137,0.00338,0.00083,0.00246,,,,,,,1.0000000000000001e-145,,0.0,4.9999999999999997e-231,2.9999999999999995e-252,8.999999999999999e-191,0.03,4e-69,0.0,1e-90,4e-215,5e-42,4.0000000000000003e-163,,,,,,,chol_este_in_v1
23521,Free Cholesterol in Very Small VLDL,Metabolites,0.004,0.91631,0.02567,0.00358,0.0039,0.00258,6e-05,0.00117,0.03561,0.00154,0.00381,0.00035,0.00143,,,,,,,3e-209,,0.0,2e-207,6e-234,4.0000000000000005e-165,4e-05,2.0000000000000002e-66,0.0,3e-98,6e-235,4e-13,9e-93,,,,,,,free_Chol_in_v1
23522,Triglycerides in Very Small VLDL,Metabolites,0.00496,0.88723,0.02612,0.0041,0.00188,0.04931,0.00137,0.00061,0.0082,0.0062,0.00279,0.00368,0.00354,,,,,,,3e-250,,0.0,4e-248,3e-112,0.0,1.9999999999999998e-91,1e-33,9.999999999999999e-194,0.0,3e-176,5.999999999999999e-222,2e-232,,,,,,,TG_in_very_s_VL
23523,Concentration of IDL Particles,Metabolites,0.00236,0.93118,0.01973,0.00338,0.00173,0.0,0.00045,0.00098,0.03368,0.00103,0.00531,0.00016,2e-05,,,,,,,2e-114,,0.0,3.9999999999999996e-192,1.9999999999999998e-97,0.5,9e-30,2e-53,0.0,6e-65,0.0,0.0004,0.03,,,,,,,conc_of_IDL_par
23524,Total Lipids in IDL,Metabolites,0.00274,0.88034,0.01967,0.00379,0.0022,0.00625,0.00034,0.00108,0.07261,0.00077,0.00856,0.00155,9e-05,,,,,,,6e-118,,0.0,9e-231,4e-134,0.0,2.0000000000000002e-24,1.9999999999999999e-63,0.0,2e-51,0.0,6e-88,1e-07,,,,,,,T_L_in_IDL
23525,Phospholipids in IDL,Metabolites,0.00262,0.88339,0.02011,0.00358,0.002,0.00576,0.0004,0.00105,0.07321,0.00099,0.00521,0.00137,0.00029,,,,,,,3e-113,,0.0,3e-216,1e-120,0.0,2.0000000000000002e-28,1e-61,0.0,7e-66,0.0,5.999999999999999e-76,5e-21,,,,,,,PL_in_IDL
23526,Cholesterol in IDL,Metabolites,0.00244,0.87466,0.0173,0.00365,0.00203,0.01097,0.00047,0.00104,0.07485,0.00119,0.01025,0.00114,0.0,,,,,,,2.0000000000000001e-88,,0.0,4e-223,9.000000000000001e-124,0.0,6e-33,2e-61,0.0,2e-79,0.0,1e-62,0.7,,,,,,,Chol_in_IDL
23527,Cholesteryl Esters in IDL,Metabolites,0.00247,0.87558,0.01713,0.0037,0.00214,0.01043,0.00026,0.00107,0.0748,0.00098,0.00952,0.00189,3e-05,,,,,,,6.999999999999999e-97,,0.0,7e-226,9.999999999999999e-131,0.0,6e-19,9.999999999999999e-64,0.0,1e-65,0.0,1e-109,0.002,,,,,,,chol_este_in_ID
23528,Free Cholesterol in IDL,Metabolites,0.00218,0.8752,0.01798,0.00352,0.00286,0.01063,0.00143,0.00097,0.07063,0.00165,0.01243,0.00033,0.00017,,,,,,,2e-59,,0.0,3e-214,9e-178,0.0,3.9999999999999996e-97,8e-57,0.0,5e-110,0.0,2e-13,4e-13,,,,,,,free_Chol_in_ID
23529,Triglycerides in IDL,Metabolites,0.00387,0.90112,0.02908,0.00353,0.0021,0.03524,0.00054,0.00057,0.00645,0.00693,0.00239,0.00477,0.0034,,,,,,,6.999999999999999e-209,,0.0,4e-208,4.0000000000000006e-124,0.0,2e-36,1.9999999999999998e-30,3.9999999999999997e-25,0.0,4e-148,3.9999999999999995e-287,3e-220,,,,,,,TG_in_IDL
23530,Concentration of Large LDL Particles,Metabolites,0.00222,0.93963,0.02119,0.00283,0.00307,0.00024,0.0008,0.00099,0.01704,0.00109,0.00411,0.00619,0.00061,,,,,,,2e-90,,0.0,5e-157,1e-177,2e-16,3e-51,1e-53,0.0,1e-67,3.0000000000000004e-247,0.0,3e-39,,,,,,,conc_of_l_LDL_p
23531,Total Lipids in Large LDL,Metabolites,0.00176,0.89773,0.02308,0.00345,0.00552,0.00104,0.00092,0.001,0.03086,0.00041,0.02337,0.00838,0.00247,,,,,,,3e-88,,0.0,2e-204,0.0,3e-69,4e-61,3e-57,0.0,3e-27,0.0,0.0,8.000000000000001e-162,,,,,,,T_L_in_l_LDL
23532,Phospholipids in Large LDL,Metabolites,0.00143,0.90657,0.02234,0.00333,0.00363,0.0005,0.0014,0.00098,0.0282,0.00054,0.02368,0.00457,0.00281,,,,,,,2.0000000000000002e-72,,0.0,7e-195,5e-220,5e-34,8e-92,1e-55,0.0,3e-35,0.0,3.0000000000000003e-273,4.9999999999999996e-182,,,,,,,PL_in_l_LDL
23533,Cholesterol in Large LDL,Metabolites,0.0016,0.89328,0.02188,0.00336,0.00596,0.00282,0.00091,0.00098,0.03278,0.00063,0.02399,0.00899,0.00282,,,,,,,5e-76,,0.0,9.999999999999999e-200,0.0,4e-185,4e-61,3e-56,0.0,9e-42,0.0,0.0,3e-185,,,,,,,Chol_in_l_LDL
23534,Cholesteryl Esters in Large LDL,Metabolites,0.00177,0.89525,0.02283,0.00343,0.00706,0.00113,0.00069,0.00104,0.02874,0.00042,0.02402,0.01097,0.00265,,,,,,,4.0000000000000003e-88,,0.0,2e-203,0.0,3.0000000000000004e-75,9e-47,4.0000000000000004e-60,0.0,8.000000000000001e-28,0.0,0.0,2e-173,,,,,,,chol_este_in_l1
23535,Free Cholesterol in Large LDL,Metabolites,0.00128,0.88564,0.0186,0.00319,0.0034,0.00983,0.00168,0.00083,0.04339,0.00133,0.02313,0.00449,0.00322,,,,,,,2.9999999999999998e-40,,0.0,1.9999999999999998e-190,1e-210,0.0,8.0000000000000005e-112,5e-47,0.0,8.000000000000001e-88,0.0,1.0000000000000001e-274,2.0000000000000002e-212,,,,,,,free_Chol_in_l1
23536,Triglycerides in Large LDL,Metabolites,0.0034,0.89536,0.02893,0.00342,0.00324,0.03845,4e-05,0.00056,0.00737,0.00769,0.00355,0.00729,0.0007,,,,,,,4e-175,,0.0,3e-202,5e-197,0.0,0.0007,7.999999999999999e-30,2e-10,0.0,4e-223,0.0,2e-47,,,,,,,TG_in_l_LDL
23537,Concentration of Medium LDL Particles,Metabolites,0.00302,0.91843,0.02358,0.00358,0.00289,0.00748,0.00043,0.00096,0.01345,0.00068,0.02101,0.00135,0.00315,,,,,,,4e-157,,0.0,5e-207,1e-170,0.0,6e-29,1e-53,3e-26,1e-43,0.0,4e-71,2e-200,,,,,,,conc_of_m_LDL_p
23538,Total Lipids in Medium LDL,Metabolites,0.00261,0.90203,0.025,0.00366,0.0061,0.00695,0.00085,0.001,0.01343,0.00035,0.02522,0.00832,0.00448,,,,,,,2.9999999999999998e-133,,0.0,2e-216,0.0,0.0,9.999999999999999e-57,6e-57,3e-06,6e-23,0.0,0.0,8.999999999999999e-290,,,,,,,T_L_in_m_LDL
23539,Phospholipids in Medium LDL,Metabolites,0.00192,0.90445,0.02334,0.0034,0.00686,0.00593,0.00102,0.00098,0.01227,0.0003,0.02392,0.01066,0.00495,,,,,,,1e-87,,0.0,1.9999999999999997e-199,0.0,0.0,2e-67,2.9999999999999998e-55,1e-05,4e-20,0.0,0.0,4e-319,,,,,,,PL_in_m_LDL
23540,Cholesterol in Medium LDL,Metabolites,0.00251,0.90459,0.02453,0.00358,0.00572,0.00493,0.00096,0.001,0.01327,0.00029,0.02647,0.00717,0.00499,,,,,,,4e-132,,0.0,1e-210,0.0,1e-317,3e-63,4.9999999999999996e-57,0.7,4e-19,0.0,0.0,1e-321,,,,,,,Chol_in_m_LDL
23541,Cholesteryl Esters in Medium LDL,Metabolites,0.00344,0.90145,0.02517,0.00397,0.00548,0.01053,0.00063,0.00104,0.0146,0.00042,0.02313,0.00655,0.00359,,,,,,,6.0000000000000005e-183,,0.0,5e-236,0.0,0.0,2.9999999999999996e-42,3e-59,3e-50,1e-27,0.0,0.0,1e-232,,,,,,,chol_este_in_m1
23542,Free Cholesterol in Medium LDL,Metabolites,0.00069,0.9035,0.01975,0.00269,0.00566,0.00044,0.00199,0.00085,0.01477,0.00076,0.03216,0.00788,0.00887,,,,,,,3.9999999999999996e-26,,0.0,3e-155,0.0,3e-30,1e-129,2e-47,3e-320,4.0000000000000005e-49,0.0,0.0,0.0,,,,,,,free_Chol_in_m1
23543,Triglycerides in Medium LDL,Metabolites,0.00436,0.87859,0.02362,0.00341,0.0033,0.05078,0.00019,0.00052,0.01707,0.00669,0.00457,0.00646,0.00042,,,,,,,2e-196,,0.0,8e-206,1e-204,0.0,4e-14,3e-28,0.0,0.0,4e-294,0.0,3e-29,,,,,,,TG_in_m_LDL
23544,Concentration of Small LDL Particles,Metabolites,0.00318,0.93229,0.02334,0.00344,0.0026,0.00696,0.00018,0.00094,0.01269,0.00111,0.01025,0.00184,0.00119,,,,,,,3e-146,,0.0,2e-195,3e-150,0.0,4e-13,3e-51,3e-08,1e-69,0.0,1e-99,9e-76,,,,,,,conc_of_s_LDL_p
23545,Total Lipids in Small LDL,Metabolites,0.00298,0.92424,0.02372,0.00318,0.0049,0.00486,0.00066,0.00099,0.01243,0.00073,0.01085,0.00782,0.00265,,,,,,,2e-136,,0.0,3.0000000000000003e-181,6.999999999999999e-294,3e-306,2e-43,5e-55,0.4,3e-46,0.0,0.0,2e-168,,,,,,,T_L_in_s_LDL
23546,Phospholipids in Small LDL,Metabolites,0.00257,0.93679,0.02014,0.00265,0.00565,0.00142,0.00074,0.00096,0.01033,0.00098,0.00253,0.01176,0.00349,,,,,,,2e-106,,0.0,2e-146,0.0,9e-90,8e-48,2e-52,5.999999999999999e-44,1e-61,4e-151,0.0,1e-217,,,,,,,PL_in_s_LDL
23547,Cholesterol in Small LDL,Metabolites,0.00245,0.92129,0.02357,0.00314,0.00461,0.00316,0.00098,0.00096,0.01266,0.00056,0.01715,0.00617,0.00331,,,,,,,1e-113,,0.0,2e-179,4e-277,1e-200,9.999999999999999e-64,2e-53,0.004,4e-36,0.0,0.0,3e-210,,,,,,,Chol_in_s_LDL
23548,Cholesteryl Esters in Small LDL,Metabolites,0.0035,0.91675,0.02502,0.00352,0.00415,0.00815,0.00065,0.00098,0.01418,0.00063,0.01576,0.00527,0.00146,,,,,,,1e-170,,0.0,5e-204,2e-249,0.0,4e-43,1.9999999999999998e-54,6e-21,2.9999999999999998e-40,0.0,0.0,2e-94,,,,,,,chol_este_in_s1
23549,Free Cholesterol in Small LDL,Metabolites,0.00057,0.92341,0.01625,0.00202,0.00546,0.00148,0.00184,0.00079,0.01135,0.00134,0.01777,0.0074,0.01034,,,,,,,3e-11,,0.0,9.999999999999999e-111,0.0,6e-95,3e-117,9.999999999999999e-43,9e-255,9.999999999999999e-85,0.0,0.0,0.0,,,,,,,free_Chol_in_s1
23550,Triglycerides in Small LDL,Metabolites,0.00627,0.86724,0.01698,0.00356,0.00224,0.05936,0.00154,0.0005,0.02888,0.00539,0.00262,0.00235,0.00308,,,,,,,1e-280,,0.0,4.999999999999999e-218,3e-138,0.0,6e-105,2e-27,0.0,0.0,5e-169,2e-140,8e-207,,,,,,,TG_in_s_LDL
23551,Concentration of Very Large HDL Particles,Metabolites,0.00297,0.71373,0.00161,0.00521,0.00084,0.10404,0.00049,0.00041,0.15663,0.00195,0.00115,0.00051,0.01046,,,,,,,1.0000000000000001e-81,,5.0000000000000005e-99,0.0,5e-59,0.0,3e-41,3e-27,0.0,1e-158,1.0000000000000001e-88,3e-30,0.0,,,,,,,conc_of_very_l1
23552,Total Lipids in Very Large HDL,Metabolites,0.00271,0.69417,0.0011,0.00523,0.00133,0.11013,0.00046,0.00056,0.16495,0.00221,0.00288,0.00131,0.01296,,,,,,,1e-98,,7e-46,0.0,3e-100,0.0,2e-40,1.0000000000000001e-39,0.0,9e-185,3e-234,3e-94,0.0,,,,,,,T_L_in_very_l_H
23553,Phospholipids in Very Large HDL,Metabolites,0.00272,0.693,0.00145,0.00506,0.00173,0.10679,0.00066,0.0006,0.16465,0.002,0.00433,0.00185,0.01514,,,,,,,1e-104,,4e-55,0.0,8e-134,0.0,3e-57,3e-43,0.0,2e-167,0.0,9.999999999999999e-139,0.0,,,,,,,PL_in_very_l_HD
23554,Cholesterol in Very Large HDL,Metabolites,0.00258,0.70127,0.00066,0.0054,0.00077,0.11731,0.00011,0.0005,0.15811,0.00282,0.00121,0.00084,0.00842,,,,,,,1.9999999999999998e-97,,4e-19,0.0,5e-55,0.0,4e-11,2.0000000000000003e-34,0.0,6e-233,1e-94,3.9999999999999997e-56,0.0,,,,,,,Chol_in_very_l1
23555,Cholesteryl Esters in Very Large HDL,Metabolites,0.00254,0.69093,0.0007,0.00536,0.00042,0.1223,9e-05,0.00049,0.16575,0.00293,0.0005,0.00031,0.0077,,,,,,,9.999999999999999e-92,,1e-21,0.0,2e-27,0.0,7e-09,1.0000000000000001e-34,0.0,4e-245,1e-37,2e-16,0.0,,,,,,,chol_este_in_v2
23556,Free Cholesterol in Very Large HDL,Metabolites,0.00263,0.75534,0.0005,0.00544,0.00415,0.08912,0.00024,0.00054,0.11668,0.0027,0.00708,0.00543,0.01015,,,,,,,3.0000000000000003e-107,,2e-11,0.0,7.000000000000001e-304,0.0,6e-20,1.0000000000000001e-34,0.0,3e-207,0.0,0.0,0.0,,,,,,,free_Chol_in_v2
23557,Triglycerides in Very Large HDL,Metabolites,0.00544,0.93136,0.02137,0.00303,0.00201,0.00267,0.00474,0.00043,0.01024,0.00259,0.00325,0.00091,0.01195,,,,,,,6.9999999999999994e-279,,0.0,2e-170,5e-114,8e-168,8e-296,6e-21,0.0,3e-161,9e-196,2.9999999999999997e-44,0.0,,,,,,,TG_in_very_l_HD
23558,Concentration of Large HDL Particles,Metabolites,0.00308,0.6726,0.00178,0.00439,0.00089,0.11386,0.00015,0.00048,0.19149,0.00208,0.00093,0.00021,0.00805,,,,,,,1e-96,,1e-105,0.0,2e-67,0.0,5e-15,5e-35,0.0,1e-179,2.0000000000000002e-75,1e-09,0.0,,,,,,,conc_of_l_HDL_p
23559,Total Lipids in Large HDL,Metabolites,0.003,0.65909,0.00229,0.00411,0.001,0.10963,0.00028,0.00057,0.20611,0.00185,0.00082,0.00026,0.011,,,,,,,3e-109,,4e-132,0.0,2e-78,0.0,4.9999999999999996e-26,5e-43,0.0,2.0000000000000002e-163,8e-68,5e-14,0.0,,,,,,,T_L_in_l_HDL
23560,Phospholipids in Large HDL,Metabolites,0.00296,0.67561,0.00299,0.00363,0.00123,0.09604,0.00038,0.00064,0.20161,0.00146,0.00107,0.00045,0.01192,,,,,,,2e-106,,3.0000000000000002e-183,2e-291,7e-96,0.0,2.0000000000000003e-34,7e-48,0.0,5e-126,3e-87,4.0000000000000003e-28,0.0,,,,,,,PL_in_l_HDL
23561,Cholesterol in Large HDL,Metabolites,0.00279,0.65951,0.00119,0.00471,0.00062,0.12505,6e-05,0.00052,0.19477,0.00264,0.00052,0.00012,0.00751,,,,,,,4e-106,,1.0000000000000001e-39,0.0,3e-46,0.0,2e-06,1e-38,0.0,4e-232,5e-42,0.0003,0.0,,,,,,,Chol_in_l_HDL
23562,Cholesteryl Esters in Large HDL,Metabolites,0.00275,0.66169,0.00106,0.0048,0.00058,0.1285,2e-05,0.00049,0.19006,0.00292,0.00058,0.00013,0.00641,,,,,,,1e-102,,9.999999999999999e-27,0.0,5e-43,0.0,0.005,4e-36,0.0,1e-255,5e-47,8e-05,0.0,,,,,,,chol_este_in_l2
23563,Free Cholesterol in Large HDL,Metabolites,0.00293,0.67314,0.00177,0.00431,0.00079,0.10773,0.00027,0.00058,0.1955,0.00176,0.00067,8e-05,0.01047,,,,,,,1e-111,,9e-100,0.0,4e-59,0.0,6.9999999999999995e-25,4e-43,0.0,8.999999999999999e-152,2e-53,0.02,0.0,,,,,,,free_Chol_in_l2
23564,Triglycerides in Large HDL,Metabolites,0.00507,0.89491,0.02125,0.00302,0.00271,0.00097,0.00566,0.00032,0.04279,0.00112,0.00435,0.00035,0.01748,,,,,,,9.999999999999999e-223,,0.0,3e-177,7e-164,1e-64,0.0,3e-15,0.0,3e-73,1.0000000000000001e-274,1e-13,0.0,,,,,,,TG_in_l_HDL
23565,Concentration of Medium HDL Particles,Metabolites,0.00439,0.77604,0.00529,0.00207,0.00657,0.03426,0.0,0.00079,0.13895,0.00248,0.0169,0.00736,0.00491,,,,,,,2e-158,,0.0,6e-138,0.0,0.0,0.9,1e-51,0.0,2e-185,0.0,0.0,0.0,,,,,,,conc_of_m_HDL_p
23566,Total Lipids in Medium HDL,Metabolites,0.00463,0.79242,0.00596,0.00187,0.00692,0.02349,5e-05,0.0009,0.13043,0.00279,0.01565,0.00802,0.00687,,,,,,,1e-180,,0.0,1e-120,0.0,0.0,6e-05,2e-58,0.0,2e-204,0.0,0.0,0.0,,,,,,,T_L_in_m_HDL
23567,Phospholipids in Medium HDL,Metabolites,0.00499,0.81426,0.00712,0.00171,0.0068,0.01331,0.00022,0.00101,0.11734,0.00314,0.01307,0.00757,0.00946,,,,,,,2e-213,,0.0,5e-106,0.0,0.0,4e-17,2e-64,0.0,1e-223,0.0,0.0,0.0,,,,,,,PL_in_m_HDL
23568,Cholesterol in Medium HDL,Metabolites,0.00349,0.75995,0.00296,0.0022,0.00656,0.04731,0.0001,0.00076,0.14531,0.0029,0.0175,0.00796,0.003,,,,,,,2e-93,,3.9999999999999996e-190,2e-150,0.0,0.0,1e-09,9.999999999999999e-51,0.0,2.9999999999999997e-221,0.0,0.0,1.9999999999999999e-230,,,,,,,Chol_in_m_HDL
23569,Cholesteryl Esters in Medium HDL,Metabolites,0.00335,0.76492,0.00237,0.00221,0.0065,0.04841,0.0002,0.00072,0.13992,0.00309,0.01806,0.00783,0.00243,,,,,,,2e-87,,2.0000000000000002e-145,2e-150,0.0,0.0,6e-17,2e-47,0.0,4e-234,0.0,0.0,6e-186,,,,,,,chol_este_in_m2
23570,Free Cholesterol in Medium HDL,Metabolites,0.00393,0.75197,0.00616,0.00226,0.00656,0.04101,2e-05,0.00088,0.1574,0.00205,0.01444,0.00799,0.00533,,,,,,,2.9999999999999997e-140,,0.0,2e-156,0.0,0.0,0.008,1.0000000000000001e-60,0.0,3e-158,0.0,0.0,0.0,,,,,,,free_Chol_in_m2
23571,Triglycerides in Medium HDL,Metabolites,0.00529,0.90322,0.01813,0.00418,0.00253,0.0377,0.00377,0.00058,0.00312,0.00521,0.00484,0.0008,0.01064,,,,,,,1e-300,,0.0,5e-248,1e-150,0.0,2.9999999999999996e-243,7.000000000000001e-31,2e-06,0.0,6e-303,1.0000000000000001e-39,0.0,,,,,,,TG_in_m_HDL
23572,Concentration of Small HDL Particles,Metabolites,0.00321,0.86123,0.01239,0.00436,0.01653,0.00381,0.00194,0.00084,0.00974,0.00291,0.05438,0.0242,0.00445,,,,,,,9.999999999999999e-143,,0.0,2e-273,0.0,2.9999999999999997e-258,1e-132,1.0000000000000001e-49,6e-320,7e-196,0.0,0.0,1e-300,,,,,,,conc_of_s_HDL_p
23573,Total Lipids in Small HDL,Metabolites,0.00517,0.87458,0.01327,0.00471,0.01424,0.00987,0.00032,0.00093,0.01159,0.00464,0.04032,0.0203,6e-05,,,,,,,2.9999999999999997e-260,,0.0,6e-292,0.0,0.0,3e-23,2.9999999999999995e-54,0.0,4.0000000000000004e-307,0.0,0.0,3e-05,,,,,,,T_L_in_s_HDL
23574,Phospholipids in Small HDL,Metabolites,0.00608,0.88467,0.01264,0.00434,0.01216,0.00885,5e-05,0.00101,0.01751,0.00532,0.0299,0.01674,0.00074,,,,,,,2e-311,,0.0,1e-264,0.0,0.0,0.0001,2e-58,0.0,0.0,0.0,0.0,9.999999999999999e-51,,,,,,,PL_in_s_HDL
23575,Cholesterol in Small HDL,Metabolites,0.00275,0.85434,0.01018,0.00395,0.01754,0.00068,0.00217,0.0008,0.01314,0.00302,0.06153,0.02509,0.00481,,,,,,,7e-108,,0.0,1e-248,0.0,6e-48,5.9999999999999994e-149,2.9999999999999997e-47,0.0,3e-205,0.0,0.0,0.0,,,,,,,Chol_in_s_HDL
23576,Cholesteryl Esters in Small HDL,Metabolites,0.00231,0.86395,0.00789,0.0038,0.01601,0.00087,0.00317,0.00067,0.00689,0.00304,0.06192,0.02225,0.00724,,,,,,,3e-67,,3.0000000000000003e-296,2e-235,0.0,2.0000000000000002e-60,9.000000000000001e-215,3e-38,4e-260,7e-204,0.0,0.0,0.0,,,,,,,chol_este_in_s2
23577,Free Cholesterol in Small HDL,Metabolites,0.00404,0.84185,0.01952,0.00416,0.01715,0.00013,0.00015,0.00104,0.03816,0.00267,0.04442,0.02654,0.00018,,,,,,,3e-226,,0.0,2e-266,0.0,8e-11,1e-11,9.999999999999999e-64,0.0,5e-184,0.0,0.0,6e-14,,,,,,,free_Chol_in_s2
23578,Triglycerides in Small HDL,Metabolites,0.00448,0.8292,0.01475,0.00512,0.00159,0.08935,0.00151,0.00052,0.04081,0.0067,0.00289,0.00195,0.00114,,,,,,,5.999999999999999e-221,,0.0,0.0,2e-100,0.0,1e-107,9e-30,0.0,0.0,3.0000000000000004e-196,1e-120,2.0000000000000002e-81,,,,,,,TG_in_s_HDL
23579,Phospholipids to Total Lipids in Chylomicrons and Extremely Large VLDL percentage,Metabolites,0.00084,0.96689,0.00469,0.00055,0.00338,0.00998,0.0,0.0002,0.00874,0.00093,0.00317,0.00046,0.00018,,,,,,,1.0000000000000001e-28,,1e-211,4e-20,6e-176,0.0,0.6,6e-07,0.0,4e-52,2e-170,2e-16,2e-11,,,,,,,PL_to_T_L_in_ch
23580,Cholesterol to Total Lipids in Chylomicrons and Extremely Large VLDL percentage,Metabolites,0.00312,0.87829,0.00057,0.00254,0.01194,0.01929,0.00468,0.00102,0.01498,0.00069,0.04556,0.00776,0.00955,,,,,,,8e-166,,5e-13,2e-143,0.0,0.0,3e-297,3e-57,0.0,2.9999999999999997e-44,0.0,0.0,0.0,,,,,,,Chol_to_T_L_in_
23581,Cholesteryl Esters to Total Lipids in Chylomicrons and Extremely Large VLDL percentage,Metabolites,0.00246,0.84277,0.00076,0.00309,0.02395,0.01031,0.0053,0.00117,0.00665,0.00068,0.08394,0.01043,0.0085,,,,,,,5e-145,,1.0000000000000001e-28,9e-185,0.0,0.0,0.0,8.999999999999999e-69,0.0,2.0000000000000003e-45,0.0,0.0,0.0,,,,,,,chol_este_to_T_
23582,Free Cholesterol to Total Lipids in Chylomicrons and Extremely Large VLDL percentage,Metabolites,0.00242,0.92904,0.00114,0.00172,0.0012,0.02614,0.00207,0.00043,0.02444,0.00045,0.00433,0.00075,0.00587,,,,,,,1e-98,,1.9999999999999998e-25,3e-87,2.9999999999999997e-62,0.0,3.0000000000000004e-125,5e-20,0.0,3e-27,2e-251,4e-33,0.0,,,,,,,free_Chol_to_T_
23583,Triglycerides to Total Lipids in Chylomicrons and Extremely Large VLDL percentage,Metabolites,0.00219,0.95186,0.00044,0.00129,0.00411,0.00642,0.00224,0.00055,0.00442,0.00012,0.01729,0.00362,0.00544,,,,,,,6e-108,,8e-08,2e-59,8.999999999999999e-222,0.0,7.999999999999999e-130,9.999999999999999e-26,8e-248,1e-07,0.0,6.9999999999999995e-189,2e-311,,,,,,,TG_to_T_L_in_ch
23584,Phospholipids to Total Lipids in Very Large VLDL percentage,Metabolites,0.00214,0.92803,0.00858,0.00143,0.01649,0.01029,0.00024,0.0004,0.00974,0.00125,0.00544,0.0144,0.00158,,,,,,,7.999999999999999e-86,,6.999999999999999e-209,1.0000000000000001e-72,0.0,0.0,1e-16,5e-19,1e-308,5.0000000000000004e-77,0.0,0.0,1e-98,,,,,,,PL_to_T_L_in_ve
23585,Cholesterol to Total Lipids in Very Large VLDL percentage,Metabolites,0.00921,0.81518,0.00685,0.00401,0.00164,0.07586,0.00667,0.0004,0.06614,0.00578,0.0044,0.00014,0.00373,,,,,,,0.0,,0.0,5e-262,4e-105,0.0,0.0,3e-22,0.0,0.0,2e-302,0.0004,1e-263,,,,,,,Chol_to_T_L_in1
23586,Cholesteryl Esters to Total Lipids in Very Large VLDL percentage,Metabolites,0.00969,0.80879,0.00781,0.00389,0.0025,0.07541,0.0069,0.00053,0.06414,0.00587,0.00727,0.00146,0.00573,,,,,,,0.0,,0.0,3e-256,1.0000000000000001e-165,0.0,0.0,3.0000000000000003e-31,0.0,0.0,0.0,7e-89,0.0,,,,,,,chol_este_to_T1
23587,Free Cholesterol to Total Lipids in Very Large VLDL percentage,Metabolites,0.0038,0.839,0.00205,0.00419,0.01914,0.05322,0.00331,0.00029,0.051,0.00451,0.00494,0.0145,6e-05,,,,,,,7e-117,,5e-104,4e-265,0.0,0.0,9e-227,1e-14,0.0,8.000000000000001e-307,0.0,0.0,1e-05,,,,,,,free_Chol_to_T1
23588,Triglycerides to Total Lipids in Very Large VLDL percentage,Metabolites,0.00734,0.8724,0.00357,0.00295,0.00308,0.04816,0.0064,0.00027,0.04557,0.00453,0.00281,0.00082,0.0021,,,,,,,0.0,,7e-199,3e-175,2e-189,0.0,0.0,9e-13,0.0,4e-296,2e-178,6.999999999999999e-42,1e-139,,,,,,,TG_to_T_L_in_ve
23589,Phospholipids to Total Lipids in Large VLDL percentage,Metabolites,0.00305,0.87704,0.00757,0.00267,0.00142,0.05935,2e-05,0.00042,0.04313,0.00381,0.00068,0.0006,0.00024,,,,,,,5e-95,,7e-263,8e-157,9e-83,0.0,0.008,8e-22,0.0,5.000000000000001e-249,1e-40,5e-28,3e-17,,,,,,,PL_to_T_L_in_l_
23590,Cholesterol to Total Lipids in Large VLDL percentage,Metabolites,0.00454,0.90235,0.00158,0.00269,0.01161,0.0241,0.00587,0.00036,0.03426,0.00316,0.0028,0.0052,0.00147,,,,,,,2e-177,,1e-27,1e-154,0.0,0.0,0.0,1e-17,0.0,1.0000000000000001e-202,2e-173,0.0,2.9999999999999997e-96,,,,,,,Chol_to_T_L_in2
23591,Cholesteryl Esters to Total Lipids in Large VLDL percentage,Metabolites,0.00503,0.84215,0.00149,0.00335,0.00729,0.05635,0.0042,0.00027,0.06908,0.00493,0.00181,0.00292,0.00113,,,,,,,1.0000000000000001e-163,,9e-62,3e-211,0.0,0.0,9.999999999999999e-290,7e-14,0.0,0.0,5e-119,4e-183,1e-79,,,,,,,chol_este_to_T2
23592,Free Cholesterol to Total Lipids in Large VLDL percentage,Metabolites,0.00186,0.92726,0.00612,0.00165,0.01635,0.01197,0.00656,0.00058,0.01125,0.00089,0.00531,0.00861,0.00159,,,,,,,1e-103,,4e-150,4e-87,0.0,0.0,0.0,2.0000000000000002e-29,0.0,5e-56,0.0,0.0,1e-100,,,,,,,free_Chol_to_T2
23593,Triglycerides to Total Lipids in Large VLDL percentage,Metabolites,0.00075,0.96489,0.00474,0.00137,0.01152,0.00051,0.00327,0.0005,0.00368,0.00153,0.00186,0.00494,0.00043,,,,,,,5e-25,,7e-98,2e-67,0.0,1.9999999999999998e-32,1e-197,4.0000000000000004e-24,2e-59,5e-92,1e-106,1.9999999999999998e-276,3e-27,,,,,,,TG_to_T_L_in_l_
23594,Phospholipids to Total Lipids in Medium VLDL percentage,Metabolites,0.00239,0.86741,0.00781,0.00271,0.00584,0.03479,0.00455,0.00024,0.06264,0.00343,0.00323,0.00453,0.00041,,,,,,,1e-100,,0.0,2.0000000000000002e-163,0.0,0.0,4.0000000000000005e-305,2e-11,0.0,4e-229,9.999999999999999e-210,6e-283,2.0000000000000002e-29,,,,,,,PL_to_T_L_in_m_
23595,Cholesterol to Total Lipids in Medium VLDL percentage,Metabolites,0.00397,0.81651,0.0079,0.00348,0.0027,0.07094,0.00439,0.00024,0.07945,0.00596,0.00111,0.00201,0.00132,,,,,,,4e-137,,0.0,2.0000000000000002e-226,3e-179,0.0,6e-312,2e-12,0.0,0.0,3e-74,2.0000000000000002e-126,1e-95,,,,,,,Chol_to_T_L_in3
23596,Cholesteryl Esters to Total Lipids in Medium VLDL percentage,Metabolites,0.00395,0.81726,0.00932,0.00352,0.00191,0.07352,0.00389,0.00024,0.07674,0.00594,0.00112,0.00142,0.00116,,,,,,,3e-124,,0.0,1e-228,7.000000000000001e-124,0.0,1.0000000000000001e-275,3e-12,0.0,0.0,1e-74,2e-85,2e-83,,,,,,,chol_este_to_T3
23597,Free Cholesterol to Total Lipids in Medium VLDL percentage,Metabolites,0.00335,0.83778,0.00509,0.00283,0.00553,0.05234,0.00501,0.00027,0.07299,0.00506,0.00353,0.00461,0.0016,,,,,,,1.9999999999999997e-142,,7e-254,3e-177,0.0,0.0,0.0,9e-14,0.0,0.0,9e-238,8.999999999999999e-299,1.0000000000000001e-112,,,,,,,free_Chol_to_T3
23598,Triglycerides to Total Lipids in Medium VLDL percentage,Metabolites,0.00468,0.81554,0.00626,0.00362,0.00365,0.06662,0.00505,0.00027,0.08389,0.00545,0.00138,0.00238,0.00122,,,,,,,2e-150,,0.0,4e-238,5.0000000000000004e-247,0.0,0.0,5e-14,0.0,0.0,2e-93,8e-153,4e-89,,,,,,,TG_to_T_L_in_m_
23599,Phospholipids to Total Lipids in Small VLDL percentage,Metabolites,0.00267,0.84584,0.01424,0.00282,0.00021,0.05375,0.00626,0.00032,0.05768,0.00595,0.00466,9e-05,0.0055,,,,,,,3e-77,,0.0,2e-175,2e-09,0.0,0.0,2e-16,0.0,0.0,4e-312,0.08,0.0,,,,,,,PL_to_T_L_in_s_
23600,Cholesterol to Total Lipids in Small VLDL percentage,Metabolites,0.00319,0.89449,0.01058,0.00242,0.00406,0.02788,0.00804,0.00028,0.03245,0.0049,0.00286,0.00329,0.00556,,,,,,,4e-116,,0.0,2e-139,4e-250,0.0,0.0,6e-13,0.0,4e-317,1e-179,4e-195,0.0,,,,,,,Chol_to_T_L_in4
23601,Cholesteryl Esters to Total Lipids in Small VLDL percentage,Metabolites,0.00307,0.932,0.00647,0.00209,0.00973,0.00802,0.00865,0.00044,0.01221,0.0035,0.00182,0.00776,0.00423,,,,,,,6.000000000000001e-107,,7e-309,5.9999999999999996e-114,0.0,0.0,0.0,2e-21,0.0,7.999999999999999e-218,3e-108,0.0,3e-264,,,,,,,chol_este_to_T4
23602,Free Cholesterol to Total Lipids in Small VLDL percentage,Metabolites,0.00276,0.83785,0.01421,0.0028,0.00029,0.05903,0.00557,0.00029,0.06041,0.00607,0.00467,0.00016,0.00588,,,,,,,2e-101,,0.0,3e-175,8e-14,0.0,0.0,3e-15,0.0,0.0,5e-316,7e-05,0.0,,,,,,,free_Chol_to_T4
23603,Triglycerides to Total Lipids in Small VLDL percentage,Metabolites,0.00366,0.88109,0.01104,0.00257,0.00238,0.03426,0.00894,0.00027,0.03993,0.00498,0.0033,0.00178,0.00579,,,,,,,1e-108,,0.0,6e-152,4.0000000000000004e-145,0.0,0.0,6e-13,0.0,0.0,4e-211,6e-102,0.0,,,,,,,TG_to_T_L_in_s_
23604,Phospholipids to Total Lipids in Very Small VLDL percentage,Metabolites,0.00499,0.79498,0.00588,0.00257,0.00253,0.04965,0.00091,0.00044,0.03607,0.00462,0.09493,0.0009,0.00153,,,,,,,2.0000000000000002e-162,,0.0,4e-169,6e-173,0.0,4e-68,3.9999999999999996e-26,0.0,0.0,0.0,7e-53,1e-113,,,,,,,PL_to_T_L_in_v1
23605,Cholesterol to Total Lipids in Very Small VLDL percentage,Metabolites,0.00401,0.81286,0.01276,0.00314,0.00251,0.07052,0.00134,0.0004,0.07446,0.00781,0.00458,0.00504,0.00057,,,,,,,5.0000000000000005e-175,,0.0,2e-204,3e-167,0.0,1.9999999999999998e-97,8.000000000000001e-23,0.0,0.0,1e-318,0.0,1.9999999999999998e-42,,,,,,,Chol_to_T_L_in5
23606,Cholesteryl Esters to Total Lipids in Very Small VLDL percentage,Metabolites,0.00425,0.8017,0.01407,0.00333,0.00201,0.0761,0.00067,0.00038,0.08157,0.00759,0.00425,0.004,8e-05,,,,,,,1.9999999999999998e-182,,0.0,3.9999999999999996e-221,4e-134,0.0,1.9999999999999998e-50,1e-21,0.0,0.0,2e-299,3e-269,2e-07,,,,,,,chol_este_to_T5
23607,Free Cholesterol to Total Lipids in Very Small VLDL percentage,Metabolites,0.00128,0.91604,0.00352,0.00179,0.00669,0.01255,0.0104,0.00056,0.01146,0.00492,0.0043,0.0123,0.01419,,,,,,,5.999999999999999e-62,,3e-118,2.9999999999999997e-97,0.0,0.0,0.0,7.000000000000001e-29,0.0,3e-310,8e-265,0.0,0.0,,,,,,,free_Chol_to_T5
23608,Triglycerides to Total Lipids in Very Small VLDL percentage,Metabolites,0.0036,0.82134,0.01193,0.0032,0.00387,0.06389,0.00279,0.00046,0.07284,0.00793,0.00127,0.00647,0.00042,,,,,,,2.9999999999999998e-151,,0.0,2e-207,4e-260,0.0,3.9999999999999995e-199,9.999999999999999e-27,0.0,0.0,9e-85,0.0,1e-31,,,,,,,TG_to_T_L_in_v1
23609,Phospholipids to Total Lipids in IDL percentage,Metabolites,0.00189,0.94861,0.00412,0.00104,0.00264,0.00065,1e-05,0.0004,0.00379,0.00114,0.0328,0.00096,0.00195,,,,,,,7e-43,,5e-204,3e-50,3e-150,7.999999999999999e-42,0.2,8e-19,2.0000000000000002e-212,2e-70,0.0,3e-46,3e-121,,,,,,,PL_to_T_L_in_ID
23610,Cholesterol to Total Lipids in IDL percentage,Metabolites,0.00207,0.87603,0.01446,0.00199,0.00051,0.04599,0.00085,0.00043,0.03443,0.00656,0.0135,0.00042,0.00278,,,,,,,3e-67,,0.0,7.9999999999999995e-115,3e-26,0.0,5.0000000000000005e-58,2e-22,0.0,0.0,0.0,4e-18,8e-185,,,,,,,Chol_to_T_L_in6
23611,Cholesteryl Esters to Total Lipids in IDL percentage,Metabolites,0.00128,0.89035,0.01892,0.00159,0.00347,0.03618,2e-05,0.00051,0.03329,0.00387,0.00812,0.00199,0.00041,,,,,,,2e-36,,0.0,4.0000000000000003e-88,3e-213,0.0,0.01,7e-27,0.0,2e-251,0.0,5.9999999999999996e-114,2.0000000000000002e-28,,,,,,,chol_este_to_T6
23612,Free Cholesterol to Total Lipids in IDL percentage,Metabolites,0.00346,0.8786,0.00101,0.00319,0.01496,0.02585,0.00778,0.00034,0.0102,0.00693,0.01743,0.02134,0.0089,,,,,,,2e-108,,1e-17,8.999999999999999e-192,0.0,0.0,0.0,6e-17,0.0,0.0,0.0,0.0,0.0,,,,,,,free_Chol_to_T6
23613,Triglycerides to Total Lipids in IDL percentage,Metabolites,0.00232,0.84329,0.01748,0.00274,0.00052,0.06662,0.00177,0.00041,0.04469,0.00965,0.00692,0.00109,0.0025,,,,,,,3e-69,,0.0,2e-170,5e-28,0.0,6e-124,4e-22,0.0,0.0,0.0,1e-61,1e-173,,,,,,,TG_to_T_L_in_ID
23614,Phospholipids to Total Lipids in Large LDL percentage,Metabolites,0.00191,0.90881,0.00842,0.00178,0.02315,0.00317,0.00169,0.00056,0.00787,0.00082,0.00338,0.03821,0.00023,,,,,,,5e-52,,0.0,4e-98,0.0,3.0000000000000002e-204,6e-110,2.0000000000000002e-29,0.0,7e-53,9.999999999999999e-210,0.0,2e-16,,,,,,,PL_to_T_L_in_l1
23615,Cholesterol to Total Lipids in Large LDL percentage,Metabolites,0.0012,0.82819,0.01144,0.00242,0.00821,0.07319,0.00019,0.00041,0.03871,0.00864,0.01468,0.00837,0.00437,,,,,,,2e-19,,0.0,8.999999999999999e-152,0.0,0.0,1e-14,9.000000000000001e-23,0.0,0.0,0.0,0.0,4.0000000000000004e-307,,,,,,,Chol_to_T_L_in7
23616,Cholesteryl Esters to Total Lipids in Large LDL percentage,Metabolites,0.00286,0.89687,0.00605,0.00195,0.02959,0.00279,0.0011,0.00086,0.00318,0.00125,0.01343,0.03813,0.00193,,,,,,,3e-77,,3e-160,3.9999999999999996e-110,0.0,9.999999999999999e-183,3e-73,3e-48,0.9,2.0000000000000002e-81,0.0,0.0,5.0000000000000006e-127,,,,,,,chol_este_to_T7
23617,Free Cholesterol to Total Lipids in Large LDL percentage,Metabolites,0.00442,0.81096,0.0112,0.00393,0.00201,0.08744,0.00232,0.00022,0.05994,0.00752,0.00401,0.00394,0.00211,,,,,,,2e-156,,0.0,2e-260,3e-132,0.0,3e-167,4e-11,0.0,0.0,9e-279,8e-262,3e-152,,,,,,,free_Chol_to_T7
23618,Triglycerides to Total Lipids in Large LDL percentage,Metabolites,0.00154,0.86192,0.02053,0.00203,0.00087,0.05841,0.00153,0.00037,0.02233,0.01159,0.01266,0.0001,0.00613,,,,,,,7e-39,,0.0,6e-120,1.0000000000000001e-49,0.0,2e-104,1e-19,0.0,0.0,0.0,0.03,0.0,,,,,,,TG_to_T_L_in_l1
23619,Phospholipids to Total Lipids in Medium LDL percentage,Metabolites,0.00754,0.93913,0.01484,0.0022,0.00632,0.00622,0.00013,0.00079,0.00472,0.00035,0.01001,0.00761,0.00013,,,,,,,0.0,,0.0,2e-119,0.0,0.0,7e-10,3.9999999999999995e-42,0.1,2e-22,0.0,0.0,1e-09,,,,,,,PL_to_T_L_in_m1
23620,Cholesterol to Total Lipids in Medium LDL percentage,Metabolites,0.0014,0.91997,0.00984,0.0017,0.00134,0.01707,0.00126,0.00054,0.01263,0.00622,0.01912,0.00212,0.00678,,,,,,,8.000000000000001e-39,,0.0,9e-92,1e-74,0.0,2.0000000000000002e-81,5e-28,0.0,0.0,0.0,4e-118,0.0,,,,,,,Chol_to_T_L_in8
23621,Cholesteryl Esters to Total Lipids in Medium LDL percentage,Metabolites,0.0104,0.89584,0.0114,0.00489,0.00272,0.03787,0.00015,0.00114,0.02853,0.00076,0.00454,0.00158,0.00018,,,,,,,0.0,,7e-244,8e-296,9.000000000000002e-165,0.0,3e-11,5.000000000000001e-66,0.0,5e-50,3e-287,1e-87,4e-13,,,,,,,chol_este_to_T8
23622,Free Cholesterol to Total Lipids in Medium LDL percentage,Metabolites,0.00753,0.81406,0.01024,0.00413,0.00088,0.08905,0.0017,0.00043,0.05151,0.00761,0.00649,8e-05,0.00629,,,,,,,0.0,,0.0,8e-273,4.9999999999999996e-54,0.0,7e-123,2.0000000000000002e-24,0.0,0.0,0.0,0.2,0.0,,,,,,,free_Chol_to_T8
23623,Triglycerides to Total Lipids in Medium LDL percentage,Metabolites,0.00136,0.89672,0.01976,0.00126,0.0008,0.03397,0.00265,0.00033,0.01136,0.00916,0.01256,9e-05,0.00997,,,,,,,9.999999999999999e-43,,0.0,5e-67,3e-43,0.0,3e-173,2e-16,0.0,0.0,0.0,0.1,0.0,,,,,,,TG_to_T_L_in_m1
23624,Phospholipids to Total Lipids in Small LDL percentage,Metabolites,0.00279,0.85181,0.01123,0.00381,0.00699,0.0237,2e-05,0.0003,0.02039,0.00016,0.07542,0.00322,0.00016,,,,,,,5e-83,,6e-179,9e-240,0.0,0.0,0.03,3e-15,0.0,9e-12,0.0,4e-201,1e-12,,,,,,,PL_to_T_L_in_s1
23625,Cholesterol to Total Lipids in Small LDL percentage,Metabolites,0.00063,0.85999,0.01529,0.00273,0.00539,0.0056,0.0034,0.00019,0.0082,0.00481,0.08546,0.00157,0.00673,,,,,,,1.0000000000000001e-23,,0.0,4e-166,0.0,0.0,5.999999999999999e-231,2e-08,4e-205,5e-324,0.0,5e-91,0.0,,,,,,,Chol_to_T_L_in9
23626,Cholesteryl Esters to Total Lipids in Small LDL percentage,Metabolites,0.0052,0.88742,0.01366,0.00415,0.00512,0.02412,0.00022,0.00043,0.01785,0.00022,0.03692,0.00277,0.00193,,,,,,,4.0000000000000005e-237,,4.0000000000000005e-214,2e-251,0.0,0.0,3e-16,2e-22,0.0,7e-15,0.0,9e-164,8.999999999999999e-128,,,,,,,chol_este_to_T9
23627,Free Cholesterol to Total Lipids in Small LDL percentage,Metabolites,0.0063,0.8656,0.00948,0.00222,0.00273,0.05444,0.0019,0.00028,0.02189,0.00668,0.01179,0.00032,0.01636,,,,,,,5e-324,,0.0,3.0000000000000005e-131,2e-170,0.0,1.9999999999999999e-128,7e-14,0.0,0.0,0.0,2e-12,0.0,,,,,,,free_Chol_to_T9
23628,Triglycerides to Total Lipids in Small LDL percentage,Metabolites,0.0047,0.85583,0.01388,0.00213,0.00087,0.0603,0.00498,0.00025,0.0317,0.00728,0.00554,0.00019,0.01235,,,,,,,1e-198,,0.0,2e-127,1.9999999999999998e-50,0.0,0.0,5e-12,0.0,0.0,0.0,4e-06,0.0,,,,,,,TG_to_T_L_in_s1
23629,Phospholipids ratio VLHDL,Metabolites,0.00113,0.77094,0.00498,0.00284,0.00438,0.04532,0.00215,0.00066,0.11539,0.00067,0.01578,0.00553,0.03023,,,,,,,2.9999999999999998e-55,,2e-153,1.9999999999999999e-193,0.0,0.0,3e-162,3.9999999999999995e-42,0.0,9.999999999999999e-51,0.0,0.0,0.0,,,,,,,PL_to_vlhd
23630,Cholesterol ratio VLHDL,Metabolites,0.00195,0.81217,0.00942,0.00197,0.0047,0.01317,0.00628,0.00059,0.08217,0.00049,0.02095,0.00408,0.04207,,,,,,,2.0000000000000002e-72,,0.0,1e-123,0.0,0.0,0.0,3e-35,0.0,1e-35,0.0,1e-270,0.0,,,,,,,Chol_to_vlhd
23631,Cholesteryl Esters to Total Lipids in Very Large HDL percentage,Metabolites,0.00081,0.87099,0.00908,0.00212,0.0118,0.01883,0.00636,0.00046,0.00168,0.00365,0.03736,0.0134,0.02346,,,,,,,2.0000000000000002e-28,,0.0,2.0000000000000003e-124,0.0,0.0,0.0,2.0000000000000002e-24,1.0000000000000001e-60,2e-242,0.0,0.0,0.0,,,,,,,chol_este_to_10
23632,Free Cholesterol to Total Lipids in Very Large HDL percentage,Metabolites,0.00209,0.67491,0.00278,0.00333,0.0011,0.09447,0.00122,0.00054,0.19859,0.00111,0.00042,0.00078,0.01865,,,,,,,1e-57,,9e-149,3e-265,9.999999999999999e-85,0.0,2.9999999999999997e-106,2.0000000000000002e-39,0.0,1e-95,1.9999999999999998e-32,9e-54,0.0,,,,,,,free_Chol_to_10
23633,Triglycerides to Total Lipids in Very Large HDL percentage,Metabolites,0.00377,0.77436,0.01015,0.00456,0.00173,0.09917,0.00101,0.00062,0.09291,0.00477,0.00256,0.00306,0.00133,,,,,,,1e-156,,0.0,5e-320,7.000000000000001e-119,0.0,7e-78,2.0000000000000002e-39,0.0,0.0,2e-185,1e-210,2e-101,,,,,,,TG_to_T_L_in_v2
23634,Phospholipids to Total Lipids in Large HDL percentage,Metabolites,0.00186,0.79072,0.00659,0.00544,0.00126,0.12441,0.00081,0.00028,0.05523,0.00838,0.00249,0.00247,4e-05,,,,,,,2.9999999999999997e-44,,0.0,0.0,1.0000000000000001e-82,0.0,2e-61,4e-15,0.0,0.0,1e-176,3e-164,0.0001,,,,,,,PL_to_T_L_in_l2
23635,Cholesterol to Total Lipids in Large HDL percentage,Metabolites,0.00118,0.78534,0.00547,0.00443,0.00039,0.11427,0.00128,0.00025,0.07854,0.00648,0.0016,0.00065,0.00011,,,,,,,1.0000000000000001e-24,,0.0,1e-304,8e-22,0.0,5.9999999999999994e-96,4e-13,0.0,0.0,1.0000000000000001e-112,2.9999999999999998e-36,1e-09,,,,,,,Chol_to_T_L_i10
23636,Cholesteryl Esters to Total Lipids in Large HDL percentage,Metabolites,0.00122,0.80007,0.007,0.0046,0.00059,0.11348,0.00211,0.00026,0.05971,0.00729,0.00307,0.00037,0.00021,,,,,,,1e-35,,0.0,8e-311,1.0000000000000001e-34,0.0,2.9999999999999996e-154,7e-14,0.0,0.0,3e-215,3e-17,4e-17,,,,,,,chol_este_to_11
23637,Free Cholesterol to Total Lipids in Large HDL percentage,Metabolites,0.00139,0.81706,0.00079,0.00329,0.00196,0.0442,0.00061,0.00073,0.10773,0.00172,0.00505,0.00211,0.01335,,,,,,,4e-58,,9.999999999999999e-33,5e-213,5.0000000000000006e-127,0.0,9.000000000000001e-45,8.000000000000001e-45,0.0,5e-122,0.0,1e-132,0.0,,,,,,,free_Chol_to_11
23638,Triglycerides to Total Lipids in Large HDL percentage,Metabolites,0.00236,0.8028,0.00883,0.00427,0.00061,0.0858,0.00237,0.00075,0.08571,0.0049,0.00128,0.00017,0.00015,,,,,,,1.9999999999999999e-115,,0.0,9.999999999999999e-288,2.9999999999999998e-36,0.0,9e-173,9e-47,0.0,0.0,8.000000000000001e-88,1e-05,9e-13,,,,,,,TG_to_T_L_in_l2
23639,Phospholipids to Total Lipids in Medium HDL percentage,Metabolites,0.00229,0.72527,0.00159,0.00537,0.00503,0.12433,0.00396,0.00049,0.07962,0.00725,0.03427,0.00367,0.00685,,,,,,,2e-57,,2e-94,0.0,0.0,0.0,8e-318,9.999999999999999e-33,0.0,0.0,0.0,3.0000000000000003e-274,0.0,,,,,,,PL_to_T_L_in_m2
23640,Cholesterol to Total Lipids in Medium HDL percentage,Metabolites,0.00253,0.77923,0.00518,0.00459,0.00297,0.1043,0.00375,0.00038,0.06906,0.00708,0.01485,0.00194,0.00414,,,,,,,4e-103,,9e-280,1e-320,2e-208,0.0,4e-280,1e-22,0.0,0.0,0.0,9.999999999999999e-129,4.000000000000003e-309,,,,,,,Chol_to_T_L_i11
23641,Cholesteryl Esters to Total Lipids in Medium HDL percentage,Metabolites,0.00302,0.82329,0.00922,0.00475,0.00274,0.08626,0.00516,0.00046,0.03573,0.00699,0.01409,0.00099,0.00732,,,,,,,2e-155,,0.0,2e-313,7.000000000000001e-181,0.0,0.0,1.9999999999999998e-26,0.0,0.0,0.0,1.9999999999999999e-56,0.0,,,,,,,chol_este_to_12
23642,Free Cholesterol to Total Lipids in Medium HDL percentage,Metabolites,0.00254,0.69652,0.0044,0.00372,0.0046,0.08111,4e-05,0.00078,0.18777,0.00205,0.00853,0.00581,0.00215,,,,,,,3e-78,,1e-319,1.9999999999999998e-289,0.0,0.0,3e-05,4e-57,0.0,5e-171,0.0,0.0,1e-180,,,,,,,free_Chol_to_12
23643,Triglycerides to Total Lipids in Medium HDL percentage,Metabolites,0.00368,0.8182,0.01032,0.00447,0.002,0.08439,0.00375,0.00052,0.05746,0.00601,0.00542,0.00127,0.00252,,,,,,,7.000000000000001e-183,,0.0,1e-296,9.999999999999999e-131,0.0,3e-267,1.9999999999999998e-30,0.0,0.0,0.0,7e-76,2e-180,,,,,,,TG_to_T_L_in_m2
23644,Phosphlipid ratio SHDL,Metabolites,0.00464,0.82407,0.00857,0.00112,0.00603,0.00033,0.00478,0.00144,0.05752,0.00198,0.03541,0.00378,0.05034,,,,,,,9e-235,,0.0,7e-65,0.0,3.9999999999999997e-25,0.0,2.9999999999999997e-93,0.0,1e-139,0.0,4e-247,0.0,,,,,,,phos_to_shdl
23645,Cholesterol ratio SHLD,Metabolites,0.00451,0.85876,0.01195,0.00297,0.00487,0.03966,0.00648,0.00063,0.00117,0.00661,0.02892,0.00266,0.03081,,,,,,,4.0000000000000004e-278,,0.0,4.9999999999999996e-182,0.0,0.0,0.0,1e-35,8e-70,0.0,0.0,1.0000000000000001e-162,0.0,,,,,,,Chol_to_shld
23646,Cholesteryl Esters to Total Lipids in Small HDL percentage,Metabolites,0.00432,0.88494,0.01645,0.00276,0.00352,0.01798,0.00721,0.00058,0.00227,0.00539,0.02411,0.00103,0.02944,,,,,,,1e-256,,0.0,6e-163,1e-217,0.0,0.0,1e-31,8.999999999999999e-128,0.0,0.0,2.9999999999999995e-54,0.0,,,,,,,chol_este_to_13
23647,Free Cholesterol to Total Lipids in Small HDL percentage,Metabolites,0.00242,0.83976,0.0073,0.00422,0.0033,0.05438,0.00025,0.0003,0.07715,0.00166,0.00357,0.00533,0.00035,,,,,,,2e-61,,0.0,4.0000000000000004e-271,6e-215,0.0,8e-19,1e-15,0.0,6.9999999999999995e-115,6e-240,0.0,4.9999999999999996e-26,,,,,,,free_Chol_to_13
23648,Triglycerides to Total Lipids in Small HDL percentage,Metabolites,0.0037,0.79373,0.01054,0.004,0.00096,0.0943,0.00286,0.00051,0.07653,0.0065,0.00439,0.00046,0.00153,,,,,,,7.999999999999999e-128,,0.0,2.9999999999999996e-272,2e-61,0.0,5e-211,9.999999999999999e-31,0.0,0.0,1e-313,3e-23,2e-113,,,,,,,TG_to_T_L_in_s2
30000,Leukocyte count,Cell counts,0.01257,0.82988,0.00596,0.00379,,0.03572,0.00026,0.00107,0.00247,0.04969,,,0.05656,0.00158,0.00046,,,,,0.0,,0.0,0.0,,0.0,1e-33,1e-121,2.0000000000000002e-28,0.0,,,0.0,2e-176,2e-55,,,,,leuk_coun
30010,Red blood cell (erythrocyte) count,Cell counts,0.00634,0.71441,0.0055,0.0059,,0.0182,0.00037,0.00075,0.23906,0.00229,,,0.00448,0.00162,0.00108,,,,,2e-245,,8e-133,0.0,,0.0,2.9999999999999995e-54,1.9999999999999998e-97,0.0,0.0,,,0.0,8e-213,1.9999999999999997e-152,,,,,red_bloo_cell_e
30020,Haemoglobin concentration,Cell counts,0.00696,0.62472,0.00668,0.0036,,0.00461,0.00038,0.0014,0.33932,0.0046,,,0.00441,0.0021,0.00122,,,,,0.0,,0.0,0.0,,0.0,8e-64,1e-216,0.0,0.0,,,0.0,0.0,2e-197,,,,,haem_conc
30030,Haematocrit percentage,Cell counts,0.00287,0.65289,0.00605,0.00887,,0.00504,0.00085,0.00124,0.30127,0.00482,,,0.00599,0.00331,0.00679,,,,,2.9999999999999995e-244,,0.0,0.0,,0.0,1e-134,2e-183,0.0,0.0,,,0.0,0.0,0.0,,,,,haem_pct
30040,Mean corpuscular volume,Cell counts,0.04297,0.85494,0.01133,0.01191,,0.01587,0.00025,0.00101,0.00394,0.01896,,,0.00014,0.00658,0.0321,,,,,0.0,,0.0,0.0,,0.0,3.0000000000000003e-31,9.999999999999999e-111,0.0,0.0,,,2e-18,0.0,0.0,,,,,mean_corp_volu
30050,Mean corpuscular haemoglobin,Cell counts,0.04856,0.89226,0.00661,0.00596,,0.01212,0.0,0.00365,0.01088,0.01325,,,4e-05,0.00599,0.00069,,,,,0.0,,0.0,0.0,,0.0,0.5,0.0,0.0,0.0,,,2e-05,0.0,2e-78,,,,,mean_corp_haem
30060,Mean corpuscular haemoglobin concentration,Cell counts,0.01117,0.81226,0.00116,0.03035,,7e-05,0.00087,0.02609,0.0127,2e-05,,,0.00108,0.03347,0.07076,,,,,0.0,,1e-79,0.0,,2e-10,8e-111,0.0,0.0,0.002,,,3e-137,0.0,0.0,,,,,mean_corp_haem_
30070,Red blood cell (erythrocyte) distribution width,Cell counts,0.01214,0.92177,0.00785,0.00247,,0.0078,0.00127,0.00355,0.00394,0.00387,,,0.0,0.00087,0.03446,,,,,0.0,,0.0,2e-252,,0.0,5.9999999999999995e-142,0.0,5.9999999999999994e-149,0.0,,,0.5,4.0000000000000003e-81,0.0,,,,,red_bloo_cell_1
30080,Platelet count,Cell counts,0.00244,0.9178,0.00499,0.01539,,0.00177,0.0,0.00023,0.0531,0.00101,,,0.00037,0.00277,0.00013,,,,,7e-110,,0.0,0.0,,1e-197,0.7,1e-19,0.0,3e-112,,,8e-43,3.9999999999999995e-287,9e-14,,,,,plat_coun
30090,Platelet crit,Cell counts,0.00201,0.88,0.00802,0.02091,,0.00369,0.0,0.00086,0.07691,0.00181,,,0.00041,0.00467,0.00071,,,,,4e-116,,0.0,0.0,,0.0,0.3,2.9999999999999997e-91,0.0,2e-208,,,1.0000000000000001e-49,0.0,1e-80,,,,,plat_crit
30100,Mean platelet (thrombocyte) volume,Cell counts,0.00345,0.98157,0.0015,0.00176,,0.00065,2e-05,0.00205,0.00153,0.00019,,,1e-05,0.0018,0.00547,,,,,5e-170,,1.9999999999999998e-110,3e-164,,2e-69,0.003,2e-201,2e-139,3e-20,,,0.1,5e-169,0.0,,,,,mean_plat_thro_
30110,Platelet distribution width,Cell counts,0.00272,0.95163,0.00272,0.00486,,0.00153,0.00057,0.00138,0.01905,0.00127,,,0.00124,0.00149,0.01154,,,,,8e-113,,2.0000000000000002e-254,0.0,,1e-164,3.9999999999999997e-63,1e-137,0.0,4.9999999999999994e-136,,,2e-134,3.9999999999999994e-142,0.0,,,,,plat_dist_widt
30120,Lymphocyte count,Cell counts,0.00622,0.85485,0.00113,0.00306,,0.02411,0.00076,0.00063,0.01051,0.02762,,,0.06982,0.00107,0.00021,,,,,0.0,,6e-33,0.0,,0.0,4e-92,1.0000000000000001e-66,0.0,0.0,,,0.0,1e-111,6e-25,,,,,lymp_coun
30130,Monocyte count,Cell counts,0.00687,0.86588,0.00991,0.00276,,0.01333,0.00083,0.00274,0.04717,0.00697,,,0.02718,0.00187,0.01449,,,,,0.0,,0.0,1e-302,,0.0,1e-98,4.000000000000003e-309,0.0,0.0,,,0.0,5e-201,0.0,,,,,mono_coun
30140,Neutrophill count,Cell counts,0.01964,0.88334,0.00858,0.00251,,0.02095,8e-05,0.0014,0.00451,0.03301,,,0.02307,0.0013,0.00162,,,,,0.0,,0.0,6.000000000000001e-268,,0.0,8e-11,8e-151,3e-64,0.0,,,0.0,2e-132,7e-185,,,,,neut_coun
30150,Eosinophill count,Cell counts,0.00501,0.94876,0.00032,0.00918,,0.01238,5e-05,0.00086,0.01003,0.00615,,,0.0045,0.00244,0.00031,,,,,1e-179,,4e-08,0.0,,0.0,2e-06,2.0000000000000002e-81,0.0,0.0,,,0.0,1e-234,3e-32,,,,,eosi_coun
30160,Basophill count,Cell counts,0.00122,0.69313,0.00139,0.15224,,0.00231,0.0004,0.03225,0.002,0.00799,,,0.01564,0.08903,0.00239,,,,,1e-40,,1e-57,0.0,,2e-242,2e-43,0.0,1.9999999999999997e-142,0.0,,,0.0,0.0,4e-247,,,,,baso_coun
30170,Nucleated red blood cell count,Cell counts,0.01017,0.89083,0.00977,0.01248,,0.00431,3e-05,0.01518,0.00602,0.01086,,,0.02565,0.0094,0.00529,,,,,4e-08,,0.3,5e-07,,3e-06,0.7,5e-12,0.0002,9e-13,,,3.9999999999999996e-30,0.0002,6e-06,,,,,nucl_red_bloo_c
30180,Lymphocyte percentage,Cell counts,0.01647,0.93892,0.01055,0.0012,,5e-05,0.00031,0.00105,0.02227,0.0003,,,0.00811,0.00022,0.00056,,,,,0.0,,0.0,1e-113,,7e-07,7e-35,2e-104,0.0,9.999999999999999e-33,,,0.0,2e-14,1e-59,,,,,lymp_pct
30190,Monocyte percentage,Cell counts,0.00228,0.90903,0.00528,0.00077,,0.0002,0.00187,0.00489,0.04904,0.00583,,,1e-05,0.00131,0.01949,,,,,9.999999999999999e-173,,0.0,5.9999999999999995e-71,,6e-24,9.999999999999999e-210,0.0,0.0,0.0,,,0.04,3.9999999999999995e-130,0.0,,,,,mono_pct
30200,Neutrophill percentage,Cell counts,0.01741,0.96305,0.00551,0.00158,,0.0,5e-05,0.00104,0.00368,0.0008,,,0.00358,0.00039,0.00291,,,,,0.0,,6e-229,2e-148,,0.3,3e-06,9e-101,1.0000000000000001e-66,7e-85,,,0.0,3.9999999999999996e-30,9e-305,,,,,neut_pct
30210,Eosinophill percentage,Cell counts,0.00261,0.98025,0.00062,0.00078,,0.00355,0.0003,0.00027,0.01007,0.00018,,,0.00019,0.0002,0.00098,,,,,2.9999999999999996e-76,,1e-17,2.0000000000000002e-66,,0.0,5e-33,2e-22,0.0,3e-19,,,2e-21,2e-12,4e-100,,,,,eosi_pct
30220,Basophill percentage,Cell counts,0.00085,0.96383,0.00054,0.00529,,7e-05,7e-05,0.0096,0.00163,0.00118,,,0.00273,0.00542,0.00881,,,,,6e-41,,7.000000000000001e-23,0.0,,2e-08,2e-08,0.0,1e-154,2.0000000000000003e-124,,,3.9999999999999995e-287,0.0,0.0,,,,,baso_pct
30230,Nucleated red blood cell percentage,Cell counts,0.00497,0.9355,0.00972,0.01679,,3e-05,0.00036,0.01144,0.00414,0.00036,,,0.0031,0.00875,0.00484,,,,,0.01,,0.3,5e-10,,0.7,0.2,6e-08,0.03,0.4,,,0.0001,0.001,3e-05,,,,,nucl_red_bloo_1
30240,Reticulocyte percentage,Cell counts,0.00175,0.84738,0.00029,0.00318,,0.11548,0.00034,0.0043,0.00304,0.00154,,,0.00012,0.00334,0.01924,,,,,1e-87,,7e-13,0.0,,0.0,2.9999999999999996e-42,0.0,0.0,3.0000000000000003e-181,,,2e-16,0.0,0.0,,,,,reti_pct
30250,Reticulocyte count,Cell counts,0.00219,0.8103,0.00051,0.00358,,0.12908,0.00049,0.00401,0.02697,0.00072,,,0.00068,0.00285,0.0186,,,,,1e-156,,2e-08,0.0,,0.0,7.999999999999999e-63,0.0,0.0,8e-90,,,3e-85,0.0,0.0,,,,,reti_coun
30260,Mean reticulocyte volume,Cell counts,0.00692,0.91133,0.00746,0.02395,,0.00263,0.00333,0.00505,0.00328,0.00651,,,0.00047,0.01114,0.01794,,,,,0.0,,0.0,0.0,,7e-290,0.0,0.0,3e-284,0.0,,,7.999999999999999e-54,0.0,0.0,,,,,mean_reti_volu
30270,Mean sphered cell volume,Cell counts,0.00985,0.81789,0.00794,0.05125,,0.02027,0.00229,0.00231,0.00094,0.02077,,,0.00044,0.03146,0.03457,,,,,0.0,,0.0,0.0,,0.0,2e-281,2e-270,8e-59,0.0,,,3.9999999999999997e-56,0.0,0.0,,,,,mean_sphe_cell_
30280,Immature reticulocyte fraction,Cell counts,0.0071,0.84078,0.00163,0.02546,,0.07007,0.00089,0.009,9e-05,0.00239,,,0.00017,0.03062,0.01182,,,,,0.0,,5.0000000000000005e-158,0.0,,0.0,2e-107,0.0,0.09,7e-284,,,2e-21,0.0,0.0,,,,,imma_reti_frac
30290,High light scatter reticulocyte percentage,Cell counts,0.00445,0.81703,0.00077,0.0039,,0.14524,0.00077,0.00419,0.00189,0.00241,,,1e-05,0.00433,0.01502,,,,,0.0,,1e-67,0.0,,0.0,2e-96,0.0,5e-227,1e-293,,,0.03,0.0,0.0,,,,,high_ligh_scat_
30300,High light scatter reticulocyte count,Cell counts,0.00505,0.79025,0.00068,0.00333,,0.15839,0.00094,0.00381,0.01667,0.00159,,,0.00022,0.00378,0.01529,,,,,0.0,,7e-49,0.0,,0.0,4e-120,0.0,0.0,3e-201,,,5e-30,0.0,0.0,,,,,high_ligh_scat1
30600,Albumin,Biochemistry,0.00545,0.91353,0.02675,0.00704,,0.02201,0.00103,0.00199,0.01761,0.00201,,,0.00074,,,0.00185,,,,0.0,,0.0,0.0,,0.0,5e-104,1.0000000000000001e-187,0.0,9.999999999999999e-200,,,1.0000000000000001e-75,,,1e-166,,,,albu1
30610,Alkaline phosphatase,Biochemistry,0.00419,0.89333,0.05402,0.00337,,0.02252,0.00056,0.00102,0.01399,0.00671,,,0.0002,,,9e-05,,,,7e-143,,0.0,0.0,,0.0,9e-64,8e-105,3e-215,0.0,,,2.0000000000000002e-24,,,0.0004,,,,alka_phos
30620,Alanine aminotransferase,Biochemistry,0.00078,0.78926,0.01485,0.00261,,0.06889,8e-05,0.00368,0.1182,0.00125,,,1e-05,,,0.00039,,,,8e-27,,0.0,6e-307,,0.0,4e-12,0.0,0.0,3e-157,,,0.005,,,6e-37,,,,alan_amin
30630,Apolipoprotein A,Biochemistry,0.0057,0.76451,0.01286,0.00355,,0.06022,0.0002,0.00026,0.14793,0.00401,,,0.00043,,,0.00033,,,,8e-312,,0.0,0.0,,0.0,3e-25,8.999999999999998e-25,0.0,0.0,,,1e-52,,,6e-28,,,,apol_a
30640,Apolipoprotein B,Biochemistry,0.00163,0.95111,0.0239,0.00157,,0.00518,0.0014,0.00071,0.01189,0.00145,,,0.00103,,,0.00013,,,,4.0000000000000004e-131,,0.0,4e-146,,0.0,3e-147,4.0000000000000004e-66,4e-67,5.9999999999999996e-151,,,3e-109,,,2e-06,,,,apol_b1
30650,Aspartate aminotransferase,Biochemistry,0.0013,0.90138,0.01712,0.00053,,0.00776,0.00052,0.001,0.06708,0.0028,,,0.00028,,,0.00021,,,,2e-43,,0.0,7e-45,,0.0,2e-59,2e-101,0.0,3e-307,,,6e-33,,,7e-14,,,,aspa_amin
30660,Direct bilirubin,Biochemistry,0.00068,0.90301,0.00442,0.0006,,0.0036,0.00107,0.00123,0.07064,0.00671,,,0.00793,,,0.0001,,,,8e-19,,2.0000000000000001e-233,2e-43,,0.0,4e-102,2.9999999999999997e-106,0.0,0.0,,,0.0,,,0.001,,,,dire_bili
30670,Urea,Biochemistry,0.00385,0.87313,0.0737,0.00271,,0.00584,0.00319,0.0008,0.02371,0.00554,,,0.00731,,,0.00022,,,,3e-235,,0.0,1.9999999999999998e-287,,0.0,0.0,2.9999999999999997e-83,0.0,0.0,,,0.0,,,2e-15,,,,urea
30680,Calcium,Biochemistry,0.00084,0.95071,0.01509,0.01193,,0.00096,8e-05,0.00046,0.01594,4e-05,,,7e-05,,,0.00388,,,,3e-23,,0.0,0.0,,2e-93,2e-09,4e-37,0.0,0.0003,,,5e-08,,,0.0,,,,calc
30690,Cholesterol,Biochemistry,0.00445,0.91292,0.0301,0.00271,,0.00225,0.00041,0.00111,0.04549,0.00028,,,0.0,,,0.00029,,,,0.0,,0.0,4.0000000000000004e-274,,8.999999999999999e-246,5.999999999999999e-47,1e-111,0.0,3.0000000000000003e-31,,,0.7,,,4e-21,,,,Chol
30700,Creatinine,Biochemistry,0.00694,0.64264,0.00493,0.00121,,0.00401,8e-05,0.00045,0.33355,0.00271,,,0.0028,,,0.00067,,,,0.0,,0.0,2e-169,,0.0,5e-14,8e-62,0.0,0.0,,,0.0,,,5.0000000000000004e-89,,,,crea1
30710,C-reactive protein,Biochemistry,0.00521,0.78262,0.01509,0.00372,,0.1792,0.00179,0.00034,0.0009,0.0108,,,3e-05,,,0.0003,,,,3e-282,,0.0,0.0,,0.0,5.0000000000000003e-228,4e-36,2e-106,0.0,,,4e-05,,,5e-27,,,,c_reac_prot
30720,Cystatin C,Biochemistry,0.00443,0.73087,0.121,0.00172,,0.07345,0.00258,0.0002,0.04913,0.01548,,,0.00084,,,0.0003,,,,0.0,,0.0,5.000000000000001e-214,,0.0,0.0,5e-21,0.0,0.0,,,2e-116,,,7.999999999999999e-30,,,,cyst_c
30730,Gamma glutamyltransferase,Biochemistry,0.00386,0.8089,0.01237,0.00217,,0.0564,0.00171,0.00115,0.10844,0.00449,,,1e-05,,,0.00048,,,,8e-247,,0.0,3e-246,,0.0,6e-212,3e-132,0.0,0.0,,,0.009,,,2e-46,,,,gamm_glut
30740,Glucose,Biochemistry,0.00162,0.94025,0.01844,0.00605,,0.02784,0.00025,0.00047,0.00202,0.00019,,,4e-05,,,0.00284,,,,2.9999999999999995e-70,,0.0,0.0,,0.0,3e-26,3e-38,7.000000000000001e-187,8e-19,,,4e-05,,,5.0000000000000005e-255,,,,gluc1
30750,Glycated haemoglobin (HbA1c),Biochemistry,0.02088,0.85678,0.05588,0.00115,,0.05345,0.00031,0.00038,0.00262,0.00809,,,0.00036,,,0.0001,,,,0.0,,0.0,1.9999999999999998e-110,,0.0,2.9999999999999998e-36,5e-35,1e-236,0.0,,,1e-41,,,6e-05,,,,glyc_haem_hba1
30760,HDL cholesterol,Biochemistry,0.00562,0.69727,0.00496,0.00399,,0.10342,0.0002,0.00067,0.17863,0.00492,,,3e-05,,,0.00028,,,,6e-313,,0.0,0.0,,0.0,2.0000000000000002e-28,6e-79,0.0,0.0,,,1e-05,,,7e-26,,,,HDL_Chol1
30770,IGF-1,Biochemistry,0.00488,0.89666,0.06326,0.00192,,0.01875,0.00199,0.00076,0.00923,0.00222,,,4e-05,,,0.0003,,,,2e-141,,0.0,3e-192,,0.0,7.999999999999999e-221,4e-76,0.0,2.9999999999999995e-244,,,2e-05,,,7.000000000000001e-23,,,,igf_1
30780,LDL direct,Biochemistry,0.00285,0.94338,0.02613,0.00258,,0.00015,0.00059,0.00098,0.02134,0.00105,,,0.00058,,,0.00038,,,,9e-236,,0.0,2e-251,,6e-17,9e-64,6e-94,0.0,6e-111,,,2e-62,,,4.0000000000000003e-29,,,,LDL_dire
30790,Lipoprotein A,Biochemistry,0.01387,0.98413,0.00042,0.00059,,0.0,0.0001,6e-05,0.00075,0.0,,,0.0,,,7e-05,,,,0.0,,4e-11,1e-35,,0.8,1e-09,0.02,3e-52,0.6,,,0.4,,,0.1,,,,lipo_a
30800,Oestradiol,Biochemistry,0.00042,0.7327,0.02827,0.00034,,0.00275,0.0,0.00011,0.23453,0.00042,,,0.00023,,,0.00022,,,,0.0007,,0.0,0.02,,2e-62,0.6,0.4,0.0,5e-10,,,1e-06,,,0.3,,,,oest
30810,Phosphate,Biochemistry,0.00136,0.83719,0.00751,0.01822,,0.00577,0.00023,0.00104,0.06143,0.00363,,,0.06165,,,0.00197,,,,6e-85,,0.0,0.0,,0.0,3e-26,2e-104,0.0,0.0,,,0.0,,,2e-195,,,,phos2
30820,Rheumatoid factor,Biochemistry,0.00102,0.9945,0.00223,0.0009,,2e-05,1e-05,0.00018,0.00027,0.00026,,,1e-05,,,0.00061,,,,2e-05,,3e-06,0.01,,0.3,0.6,0.8,0.7,0.006,,,0.6,,,0.2,,,,rheu_fact
30830,SHBG,Biochemistry,0.00561,0.67034,0.01841,0.00089,,0.12695,1e-05,0.00024,0.17636,0.00108,,,5e-05,,,5e-05,,,,7e-276,,0.0,9e-104,,0.0,0.007,3.9999999999999996e-26,0.0,3e-145,,,8e-09,,,0.06,,,,shbg
30840,Total bilirubin,Biochemistry,0.00166,0.85464,0.00065,0.00193,,0.00975,0.00183,0.00174,0.08524,0.0135,,,0.02878,,,0.00028,,,,1e-46,,8e-47,2e-204,,0.0,8.000000000000001e-214,9.999999999999999e-191,0.0,0.0,,,0.0,,,4e-22,,,,T_bili
30850,Testosterone,Biochemistry,6e-05,0.09726,0.00136,6e-05,,0.00025,0.00026,1e-05,0.90025,0.00019,,,0.0003,,,1e-05,,,,5e-28,,0.0,6e-41,,6.999999999999999e-231,2e-242,3e-06,0.0,1e-176,,,3.9999999999999994e-279,,,0.3,,,,test
30860,Total protein,Biochemistry,0.01702,0.94716,0.00641,0.01232,,0.00014,0.00527,0.00256,0.00196,0.00528,,,5e-05,,,0.00183,,,,0.0,,0.0,0.0,,4e-15,0.0,2e-234,6e-63,0.0,,,5e-06,,,1e-158,,,,T_prot
30870,Triglycerides,Biochemistry,0.00696,0.79846,0.02003,0.00369,,0.09618,0.00431,0.00049,0.05241,0.00636,,,0.01102,,,0.00011,,,,0.0,,0.0,0.0,,0.0,0.0,4.9999999999999996e-54,0.0,0.0,,,0.0,,,1e-06,,,,TG
30880,Urate,Biochemistry,0.00159,0.60618,0.01503,0.00044,,0.09913,0.00069,0.00074,0.27481,0.00091,,,0.00028,,,0.00021,,,,2e-65,,0.0,5.0000000000000005e-58,,0.0,3.9999999999999998e-115,1e-111,0.0,1e-148,,,9e-48,,,9e-24,,,,urat
30890,Vitamin D,Biochemistry,0.04466,0.75745,0.01302,0.03118,,0.02444,0.0024,0.11787,0.00043,0.00706,,,0.00134,,,0.00015,,,,0.0,,0.0,0.0,,0.0,1.9999999999999997e-301,0.0,0.002,0.0,,,3e-169,,,2e-10,,,,vita_d
a1bg,A1BG,Proteins,0.00456,0.85672,0.02176,0.00287,,0.01691,0.00143,0.0005,0.09427,0.0,,,0.0,,,,5e-05,0.00079,0.00014,7e-19,,6e-211,1e-20,,8e-185,3e-17,0.008,0.0,0.6,,,0.7,,,,0.8,1.0,0.007,a1bg
aamdc,AAMDC,Proteins,0.00428,0.9526,0.00254,0.01985,,0.00919,4e-05,0.00342,0.00286,0.00025,,,0.00263,,,,0.00015,0.00215,3e-05,6.0000000000000005e-31,,0.0002,4e-170,,2e-89,0.2,9.999999999999999e-27,1e-07,0.0008,,,7e-27,,,,0.3,0.2,0.3,aamd
aarsd1,AARSD1,Proteins,0.00175,0.87663,0.00836,0.07455,,0.00359,0.0004,0.00967,0.0198,0.00151,,,0.00087,,,,0.0001,0.0025,0.00027,4e-07,,3e-78,0.0,,1.0000000000000001e-39,1e-05,5e-93,3e-197,1e-17,,,8e-11,,,,0.4,0.02,0.0003,aars
abca2,ABCA2,Proteins,0.00471,0.96164,0.01829,0.00286,,0.00811,0.0,0.00042,0.00167,0.00014,,,0.0005,,,,0.00013,0.00108,0.00045,7.0000000000000006e-34,,6.000000000000001e-168,7e-17,,5e-78,0.9,0.08,1e-12,0.01,,,4e-06,,,,0.3,1.0,1e-05,abca
abhd14b,ABHD14B,Proteins,0.0027,0.94677,0.00356,0.02553,,0.00547,0.00016,0.00359,0.00448,0.00021,,,0.00568,,,,0.00014,0.00166,5e-05,2e-16,,6e-26,6e-226,,5.9999999999999996e-55,0.007,1.0000000000000001e-28,8e-35,0.002,,,6e-57,,,,0.3,0.9,0.1,abhd
abl1,ABL1,Proteins,0.00244,0.91754,0.00216,0.04953,,0.01772,9e-05,0.00539,0.00128,0.0005,,,0.00064,,,,5e-05,0.00261,5e-05,1e-12,,3e-13,0.0,,6e-179,0.04,4e-47,0.0004,2e-06,,,5e-08,,,,0.8,0.02,0.1,abl1
abo,ABO,Proteins,0.00583,0.96294,1e-05,0.0017,,0.0,2e-05,0.00065,1e-05,0.00013,,,0.00012,,,,0.00118,0.02739,2e-05,7.999999999999999e-30,,0.6,2e-08,,0.7,0.4,0.002,0.6,0.02,,,0.02,,,,4e-10,2e-200,0.4,abo
abraxas2,ABRAXAS2,Proteins,0.00208,0.94895,0.00068,0.02763,,0.00479,0.0,0.00595,0.00431,0.00016,,,0.00295,,,,0.00042,0.00207,0.0,2e-08,,0.002,1e-240,,2e-47,0.9,2.0000000000000003e-49,1e-38,0.009,,,6e-30,,,,0.003,0.3,0.9,abra
acaa1,ACAA1,Proteins,0.00339,0.93741,0.00334,0.00661,,0.0345,0.00053,0.00106,0.00948,0.00145,,,0.00049,,,,0.00018,0.00136,0.0002,7e-11,,1e-05,1.9999999999999998e-50,,0.0,1e-06,2e-06,3e-65,9e-16,,,3e-06,,,,0.2,1.0,0.003,acaa
acadm,ACADM,Proteins,0.00087,0.99286,0.00053,0.00216,,0.00122,1e-05,0.0003,0.00041,0.0,,,0.00032,,,,7e-05,0.0012,4e-05,0.007,,4e-06,4e-11,,5e-13,0.4,0.3,6e-05,0.9,,,0.0002,,,,0.7,1.0,0.2,acad
acadsb,ACADSB,Proteins,0.0018,0.97611,0.0012,0.01171,,0.0016,0.00015,0.00277,0.00125,0.0,,,0.00107,,,,0.00014,0.00217,2e-05,2e-07,,0.003,5e-96,,4e-17,0.009,7e-21,0.001,0.6,,,7e-12,,,,0.3,0.2,0.3,acad1
acan,ACAN,Proteins,0.01254,0.80999,0.08387,0.00331,,0.03146,8e-05,0.00078,0.04534,0.00988,,,0.00046,,,,8e-05,0.0018,0.0004,3e-102,,0.0,3e-26,,0.0,0.04,3e-05,0.0,3e-113,,,9e-07,,,,0.5,0.3,5e-06,acan
ace,ACE,Proteins,0.00122,0.98544,0.00535,0.00056,,0.00235,4e-05,0.00022,0.00242,0.00032,,,0.0,,,,0.00036,0.00156,0.00017,5e-05,,7e-50,0.2,,5e-24,0.2,0.6,5e-22,0.0002,,,0.9,,,,0.008,0.8,0.006,ace
ace2,ACE2,Proteins,0.00414,0.73957,0.02643,0.00399,,0.06064,0.00172,0.00105,0.1475,0.01188,,,0.0002,,,,0.00011,0.00143,0.00134,1.9999999999999998e-25,,3e-304,1e-36,,0.0,6e-23,1e-08,0.0,7e-147,,,0.0009,,,,0.3,0.6,3e-18,ace2
ache,ACHE,Proteins,0.00319,0.87985,0.00571,0.00872,,0.00197,0.00025,0.00128,0.09229,0.00284,,,0.00273,,,,0.00013,0.00094,0.00012,6e-11,,9.999999999999999e-43,2.0000000000000002e-75,,3e-22,0.0006,6e-09,0.0,3.0000000000000003e-31,,,3.9999999999999996e-30,,,,0.3,1.0,0.02,ache
acot13,ACOT13,Proteins,0.00288,0.97065,0.0006,0.01386,,0.00384,1e-05,0.00223,0.00028,7e-05,,,0.00375,,,,0.0001,0.00172,0.0,6e-15,,0.0001,5.999999999999999e-116,,1e-38,0.4,4e-16,0.3,0.08,,,7e-38,,,,0.5,0.5,0.8,acot
acox1,ACOX1,Proteins,0.00203,0.98349,0.00033,0.0062,,0.00421,0.0,0.00076,0.00033,0.0,,,0.001,,,,0.00018,0.00146,1e-05,4e-08,,0.9,4.0000000000000006e-45,,2e-41,0.9,0.0006,0.9,1.0,,,5e-11,,,,0.2,1.0,0.5,acox
acp1,ACP1,Proteins,0.00309,0.94427,0.00403,0.026,,0.0003,0.0,0.00261,0.01309,0.00021,,,0.00399,,,,0.00034,0.00202,3e-05,3e-16,,2.0000000000000002e-29,1e-227,,0.0002,0.7,2e-19,4.9999999999999997e-116,0.002,,,4e-40,,,,0.01,0.2,0.3,acp1
acp5,ACP5,Proteins,0.00508,0.88524,0.03839,0.00384,,0.01019,0.00318,0.00356,0.03999,0.00822,,,0.00017,,,,2e-05,0.0019,0.00021,8.000000000000001e-28,,3e-289,8.000000000000001e-29,,2e-108,3e-35,5e-31,2.0000000000000002e-305,5e-88,,,0.004,,,,1.0,0.3,0.001,acp5
acp6,ACP6,Proteins,0.00245,0.97336,0.00386,0.00233,,0.00127,0.00016,0.00041,0.00717,0.00232,,,0.00481,,,,9e-05,0.0017,6e-05,6e-14,,1.9999999999999998e-26,4e-13,,7e-14,0.008,0.08,4e-58,4.0000000000000004e-24,,,5e-48,,,,0.5,0.9,0.1,acp6
acrbp,ACRBP,Proteins,0.00983,0.96395,0.00083,0.01107,,0.00282,0.00041,0.00121,0.00346,0.0,,,0.00493,,,,6e-05,0.00143,1e-05,8.000000000000001e-75,,0.03,5e-91,,5.0000000000000004e-29,2e-05,1e-07,2.0000000000000002e-28,0.9,,,2.0000000000000003e-49,,,,0.8,0.9,0.6,acrb
acrv1,ACRV1,Proteins,0.00287,0.39085,0.00802,0.00177,,0.00436,0.00051,0.00132,0.57573,0.00653,,,0.00039,,,,0.0009,0.00633,0.00043,9e-19,,1e-158,2.0000000000000002e-29,,1e-102,2e-13,1.0000000000000001e-24,0.0,1.9999999999999997e-152,,,1e-10,,,,5e-19,3e-94,1e-11,acrv
acsl1,ACSL1,Proteins,0.00055,0.99348,0.00047,0.00106,,0.00119,0.0,0.00018,0.001,6e-05,,,8e-05,,,,0.00022,0.0017,0.0,0.009,,1e-05,0.001,,2e-12,0.8,0.8,1e-10,0.1,,,0.06,,,,0.09,0.9,1.0,acsl
acta2,ACTA2,Proteins,0.01754,0.75415,0.2046,0.00231,,0.00988,0.00038,0.0004,0.00083,2e-05,,,0.00275,,,,4e-05,0.00116,0.00594,2e-129,,0.0,9e-18,,3e-120,4e-06,0.02,1e-11,0.3,,,6e-35,,,,0.8,1.0,3e-73,acta
actn2,ACTN2,Proteins,0.00464,0.88787,0.02369,0.00196,,0.00706,0.00017,0.00054,0.03295,0.0,,,0.03721,,,,0.00027,0.00202,0.00161,2e-12,,1e-239,4e-11,,1e-73,0.005,0.008,0.0,0.9,,,0.0,,,,0.03,0.2,4e-18,actn
actn4,ACTN4,Proteins,0.0018,0.99017,0.00475,0.00065,,0.00053,2e-05,0.00035,4e-05,1e-05,,,0.00013,,,,0.00012,0.00094,0.00049,2e-12,,3e-45,0.1,,2e-06,0.3,0.2,0.4,0.6,,,0.02,,,,0.4,1.0,5e-06,actn1
acvrl1,ACVRL1,Proteins,0.00692,0.8077,0.06433,0.00245,,0.04507,0.00531,0.00057,0.01494,0.04534,,,0.00108,,,,4e-05,0.00116,0.00509,1.9999999999999998e-32,,0.0,8e-18,,0.0,4e-62,0.002,9e-154,0.0,,,6e-14,,,,0.8,1.0,9e-60,acvr
acy1,ACY1,Proteins,0.00659,0.75909,0.0091,0.003,,0.12002,0.00189,0.00407,0.08783,0.00673,,,9e-05,,,,7e-05,0.00151,0.0,9e-30,,9.999999999999999e-33,1.9999999999999998e-25,,0.0,7.999999999999999e-25,1.9999999999999998e-42,0.0,1e-83,,,0.03,,,,0.5,0.5,0.8,acy1
acy3,ACY3,Proteins,0.00634,0.93809,0.02248,0.00236,,0.01564,0.00011,0.00132,0.00786,0.00051,,,0.00294,,,,7e-05,0.00142,0.00084,1e-53,,2e-167,2e-13,,1e-151,0.03,2e-08,1e-27,2e-06,,,3.9999999999999996e-30,,,,0.7,1.0,1e-09,acy3
acyp1,ACYP1,Proteins,0.00195,0.9113,0.00089,0.05709,,0.00673,0.00059,0.00709,0.00623,0.00089,,,0.00478,,,,0.00013,0.00231,1e-05,9e-08,,0.3,0.0,,6e-69,2e-07,7e-63,2.9999999999999998e-55,2e-10,,,2.0000000000000003e-49,,,,0.3,0.03,0.4,acyp
ada,ADA,Proteins,0.00282,0.9463,0.0056,0.01243,,0.01238,0.00021,0.00103,0.01592,0.00132,,,0.00074,,,,4e-05,0.0011,0.0001,8e-08,,1e-15,2e-106,,7.000000000000001e-124,0.002,2e-06,2e-117,1e-14,,,6e-09,,,,0.8,1.0,0.03,ada
ada2,ADA2,Proteins,0.00188,0.92283,0.0419,0.00351,,0.01206,1e-05,0.0005,0.00687,0.00249,,,6e-05,,,,5e-05,0.00116,0.00666,6e-10,,0.0,7.000000000000001e-24,,4e-121,0.4,0.02,5e-70,9.999999999999999e-27,,,0.09,,,,0.8,1.0,6e-68,ada2
adam12,ADAM12,Proteins,0.00707,0.85996,0.01234,0.00163,,0.0969,0.00041,0.00046,0.01668,2e-05,,,0.00012,,,,0.00014,0.00123,0.00303,6e-51,,5e-111,6e-09,,0.0,8e-06,0.02,4e-156,0.4,,,0.02,,,,0.2,1.0,9e-34,adam
adam15,ADAM15,Proteins,0.00849,0.96906,0.01055,0.001,,0.00174,0.00018,0.00043,0.00459,0.00093,,,0.00043,,,,0.0001,0.00148,0.00102,1.0000000000000001e-49,,1e-96,0.002,,5e-18,0.006,0.07,4e-41,3e-10,,,2e-05,,,,0.5,1.0,4e-11,adam1
adam22,ADAM22,Proteins,0.02648,0.93002,0.01199,0.0031,,0.01501,0.00012,0.0006,0.00095,0.00755,,,0.00269,,,,0.00017,0.00116,0.00016,3e-202,,2e-118,3e-20,,2e-149,0.02,0.004,2e-09,2e-76,,,2.0000000000000002e-28,,,,0.2,1.0,0.008,adam2
adam23,ADAM23,Proteins,0.00371,0.97664,0.00909,0.00121,,0.00044,0.0,0.00049,0.00527,0.00161,,,0.00064,,,,7e-05,0.00072,0.00012,2e-12,,1.9999999999999998e-86,7e-05,,1e-05,0.9,0.03,7e-50,4e-17,,,1e-07,,,,0.7,1.0,0.02,adam3
adam8,ADAM8,Proteins,0.00577,0.93486,0.00434,0.00289,,0.03907,0.00018,0.00056,0.00593,0.00323,,,0.0002,,,,7e-05,0.00127,0.00164,7e-35,,5e-40,1e-18,,0.0,0.005,0.007,7.999999999999999e-56,5e-34,,,0.003,,,,0.7,1.0,4e-18,adam4
adam9,ADAM9,Proteins,0.01904,0.92893,0.02173,0.00179,,0.02015,1e-05,0.00157,0.00155,0.00156,,,0.00029,,,,3e-05,0.00108,0.00228,1e-175,,2e-217,2e-09,,5.000000000000001e-202,0.5,4e-11,4e-17,2e-17,,,0.0002,,,,0.9,1.0,1.0000000000000001e-24,adam5
adamts1,ADAMTS1,Proteins,0.00227,0.96218,0.01926,0.00145,,0.0089,0.0,0.00053,0.0023,8e-05,,,0.00012,,,,7e-05,0.00113,0.00171,1e-06,,1e-180,2e-06,,2e-85,1.0,0.02,3e-22,0.07,,,0.02,,,,0.7,1.0,7e-18,adam6
adamts13,ADAMTS13,Proteins,0.00494,0.95673,0.01318,0.00188,,0.00024,9e-05,0.00147,0.00684,0.00954,,,0.00232,,,,3e-05,0.00164,0.0011,1e-14,,2e-118,7e-10,,0.001,0.04,7e-10,6e-57,8e-95,,,2.0000000000000002e-24,,,,0.9,0.8,2e-12,adam7
adamts15,ADAMTS15,Proteins,0.00885,0.75508,0.0018,0.00548,,0.17715,0.00024,0.0016,0.01725,0.0037,,,0.02536,,,,0.00017,0.00226,0.00105,1e-52,,3e-05,2e-53,,0.0,0.0002,2e-14,4.9999999999999995e-193,4e-47,,,2.0000000000000002e-307,,,,0.08,0.009,1e-14,adam8
adamts16,ADAMTS16,Proteins,0.01172,0.81225,0.11781,0.00208,,0.01282,9e-05,0.00042,0.03838,0.00015,,,7e-05,,,,0.0001,0.00149,0.00263,9e-109,,0.0,8e-14,,3e-144,0.04,0.03,0.0,0.006,,,0.06,,,,0.4,0.8,3.0000000000000003e-31,adam9
adamts4,ADAMTS4,Proteins,0.00595,0.92961,0.04486,0.00235,,0.01213,0.0,0.00051,0.00032,0.00094,,,4e-05,,,,0.00012,0.00109,0.00207,8e-38,,0.0,1e-13,,1e-119,0.8,0.02,0.9,8e-11,,,0.2,,,,0.4,1.0,6e-22,adam10
adamts8,ADAMTS8,Proteins,0.00256,0.95688,0.00759,0.00389,,0.0226,0.00093,0.00186,0.00138,0.00069,,,3e-05,,,,4e-05,0.00139,0.00015,6e-10,,7e-65,1.9999999999999998e-26,,2e-219,1e-10,4e-13,0.0004,3e-08,,,0.3,,,,0.9,1.0,0.009,adam11
adamtsl2,ADAMTSL2,Proteins,0.00353,0.85465,0.01489,0.00155,,0.10292,0.0014,0.00032,0.00879,0.00783,,,0.00084,,,,1e-05,0.00126,0.00202,7e-15,,2e-160,9e-09,,0.0,5e-17,0.1,1e-94,3e-87,,,8e-11,,,,1.0,1.0,7.000000000000001e-24,adam12
adamtsl4,ADAMTSL4,Proteins,0.00418,0.92035,0.01473,0.00145,,0.0,0.0,0.0002,0.05,5e-05,,,0.00714,,,,6e-05,0.0014,0.00044,1.0000000000000001e-24,,3e-143,8e-07,,0.9,0.8,0.6,0.0,0.1,,,2.0000000000000002e-72,,,,0.7,1.0,8e-06,adam13
adamtsl5,ADAMTSL5,Proteins,0.0039,0.96938,0.01124,0.00227,,0.00458,0.00059,0.00089,0.00359,0.00203,,,4e-05,,,,2e-05,0.00121,0.00025,3e-26,,7.999999999999999e-84,9e-13,,5e-46,3e-07,4e-05,6e-10,3e-21,,,0.2,,,,1.0,1.0,0.0009,adam14
adcyap1r1,ADCYAP1R1,Proteins,0.00074,0.99642,0.00046,0.0004,,0.0004,2e-05,0.00031,0.0002,4e-05,,,4e-05,,,,9e-05,0.0009,0.0,3e-05,,4e-05,0.7,,5e-05,0.4,0.3,0.01,0.2,,,0.2,,,,0.6,1.0,0.8,adcy
add1,ADD1,Proteins,0.00242,0.88708,0.00294,0.07906,,0.00115,0.0,0.00899,0.01446,0.0,,,0.00141,,,,6e-05,0.00224,0.00018,2e-09,,2e-20,0.0,,1e-13,0.9,6.999999999999999e-84,3e-138,0.6,,,3e-16,,,,0.7,0.03,0.004,add1
adgrb3,ADGRB3,Proteins,0.01819,0.95562,0.01413,0.00113,,0.00678,4e-05,0.00015,0.00053,0.00064,,,0.00059,,,,7e-05,0.00152,0.00061,9.999999999999999e-153,,4e-132,0.0002,,6e-67,0.2,0.8,0.4,1e-07,,,3e-07,,,,0.7,1.0,2e-07,adgr
adgrd1,ADGRD1,Proteins,0.02528,0.77322,0.02385,0.00206,,0.03535,0.00107,0.00066,0.12718,0.00954,,,1e-05,,,,5e-05,0.0014,0.00033,6e-269,,3e-210,8e-15,,0.0,3e-14,0.0002,0.0,5e-114,,,0.5,,,,0.8,0.6,2e-05,adgr1
adgre1,ADGRE1,Proteins,0.00925,0.94369,0.00519,0.00109,,0.02043,4e-05,0.00013,0.01132,0.0065,,,3e-05,,,,0.00011,0.00099,0.00124,4e-62,,7e-51,0.0003,,1e-201,0.2,0.9,5e-111,7e-66,,,0.2,,,,0.4,1.0,7e-14,adgr2
adgre2,ADGRE2,Proteins,0.00671,0.8866,0.05843,0.00258,,0.01413,0.00097,0.00197,0.00332,0.01706,,,0.00523,,,,4e-05,0.00125,0.00171,2.9999999999999998e-55,,0.0,4e-17,,5e-149,8e-12,2e-15,1.0000000000000001e-28,3e-179,,,9.999999999999999e-57,,,,0.8,1.0,1e-19,adgr3
adgre5,ADGRE5,Proteins,0.00439,0.88109,0.05762,0.00284,,0.02233,0.00142,0.00246,0.00324,0.01597,,,0.00571,,,,4e-05,0.00102,0.00187,2.0000000000000002e-28,,0.0,1e-19,,8e-235,1e-16,2e-20,1.9999999999999998e-30,3e-169,,,5e-62,,,,0.9,1.0,2e-21,adgr4
adgrf5,ADGRF5,Proteins,0.00321,0.9359,0.0043,0.00234,,0.00962,1e-05,0.00114,0.03683,0.00326,,,0.00173,,,,0.00013,0.00128,0.00026,1e-15,,4.999999999999999e-44,6e-14,,9.999999999999999e-98,0.5,2e-07,0.0,2.0000000000000003e-34,,,5e-19,,,,0.3,1.0,0.0005,adgr5
adgrg1,ADGRG1,Proteins,0.00429,0.82801,0.0844,0.00176,,0.068,0.00019,0.00057,0.00741,0.00042,,,0.0,,,,3e-05,0.00101,0.0039,4e-21,,0.0,6e-11,,0.0,0.002,0.002,1.9999999999999998e-32,3e-06,,,0.7,,,,0.9,1.0,2.0000000000000003e-45,adgr6
adgrg2,ADGRG2,Proteins,0.00657,0.76395,0.00644,0.00537,,0.07356,0.00056,0.00103,0.13413,0.00577,,,0.00014,,,,7e-05,0.00147,0.00094,3e-30,,0.0004,2e-51,,0.0,3e-08,3e-08,0.0,1e-71,,,0.005,,,,0.6,0.6,4e-13,adgr7
adgrv1,ADGRV1,Proteins,0.00063,0.99655,0.00028,0.00067,,0.0002,0.0,0.00025,0.00027,9e-05,,,1e-05,,,,2e-05,0.00101,2e-05,0.006,,0.002,0.1,,0.004,0.7,0.5,0.002,0.05,,,0.6,,,,1.0,1.0,0.4,adgr8
adh1b,ADH1B,Proteins,0.0065,0.8285,0.01396,0.00603,,0.10414,0.00157,0.00386,0.03273,0.00094,,,5e-05,,,,8e-05,0.00162,1e-05,5.0000000000000005e-37,,6e-72,9e-53,,0.0,4e-19,7e-36,5.0000000000000005e-275,5e-12,,,0.1,,,,0.6,0.4,0.4,adh1
adh4,ADH4,Proteins,0.00612,0.77787,0.00844,0.00364,,0.13171,0.00082,0.00164,0.06434,0.00305,,,0.00018,,,,6e-05,0.0021,1e-05,9.999999999999999e-31,,3e-30,9.999999999999999e-31,,0.0,3e-11,4e-14,0.0,2e-37,,,0.002,,,,0.6,0.03,0.4,adh4
adipoq,ADIPOQ,Proteins,0.03194,0.66721,0.01689,0.00132,,0.0822,0.00043,0.00026,0.19317,0.00404,,,0.0,,,,5e-05,0.00143,0.00106,0.0,,9e-236,6e-10,,0.0,1e-07,0.1,0.0,2e-58,,,0.7,,,,0.6,0.2,2e-16,adip
adm,ADM,Proteins,0.03313,0.62533,0.10082,0.00675,,0.19956,0.00043,0.00034,0.00284,0.01107,,,0.0109,,,,0.0001,0.00203,0.00669,0.0,,0.0,2e-85,,0.0,5e-08,0.01,2.9999999999999997e-44,2e-166,,,8e-164,,,,0.2,0.001,1e-101,adm
adra2a,ADRA2A,Proteins,0.00113,0.99279,0.0009,0.00059,,0.00034,0.00037,0.00028,0.00035,0.00209,,,3e-05,,,,0.0001,0.001,2e-05,5e-07,,3e-09,0.2,,0.0002,8e-05,0.4,0.0005,8e-21,,,0.2,,,,0.6,1.0,0.3,adra
afap1,AFAP1,Proteins,0.02206,0.96513,0.00336,0.00461,,0.00086,0.00046,0.00048,0.00096,7e-05,,,0.00056,,,,0.00018,0.00126,0.0,5.000000000000001e-187,,3e-27,1e-31,,9e-10,8e-06,0.03,0.0004,0.08,,,8e-07,,,,0.2,1.0,0.8,afap
afm,AFM,Proteins,0.00392,0.83672,0.01423,0.00137,,0.13393,0.00153,0.00075,0.00516,0.00072,,,3e-05,,,,0.00021,0.00141,3e-05,3e-25,,5.0000000000000006e-127,2e-07,,0.0,8e-19,6e-05,3e-26,1e-09,,,0.2,,,,0.06,0.7,0.2,afm
afp,AFP,Proteins,0.00233,0.92168,0.05823,0.0017,,0.00137,0.00058,0.00033,0.01088,0.00108,,,2e-05,,,,0.00011,0.00139,0.0003,3e-09,,0.0,9e-09,,2e-15,3e-07,0.2,4e-35,2e-12,,,0.3,,,,0.4,1.0,0.0002,afp
agbl2,AGBL2,Proteins,0.00098,0.99584,0.00031,0.00074,,1e-05,2e-05,0.0003,0.00012,0.00021,,,0.0,,,,7e-05,0.00141,0.0,1e-06,,0.0009,0.05,,0.6,0.4,0.3,0.07,0.003,,,0.7,,,,0.7,1.0,0.8,agbl
ager,AGER,Proteins,0.04568,0.88424,0.00126,0.00419,,0.03831,0.00134,0.00057,0.01536,0.00393,,,0.00403,,,,5e-05,0.00104,0.0,0.0,,9e-06,8.999999999999999e-32,,0.0,1e-15,0.004,3e-152,8e-43,,,7e-44,,,,0.8,1.0,1.0,ager
agr2,AGR2,Proteins,0.002,0.95467,0.02653,0.00113,,0.00019,0.00331,0.00082,0.00214,0.00328,,,0.00196,,,,3e-05,0.0013,0.00265,4e-10,,1e-232,0.0003,,0.004,4e-33,0.0002,0.0002,8e-33,,,3e-20,,,,0.9,1.0,9e-27,agr2
agr3,AGR3,Proteins,0.00815,0.91536,0.00806,0.00103,,0.03672,3e-05,0.00056,0.01313,0.00303,,,0.01114,,,,3e-05,0.00204,0.00072,7e-58,,4.0000000000000006e-45,0.0006,,0.0,0.2,0.008,5e-95,8.999999999999999e-32,,,2e-111,,,,0.9,0.5,1e-08,agr3
agrn,AGRN,Proteins,0.00557,0.8602,0.04015,0.00488,,0.07083,0.00355,0.00101,0.00125,0.00632,,,4e-05,,,,6e-05,0.00187,0.00426,8.000000000000001e-28,,0.0,4e-40,,0.0,2.9999999999999998e-40,5e-07,4e-07,4e-70,,,0.2,,,,0.7,0.2,7e-48,agrn
agrp,AGRP,Proteins,0.01711,0.86102,0.00696,0.01883,,0.00593,0.00263,0.01286,0.04025,0.0007,,,0.03071,,,,0.00021,0.00273,6e-05,1e-164,,7.000000000000001e-29,9e-185,,3e-66,1.9999999999999998e-30,6e-130,0.0,3e-09,,,0.0,,,,0.07,0.0002,0.08,agrp
agt,AGT,Proteins,0.00729,0.9629,0.00019,0.00288,,0.00063,0.00014,0.00072,0.02322,0.00048,,,0.00012,,,,6e-05,0.00133,4e-05,1e-62,,0.02,9e-18,,1e-07,0.01,0.0008,5e-224,3e-06,,,0.02,,,,0.7,1.0,0.2,agt
agxt,AGXT,Proteins,0.00606,0.9127,0.00524,0.00217,,0.04036,0.00079,0.00107,0.0296,0.00056,,,8e-05,,,,6e-05,0.00122,0.00011,1.9999999999999998e-25,,0.007,9e-13,,0.0,1e-09,6e-07,7e-247,3e-07,,,0.06,,,,0.7,1.0,0.03,agxt
ahcy,AHCY,Proteins,0.00363,0.93814,0.0084,0.02491,,0.01631,0.0,0.00362,0.00084,7e-05,,,0.00174,,,,5e-05,0.00218,0.00012,7e-18,,2e-77,2e-223,,3e-161,0.9,2.0000000000000002e-29,0.02,0.08,,,7e-19,,,,0.8,0.2,0.02,ahcy
ahnak,AHNAK,Proteins,0.01049,0.8191,0.04681,0.00805,,0.10069,0.00068,0.00129,0.0048,0.00504,,,3e-05,,,,9e-05,0.00167,0.00127,5.000000000000001e-81,,0.0,2e-74,,0.0,4e-09,7e-10,2e-05,8e-58,,,0.2,,,,0.5,0.5,7e-16,ahna
ahnak2,AHNAK2,Proteins,0.01742,0.92611,0.01391,0.00323,,0.02271,9e-05,0.00081,0.01258,3e-05,,,0.00072,,,,0.00021,0.00148,0.00069,4e-123,,7e-132,4e-21,,9.999999999999999e-223,0.05,0.0001,6e-119,0.3,,,1e-08,,,,0.09,0.9,2e-08,ahna1
ahsa1,AHSA1,Proteins,0.00087,0.9801,0.00188,0.0108,,0.0004,7e-05,0.00155,0.00017,0.00018,,,0.00227,,,,9e-05,0.00155,7e-05,0.0002,,2e-19,6e-87,,3e-05,0.09,3e-10,0.009,0.005,,,2.0000000000000002e-23,,,,0.5,0.8,0.08,ahsa
ahsg,AHSG,Proteins,0.00365,0.97081,0.00127,0.00216,,0.01775,0.0002,0.00101,0.00153,0.00013,,,7e-05,,,,0.00012,0.00125,4e-05,9e-14,,0.1,8e-12,,2.0000000000000002e-171,0.003,6e-06,0.0002,0.02,,,0.09,,,,0.4,1.0,0.2,ahsg
ahsp,AHSP,Proteins,0.01087,0.86461,0.00115,0.04387,,0.00396,0.00062,0.0026,0.06733,0.00204,,,0.00048,,,,0.00011,0.00222,0.00016,4e-100,,8e-07,0.0,,2.9999999999999997e-44,3e-08,5e-22,0.0,1.0000000000000001e-23,,,1e-06,,,,0.4,0.06,0.005,ahsp
aida,AIDA,Proteins,0.00058,0.99398,0.00012,0.00081,,1e-05,9e-05,0.00027,1e-05,0.00212,,,1e-05,,,,5e-05,0.00194,1e-05,0.006,,0.02,0.03,,0.4,0.05,0.4,0.6,4e-21,,,0.6,,,,0.8,0.5,0.6,aida
aif1,AIF1,Proteins,0.00237,0.96295,0.00084,0.01749,,0.00781,0.0,0.00177,0.00159,0.00154,,,0.00144,,,,0.00011,0.00195,0.00014,8e-10,,2e-05,3e-146,,3.0000000000000004e-75,0.8,7e-12,9e-13,3e-16,,,3e-15,,,,0.5,0.7,0.02,aif1
aif1l,AIF1L,Proteins,0.00176,0.97579,0.01031,0.00141,,0.00743,0.00011,0.00054,0.00036,0.0,,,6e-05,,,,2e-05,0.00157,0.00065,3e-10,,5e-97,6e-06,,5e-71,0.03,0.02,0.0005,0.9,,,0.1,,,,1.0,0.9,1e-07,aif11
aifm1,AIFM1,Proteins,0.00409,0.93546,0.00107,0.01427,,0.03034,1e-05,0.00258,0.00714,0.00119,,,0.00169,,,,2e-05,0.00213,2e-05,4e-19,,0.9,3.0000000000000002e-123,,1e-296,0.6,7e-20,1e-61,2e-13,,,2e-18,,,,1.0,0.4,0.4,aifm
ak1,AK1,Proteins,0.00148,0.88986,0.00367,0.05495,,0.00847,0.0011,0.00527,0.02909,0.0019,,,0.00257,,,,8e-05,0.00151,6e-05,0.0004,,4e-27,0.0,,2e-89,4e-13,2e-47,7e-287,2e-21,,,2.0000000000000002e-28,,,,0.6,0.9,0.1,ak1
ak2,AK2,Proteins,0.00173,0.96541,0.00054,0.02199,,0.00224,0.00013,0.00211,0.00054,0.0,,,0.00288,,,,3e-05,0.00239,0.0,5e-06,,0.06,3e-192,,2.0000000000000002e-23,0.01,3e-15,0.06,0.7,,,1.0000000000000001e-29,,,,0.9,0.03,0.8,ak2
akap12,AKAP12,Proteins,0.0018,0.9775,0.00622,0.00201,,0.00454,0.00018,0.00102,0.00443,0.00042,,,8e-05,,,,0.00019,0.00156,7e-05,1e-06,,1e-44,3e-10,,2.9999999999999997e-44,0.006,8e-06,7e-28,2e-05,,,0.07,,,,0.2,0.8,0.09,akap
akr1b1,AKR1B1,Proteins,0.00105,0.97001,0.00048,0.01824,,0.00268,2e-05,0.00173,0.00071,0.00035,,,0.00302,,,,5e-05,0.00166,0.0,0.0008,,0.05,1e-151,,7e-27,0.4,2e-11,0.0002,0.0001,,,3.9999999999999996e-30,,,,0.8,0.9,0.7,akr1
akr1b10,AKR1B10,Proteins,0.00119,0.98642,0.00138,0.00055,,0.00575,0.00066,0.00013,0.00086,0.00142,,,0.00023,,,,5e-05,0.00134,3e-05,2e-05,,2e-14,0.3,,7e-55,1e-07,0.9,2e-09,9e-15,,,0.002,,,,0.8,1.0,0.3,akr11
akr1c4,AKR1C4,Proteins,0.00074,0.9832,0.00022,0.00075,,0.00988,7e-05,0.00016,0.00291,0.00051,,,1e-05,,,,0.00013,0.00137,5e-05,0.003,,0.003,0.05,,7e-93,0.08,0.8,1.0000000000000001e-28,3e-06,,,0.5,,,,0.4,1.0,0.1,akr12
akr7l,AKR7L,Proteins,0.01152,0.93669,0.00606,0.00134,,0.02712,8e-05,0.00044,0.01392,0.00088,,,0.00036,,,,8e-05,0.00102,0.00049,5e-100,,3e-49,8e-06,,7.0000000000000005e-261,0.05,0.05,1.0000000000000001e-124,4e-10,,,7e-05,,,,0.6,1.0,3e-06,akr7
akt1s1,AKT1S1,Proteins,0.0022,0.93326,0.00087,0.0419,,0.00608,5e-05,0.00601,0.00417,0.00037,,,0.00343,,,,0.00018,0.0015,0.0,3e-07,,0.8,0.0,,7e-61,0.2,5e-51,6e-34,5e-05,,,4e-35,,,,0.2,1.0,0.7,akt1
akt2,AKT2,Proteins,0.00261,0.96029,0.00092,0.02456,,0.00156,8e-05,0.00253,0.0007,2e-05,,,0.00448,,,,1e-05,0.00213,0.00011,3e-14,,0.001,2e-217,,7e-17,0.05,4e-19,0.5,0.3,,,2.0000000000000003e-45,,,,1.0,0.1,0.02,akt2
akt3,AKT3,Proteins,0.00112,0.9588,0.00066,0.02859,,0.00113,0.00017,0.00313,0.00058,0.00013,,,0.00341,,,,3e-05,0.0022,3e-05,0.0006,,0.07,6e-246,,3e-12,0.007,1.0000000000000001e-23,1.0,0.02,,,7.0000000000000006e-34,,,,0.9,0.4,0.2,akt3
alcam,ALCAM,Proteins,0.00427,0.83695,0.035,0.0023,,0.00178,0.00032,0.00133,0.11242,0.00227,,,0.00041,,,,4e-05,0.00106,0.00184,5e-28,,0.0,6e-16,,1e-21,5e-05,3e-10,0.0,4e-27,,,4e-06,,,,0.9,1.0,2e-22,alca
aldh1a1,ALDH1A1,Proteins,0.00217,0.82879,0.00486,0.03937,,0.05159,0.00201,0.00479,0.06071,0.00257,,,0.00103,,,,3e-05,0.002,8e-05,2e-09,,8e-14,0.0,,0.0,3e-24,2e-46,0.0,9.999999999999999e-31,,,4e-13,,,,0.9,0.1,0.04,aldh
aldh2,ALDH2,Proteins,0.00131,0.98616,0.00016,0.0013,,0.00607,7e-05,0.00028,0.00198,0.00047,,,0.0008,,,,0.00015,0.00105,0.00019,8e-07,,0.8,3e-05,,4e-59,0.08,0.3,7e-19,6e-06,,,4e-09,,,,0.2,1.0,0.004,aldh1
aldh3a1,ALDH3A1,Proteins,0.00203,0.87497,0.00304,0.00313,,0.00572,0.00153,0.00127,0.05634,0.04558,,,0.00459,,,,8e-05,0.00153,0.0002,7e-10,,7.000000000000001e-23,3e-22,,4e-62,8e-18,5e-09,0.0,0.0,,,3e-50,,,,0.6,0.8,0.002,aldh2
aldh5a1,ALDH5A1,Proteins,0.00131,0.9843,0.00075,0.00292,,0.00658,3e-05,0.00093,0.00126,0.00015,,,0.00027,,,,0.0001,0.00131,9e-05,4e-06,,0.8,1e-17,,3e-64,0.3,3e-05,2e-06,0.01,,,0.0007,,,,0.5,1.0,0.05,aldh3
alms1,ALMS1,Proteins,0.00051,0.99699,4e-05,0.0006,,1e-05,1e-05,0.00015,0.00022,0.00012,,,1e-05,,,,0.00015,0.00109,9e-05,0.04,,0.2,0.2,,0.5,0.6,0.9,0.003,0.02,,,0.4,,,,0.3,1.0,0.05,alms
alpi,ALPI,Proteins,0.00279,0.96334,0.00179,0.00127,,0.0002,0.01052,0.00056,0.00331,0.00035,,,0.01191,,,,0.00041,0.00354,0.0,3e-19,,2e-16,4e-05,,0.003,2e-100,0.01,8e-31,0.0001,,,2e-113,,,,0.003,2e-06,0.8,alpi
alpp,ALPP,Proteins,0.00649,0.81327,0.01143,0.00252,,0.00013,0.00071,0.00071,0.01928,0.1433,,,0.00023,,,,2e-05,0.00131,0.00059,1.9999999999999998e-25,,3e-129,2e-18,,0.008,1e-09,0.0001,6e-217,0.0,,,0.0006,,,,1.0,1.0,3e-08,alpp
ambn,AMBN,Proteins,0.00272,0.98681,0.00229,0.00052,,0.00467,0.0,0.0003,0.00112,0.00012,,,0.00024,,,,0.00015,0.00106,0.0,2e-18,,1e-21,0.3,,7e-45,0.8,0.3,1e-10,0.02,,,0.002,,,,0.3,1.0,0.8,ambn
ambp,AMBP,Proteins,0.01302,0.81412,0.07939,0.00503,,0.07136,3e-05,0.00037,0.00735,0.00519,,,0.00062,,,,0.00012,0.00167,0.00174,5e-88,,0.0,1e-44,,0.0,0.2,0.05,3e-52,2e-61,,,1e-08,,,,0.3,0.6,1e-21,ambp
amdhd2,AMDHD2,Proteins,0.00047,0.99485,1e-05,0.00089,,0.00011,1e-05,0.00037,0.00014,1e-05,,,0.0,,,,0.00036,0.00278,1e-05,0.01,,0.9,0.008,,0.03,0.6,0.1,0.02,0.5,,,0.7,,,,0.008,0.007,0.5,amdh
amfr,AMFR,Proteins,0.00262,0.98075,0.0007,0.00595,,0.00677,2e-05,0.00097,0.00011,0.0,,,0.00064,,,,0.00017,0.00129,1e-05,8e-19,,1e-07,3.9999999999999995e-42,,2e-64,0.4,2e-05,0.09,0.8,,,2e-07,,,,0.2,1.0,0.6,amfr
amigo1,AMIGO1,Proteins,0.00096,0.99595,0.00019,0.00065,,0.00023,5e-05,0.00019,3e-05,0.00062,,,0.00013,,,,1e-05,0.001,0.0,0.006,,0.005,0.1,,0.002,0.1,0.7,0.3,3e-07,,,0.02,,,,1.0,1.0,0.6,amig
amigo2,AMIGO2,Proteins,0.00187,0.98431,0.00182,0.00203,,0.00015,0.00015,0.00111,0.00675,5e-05,,,1e-05,,,,4e-05,0.00136,0.00035,1e-05,,0.05,2e-10,,0.01,0.01,1e-06,6e-49,0.1,,,0.5,,,,0.9,1.0,0.0001,amig1
amn,AMN,Proteins,0.00561,0.96002,0.00148,0.0019,,0.02053,3e-05,0.0005,0.00607,0.00072,,,0.00117,,,,9e-05,0.00152,0.00036,6e-45,,7e-05,1e-09,,1e-194,0.2,0.03,8.000000000000001e-49,2e-08,,,1e-12,,,,0.6,0.9,7e-05,amn
amot,AMOT,Proteins,0.00428,0.789,0.00261,0.00065,,0.03458,0.0001,0.00044,0.15315,0.00794,,,0.00557,,,,7e-05,0.00155,5e-05,2e-38,,6e-07,0.02,,0.0,0.02,0.02,0.0,2e-93,,,3e-66,,,,0.6,0.4,0.09,amot
amotl2,AMOTL2,Proteins,0.00423,0.95935,0.00082,0.01687,,0.01035,0.00052,0.00272,0.00108,0.00122,,,3e-05,,,,0.00017,0.00241,0.00022,3.9999999999999997e-32,,0.0002,9e-145,,1e-101,2e-06,1e-20,4e-07,2e-13,,,0.3,,,,0.2,0.02,0.002,amot1
ampd3,AMPD3,Proteins,0.00233,0.90022,0.00477,0.07518,,0.00219,0.00015,0.00478,0.00798,9e-05,,,0.00016,,,,7e-05,0.00176,0.00032,2e-14,,2e-41,0.0,,2.0000000000000002e-24,0.008,9.999999999999999e-43,1e-74,0.04,,,0.006,,,,0.7,0.4,8e-05,ampd
amy1a_amy1b_amy1c,AMY1A_AMY1B_AMY1C,Proteins,0.03514,0.90303,0.00931,0.00528,,0.04218,3e-05,0.00043,2e-05,0.00232,,,0.001,,,,8e-05,0.0011,8e-05,4e-258,,9.999999999999999e-92,1e-38,,0.0,0.3,0.06,0.5,3e-24,,,2e-11,,,,0.6,1.0,0.06,amy1_amy1_amy1
amy2a,AMY2A,Proteins,0.02503,0.9101,0.00636,0.00467,,0.04816,0.00017,0.00067,0.00022,0.00271,,,0.00043,,,,6e-05,0.00137,4e-05,2e-157,,3.9999999999999997e-63,4e-33,,0.0,0.006,0.002,0.003,5e-28,,,1e-05,,,,0.7,1.0,0.2,amy2
ang,ANG,Proteins,0.005,0.87428,0.00668,0.00184,,0.02737,0.00082,0.00093,0.07218,0.00922,,,1e-05,,,,0.00026,0.00127,0.00014,1e-18,,8e-57,1e-10,,1e-285,3e-10,5e-06,0.0,1e-98,,,0.6,,,,0.03,1.0,0.008,ang
angpt1,ANGPT1,Proteins,0.00526,0.97272,0.00337,0.00442,,0.00171,0.00043,0.00127,0.00053,0.00151,,,0.00714,,,,0.00025,0.00136,4e-05,3e-27,,1.0000000000000001e-29,3.9999999999999996e-30,,7e-18,2e-05,7e-08,0.04,6e-16,,,2e-69,,,,0.06,1.0,0.2,angp
angpt2,ANGPT2,Proteins,0.00453,0.91425,0.01705,0.00118,,0.01661,0.00046,0.00107,0.01982,0.01815,,,0.00055,,,,3e-05,0.00117,0.00511,6e-26,,6.999999999999999e-172,3e-05,,1e-170,3e-06,5e-07,9.999999999999999e-200,3e-186,,,4e-07,,,,0.9,1.0,2.9999999999999995e-54,angp1
angptl1,ANGPTL1,Proteins,0.00821,0.85029,0.0113,0.00421,,0.00629,0.00394,0.00145,0.0263,0.0,,,0.08377,,,,0.00043,0.00286,0.00097,4e-36,,6e-121,7e-33,,6e-69,5.999999999999999e-44,8e-11,1e-277,0.8,,,0.0,,,,0.0009,0.0002,6e-12,angp2
angptl2,ANGPTL2,Proteins,0.00364,0.84458,0.02008,0.00235,,0.09583,0.00053,0.00145,0.0059,0.00074,,,0.02131,,,,0.00017,0.00169,0.00174,8e-13,,9e-198,6e-16,,0.0,2e-07,3e-11,2.9999999999999997e-44,1e-09,,,9e-233,,,,0.1,0.4,7e-21,angp3
angptl3,ANGPTL3,Proteins,0.012,0.81409,0.03538,0.00216,,3e-05,0.00308,0.0003,0.12987,0.0,,,0.00099,,,,7e-05,0.0016,0.00044,9e-126,,0.0,7e-15,,0.2,1e-36,0.2,0.0,0.9,,,7e-13,,,,0.6,0.6,2e-06,angp4
angptl4,ANGPTL4,Proteins,0.0252,0.8662,0.02163,0.00268,,0.05092,0.00607,0.00039,0.00171,0.00098,,,0.01999,,,,0.00017,0.00203,0.00203,3e-235,,9.999999999999999e-222,2e-18,,0.0,9e-67,0.06,2e-10,3e-12,,,8.000000000000001e-214,,,,0.1,0.1,1.0000000000000001e-23,angp5
angptl7,ANGPTL7,Proteins,0.00667,0.9265,0.03323,0.00158,,0.00164,1e-05,0.00071,0.02316,2e-05,,,0.00445,,,,2e-05,0.0013,0.00071,2.0000000000000003e-45,,2e-309,5e-08,,3e-18,0.5,0.0005,2e-210,0.3,,,8e-47,,,,1.0,1.0,1e-08,angp6
ank2,ANK2,Proteins,0.00108,0.99579,8e-05,0.00065,,0.0,2e-05,0.0003,0.00093,0.0,,,1e-05,,,,7e-05,0.00103,2e-05,7e-06,,0.08,0.1,,0.8,0.3,0.3,5e-10,0.8,,,0.5,,,,0.7,1.0,0.4,ank2
ankmy2,ANKMY2,Proteins,0.00167,0.94809,0.00042,0.03787,,0.00204,0.00027,0.00368,0.00055,2e-05,,,0.00268,,,,0.0001,0.00259,1e-05,3e-06,,0.6,0.0,,3e-21,0.0005,6e-29,0.01,0.3,,,2e-27,,,,0.5,0.008,0.4,ankm
ankra2,ANKRA2,Proteins,0.00047,0.996,5e-05,0.00045,,0.00026,0.0,0.00047,7e-05,0.00013,,,1e-05,,,,0.00011,0.00198,0.0,0.09,,0.2,0.5,,0.001,0.8,0.05,0.1,0.02,,,0.6,,,,0.5,0.3,0.9,ankr
ankrd54,ANKRD54,Proteins,0.00208,0.92,0.00092,0.05131,,0.00253,7e-05,0.00502,0.01441,0.00075,,,0.00026,,,,0.00014,0.0025,2e-05,1e-12,,3e-05,0.0,,9.999999999999999e-27,0.08,1.9999999999999998e-42,7.999999999999999e-138,5e-09,,,0.0006,,,,0.3,0.07,0.3,ankr1
anp32c,ANP32C,Proteins,0.00033,0.9974,0.00016,0.00036,,5e-05,2e-05,0.0001,0.00023,0.00015,,,0.00016,,,,0.0001,0.00094,0.0,0.08,,0.04,0.8,,0.1,0.4,1.0,0.008,0.01,,,0.01,,,,0.5,1.0,0.7,anp3
anpep,ANPEP,Proteins,0.00117,0.95952,0.01165,0.00104,,0.00342,0.00133,0.00092,0.01914,0.00039,,,2e-05,,,,7e-05,0.00133,1e-05,9e-05,,0.001,0.0008,,9e-35,2e-14,3e-05,2.9999999999999996e-76,3e-05,,,0.3,,,,0.7,1.0,0.6,anpe
anxa1,ANXA1,Proteins,0.00412,0.91966,0.01684,0.02744,,0.01409,4e-05,0.00144,0.00982,0.00412,,,0.0,,,,6e-05,0.00174,0.00063,7.000000000000001e-29,,6e-161,8e-248,,5e-140,0.2,9e-10,2e-92,1.9999999999999998e-42,,,0.7,,,,0.7,0.5,1e-07,anxa
anxa10,ANXA10,Proteins,0.00831,0.92453,0.04505,0.00363,,0.00075,0.00022,0.00038,0.00064,0.00737,,,0.00511,,,,3e-05,0.00111,0.00285,8e-47,,0.0,1.0000000000000001e-24,,6e-09,0.002,0.1,2e-05,5e-74,,,6e-52,,,,0.9,1.0,9e-30,anxa1
anxa11,ANXA11,Proteins,0.00233,0.96745,0.00063,0.02101,,0.00151,8e-05,0.0023,0.00056,0.0,,,0.00261,,,,9e-05,0.00132,0.0001,5e-15,,0.06,6.000000000000001e-181,,4e-16,0.05,1e-16,0.4,0.9,,,8e-27,,,,0.5,1.0,0.04,anxa2
anxa2,ANXA2,Proteins,0.0033,0.91286,0.00788,0.01753,,0.03735,0.00021,0.00232,0.01008,0.0064,,,4e-05,,,,8e-05,0.0013,0.00065,6e-18,,8e-73,2e-153,,0.0,0.002,2e-17,3e-94,1e-64,,,0.2,,,,0.6,1.0,6e-08,anxa3
anxa3,ANXA3,Proteins,0.00447,0.93827,0.00071,0.03993,,0.00611,1e-05,0.00411,0.00061,0.00028,,,0.00355,,,,0.0001,0.00182,4e-05,6e-34,,2e-06,0.0,,2e-62,0.5,3e-34,3e-05,0.0004,,,4e-37,,,,0.5,0.6,0.2,anxa4
anxa4,ANXA4,Proteins,0.00185,0.95566,0.00092,0.03006,,0.0007,2e-05,0.00298,0.00055,9e-05,,,0.00524,,,,3e-05,0.00183,7e-05,1e-07,,6e-06,3e-265,,3e-08,0.3,8.000000000000001e-23,0.04,0.05,,,3e-52,,,,0.9,0.6,0.07,anxa5
anxa5,ANXA5,Proteins,0.00087,0.97457,0.01546,0.0008,,0.00418,0.00039,0.00016,0.00096,0.00044,,,3e-05,,,,0.00017,0.00118,0.00078,0.002,,3e-144,0.02,,1e-40,5e-05,0.8,3e-10,2e-05,,,0.2,,,,0.2,1.0,7e-09,anxa6
aoc1,AOC1,Proteins,0.00075,0.99459,0.00019,0.00107,,0.0018,2e-05,0.00038,9e-05,0.00015,,,0.0,,,,0.0001,0.00085,0.0,0.002,,0.05,0.001,,3e-18,0.3,0.1,0.9,0.01,,,0.9,,,,0.5,1.0,0.9,aoc1
aoc3,AOC3,Proteins,0.01386,0.8903,0.05193,0.00179,,0.00658,1e-05,0.00033,0.02935,0.00178,,,0.00055,,,,0.00018,0.00116,0.00218,8e-133,,0.0,4e-10,,2.9999999999999995e-70,0.4,0.1,3e-278,3e-20,,,3e-07,,,,0.1,1.0,2.0000000000000002e-24,aoc3
ap1g2,AP1G2,Proteins,0.00231,0.93415,0.00119,0.04204,,0.00874,0.00012,0.00541,0.00133,0.00053,,,0.00132,,,,0.00016,0.0027,1e-05,4e-13,,0.6,0.0,,9e-89,0.02,1e-46,0.008,9e-07,,,8e-15,,,,0.2,0.0008,0.6,ap1g
ap2b1,AP2B1,Proteins,0.00182,0.96726,0.00087,0.01932,,0.00345,9e-05,0.00255,0.00225,6e-05,,,0.00052,,,,7e-05,0.00174,0.0,0.0001,,0.1,1.0000000000000001e-162,,3e-34,0.05,2e-18,3e-15,0.1,,,2e-06,,,,0.7,0.7,0.9,ap2b
ap3b1,AP3B1,Proteins,0.00237,0.93952,0.0009,0.0345,,0.01153,0.00012,0.00463,0.00098,0.00034,,,0.00257,,,,0.00016,0.00236,0.0,2e-09,,0.01,5e-316,,9.999999999999999e-116,0.02,4.0000000000000004e-39,0.002,9e-05,,,3e-27,,,,0.2,0.01,0.7,ap3b
ap3s2,AP3S2,Proteins,0.00206,0.94882,0.00084,0.03224,,0.00712,0.00055,0.00438,0.00086,0.00016,,,0.00065,,,,9e-05,0.00219,4e-05,4e-12,,0.0004,1.9999999999999999e-292,,9e-72,6e-07,2e-36,0.0003,0.006,,,6e-08,,,,0.6,0.08,0.2,ap3s
apbb1ip,APBB1IP,Proteins,0.00171,0.88234,0.01057,0.02829,,0.06566,0.00076,0.00384,0.00323,0.00038,,,0.00051,,,,0.0001,0.00178,0.00083,4e-08,,3e-94,2e-272,,0.0,2e-09,1e-33,2e-17,2e-05,,,8e-07,,,,0.4,0.7,2e-10,apbb
apcs,APCS,Proteins,0.00658,0.72469,0.00212,0.00352,,0.13787,0.00246,0.002,0.10724,0.01049,,,0.00094,,,,0.00019,0.00166,0.00023,1.0000000000000001e-39,,0.03,5e-33,,0.0,3e-33,6e-20,0.0,3e-135,,,1e-13,,,,0.05,0.09,0.0003,apcs
apex1,APEX1,Proteins,0.00375,0.87577,0.00181,0.06877,,0.02737,0.00037,0.0061,0.00676,0.00565,,,0.00143,,,,5e-05,0.00205,0.00013,2e-20,,2e-13,0.0,,3.9999999999999996e-289,2e-05,2e-57,3e-66,5e-62,,,6e-17,,,,0.8,0.3,0.01,apex
aplp1,APLP1,Proteins,0.01341,0.8806,0.00065,0.00567,,0.05614,0.00105,0.00277,0.01619,0.01881,,,0.00277,,,,6e-05,0.00188,0.0,1e-108,,0.9,3e-46,,0.0,1e-12,4.0000000000000004e-23,1.0000000000000001e-163,2e-197,,,6.0000000000000005e-31,,,,0.7,0.3,0.9,aplp
apoa1,APOA1,Proteins,0.00809,0.84722,0.01003,0.00267,,0.03746,1e-05,0.00049,0.08803,0.00228,,,0.00139,,,,0.00026,0.0016,0.00047,1e-33,,7e-105,4e-19,,0.0,0.5,0.01,0.0,6e-27,,,5e-17,,,,0.02,0.4,9e-07,apoa
apoa2,APOA2,Proteins,0.00709,0.89006,0.03332,0.00138,,0.0312,0.00038,0.00081,0.02841,0.00015,,,0.0039,,,,0.00011,0.00134,0.00186,3e-24,,0.0,7e-07,,5e-324,2e-05,5e-05,8e-295,0.008,,,8e-43,,,,0.4,0.9,3e-21,apoa1
apoa4,APOA4,Proteins,0.02439,0.94649,0.01312,0.00249,,0.00012,0.00281,0.00049,0.00695,0.00104,,,0.00055,,,,8e-05,0.00144,4e-05,8.000000000000001e-212,,2e-102,6e-15,,0.02,1.0000000000000001e-29,0.02,9e-42,7e-12,,,6e-07,,,,0.6,0.9,0.2,apoa2
apob,APOB,Proteins,0.00086,0.99497,0.00031,0.00066,,0.00016,1e-05,0.00024,0.00026,1e-05,,,1e-05,,,,0.00039,0.00208,3e-05,1e-05,,0.03,0.1,,0.008,0.5,0.5,0.1,0.6,,,0.5,,,,0.005,0.2,0.2,apob
apobr,APOBR,Proteins,0.00694,0.97616,0.00585,0.00144,,0.00073,0.00015,0.00029,0.00663,0.00024,,,6e-05,,,,0.0001,0.00112,0.00028,5e-25,,3e-51,4e-06,,2e-08,0.01,0.3,2e-58,0.001,,,0.1,,,,0.5,1.0,0.0005,apob1
apoc1,APOC1,Proteins,0.02157,0.86319,0.00684,0.00285,,0.02036,0.0,0.00057,0.08088,0.00047,,,0.00039,,,,0.00013,0.00211,0.00062,5e-211,,2e-08,3e-20,,1e-219,0.7,0.003,0.0,1e-06,,,1e-05,,,,0.3,0.03,3e-08,apoc
apod,APOD,Proteins,0.00612,0.84615,0.00035,0.00503,,0.09602,0.00034,0.00061,0.04377,0.0,,,6e-05,,,,0.00024,0.00131,0.0,9.000000000000001e-29,,0.0003,2.9999999999999998e-40,,0.0,5e-05,0.002,0.0,0.9,,,0.1,,,,0.04,0.9,0.9,apod
apoe,APOE,Proteins,0.0014,0.96531,0.00765,0.00114,,0.00063,0.0,0.0003,0.01966,0.00024,,,0.00113,,,,0.00014,0.00184,0.00055,3e-05,,1e-47,0.0002,,1e-07,0.8,0.3,9.000000000000001e-163,0.001,,,1e-12,,,,0.3,0.4,8e-07,apoe
apof,APOF,Proteins,0.1043,0.72156,0.00335,0.00473,,0.1324,0.0022,0.0005,0.02672,0.00199,,,0.00058,,,,0.00011,0.0013,0.00027,0.0,,1.9999999999999998e-42,7e-48,,0.0,3e-30,0.002,0.0,2e-27,,,4e-09,,,,0.3,0.6,6e-05,apof
apoh,APOH,Proteins,0.00447,0.9682,0.00956,0.00482,,0.0031,0.00112,0.00336,0.00015,2e-05,,,0.00219,,,,0.00037,0.00236,0.0003,6.999999999999999e-30,,5e-92,5e-34,,2e-31,2e-12,3.9999999999999996e-26,0.3,0.4,,,9.000000000000001e-23,,,,0.006,0.1,0.0003,apoh
apol1,APOL1,Proteins,0.05633,0.8932,0.01329,0.00611,,0.00438,0.0018,0.00171,0.01901,0.00013,,,0.00036,,,,0.0003,0.00196,0.00142,0.0,,1.0000000000000001e-124,1.9999999999999998e-50,,1e-47,1e-20,6e-13,2e-183,0.01,,,3e-05,,,,0.01,0.1,1e-16,apol
apom,APOM,Proteins,0.011,0.90052,0.00918,0.00153,,0.05271,0.00042,0.00059,0.0197,0.00044,,,0.0002,,,,1e-05,0.00162,0.00207,2e-41,,4e-15,8e-08,,0.0,8e-06,0.003,9e-123,5e-06,,,0.002,,,,1.0,0.8,5e-23,apom
app,APP,Proteins,0.00443,0.97425,0.00191,0.00347,,0.00384,0.00014,0.00087,0.00044,0.00194,,,0.00694,,,,0.00012,0.00164,0.0,6e-22,,4e-17,3e-22,,2e-38,0.01,7e-05,0.01,3e-20,,,8e-68,,,,0.4,0.9,0.9,app
appl2,APPL2,Proteins,0.00106,0.93582,0.00148,0.04785,,0.00042,7e-05,0.00574,0.00099,0.0,,,0.0032,,,,0.00024,0.00292,0.00021,0.0006,,6e-09,0.0,,1e-05,0.07,1e-48,0.0005,0.8,,,5e-33,,,,0.05,0.0003,0.002,appl
aprt,APRT,Proteins,0.013,0.93287,0.00028,0.03653,,0.00366,0.0,0.00287,0.00776,0.0001,,,0.00098,,,,0.0001,0.0018,3e-05,5e-122,,0.2,0.0,,5e-38,0.8,1e-22,5e-76,0.03,,,3e-11,,,,0.5,0.7,0.2,aprt
araf,ARAF,Proteins,0.00129,0.96569,0.0007,0.02398,,0.00111,0.00028,0.00377,0.00027,9e-05,,,0.00086,,,,0.00028,0.00168,0.0,6e-05,,9e-06,6e-207,,3e-12,0.0005,2.0000000000000002e-29,0.4,0.05,,,9e-10,,,,0.03,0.6,0.8,araf
areg,AREG,Proteins,0.00342,0.94779,0.0153,0.00126,,0.00277,0.0,0.00059,0.01205,0.00965,,,0.00061,,,,0.00016,0.00122,0.00518,4e-13,,1e-33,3e-05,,7.000000000000001e-29,0.8,0.006,0.5,1e-95,,,2e-07,,,,0.2,1.0,2e-52,areg
arf6,ARF6,Proteins,0.00218,0.95976,0.00302,0.01757,,0.00775,0.00075,0.00271,0.00343,0.00011,,,0.00075,,,,6e-05,0.00188,4e-05,2e-07,,7e-07,6.999999999999999e-152,,6e-77,8e-09,1e-20,6e-11,0.03,,,7e-09,,,,0.8,0.3,0.2,arf6
arfip1,ARFIP1,Proteins,0.00276,0.9607,0.00029,0.02704,,0.00105,1e-05,0.00183,0.00044,0.0,,,0.0036,,,,0.00018,0.00209,1e-05,3e-13,,1.0,2e-240,,8e-12,0.4,7e-13,0.01,0.8,,,7e-37,,,,0.2,0.2,0.5,arfi
arg1,ARG1,Proteins,0.00669,0.90998,0.0023,0.07322,,0.00048,0.00015,0.00371,0.00097,7e-05,,,0.00011,,,,0.00014,0.00217,1e-05,8e-51,,3e-15,0.0,,2e-06,0.008,4e-31,0.9,0.07,,,0.02,,,,0.3,0.2,0.5,arg1
arg2,ARG2,Proteins,0.0019,0.98806,0.00068,0.00232,,3e-05,1e-05,0.00043,0.00444,0.00054,,,0.00032,,,,2e-05,0.00124,1e-05,3e-13,,6e-08,1e-12,,0.3,0.5,0.06,1e-43,1e-06,,,0.0002,,,,1.0,1.0,0.5,arg2
arhgap1,ARHGAP1,Proteins,0.00114,0.96293,0.00244,0.01895,,0.00049,7e-05,0.00185,0.00733,0.00125,,,0.00167,,,,5e-05,0.00179,4e-05,0.0007,,2e-17,2.0000000000000002e-159,,4e-06,0.08,2e-12,1.9999999999999999e-63,2e-13,,,2e-17,,,,0.8,0.9,0.2,arhg
arhgap25,ARHGAP25,Proteins,0.00108,0.9531,0.00067,0.02625,,0.0056,3e-05,0.00458,0.00581,0.00027,,,0.00063,,,,2e-05,0.00194,1e-05,6e-05,,0.5,1e-227,,4e-55,0.2,7e-37,9e-51,0.0006,,,1e-07,,,,1.0,0.7,0.6,arhg1
arhgap30,ARHGAP30,Proteins,0.00156,0.99232,0.00031,0.00069,,0.00027,0.00028,0.00034,8e-05,0.00282,,,1e-05,,,,4e-05,0.00116,0.00012,2e-07,,0.0003,0.08,,0.0006,0.0005,0.2,0.09,7e-28,,,0.4,,,,0.9,1.0,0.03,arhg2
arhgap45,ARHGAP45,Proteins,0.00151,0.92803,0.00088,0.0449,,0.0042,2e-05,0.00947,0.00121,7e-05,,,0.00627,,,,9e-05,0.00329,5e-05,6e-06,,0.07,0.0,,4e-43,0.4,9.999999999999999e-85,2e-05,0.07,,,1.9999999999999999e-63,,,,0.5,5e-06,0.1,arhg3
arhgap5,ARHGAP5,Proteins,0.00261,0.99144,6e-05,0.00258,,0.00037,0.00035,0.00046,0.00046,6e-05,,,0.00014,,,,0.00013,0.00131,1e-05,1e-14,,0.9,4e-14,,8e-05,0.0001,0.05,5e-05,0.1,,,0.02,,,,0.4,1.0,0.4,arhg4
arhgef1,ARHGEF1,Proteins,0.00267,0.95017,0.00084,0.02621,,0.00889,7e-05,0.00389,0.00261,0.00091,,,0.0017,,,,0.00018,0.00182,3e-05,3e-11,,0.4,3e-235,,5.0000000000000004e-89,0.07,7.999999999999999e-32,3e-19,1e-10,,,2e-18,,,,0.1,0.4,0.2,arhg5
arhgef10,ARHGEF10,Proteins,0.0083,0.93824,0.00054,0.03311,,0.00295,0.00019,0.00862,0.00296,0.00026,,,0.00209,,,,0.00016,0.00256,1e-05,3e-77,,0.4,3e-304,,3.0000000000000003e-31,0.003,2e-77,4.9999999999999996e-26,0.0005,,,1e-22,,,,0.2,0.005,0.5,arhg6
arhgef12,ARHGEF12,Proteins,0.00141,0.92228,0.00068,0.05244,,0.00504,8e-05,0.0123,0.00088,6e-05,,,0.00211,,,,0.00011,0.00258,3e-05,6e-06,,0.5,0.0,,2e-52,0.05,5.9999999999999996e-114,0.002,0.1,,,6e-23,,,,0.4,0.007,0.3,arhg7
arhgef5,ARHGEF5,Proteins,0.00191,0.98388,0.00332,0.00318,,0.00267,0.00121,0.00043,0.00057,0.00038,,,0.00023,,,,7e-05,0.00137,0.00076,3e-08,,1.9999999999999998e-32,6e-19,,1.9999999999999998e-26,8e-13,0.07,9e-07,6e-05,,,0.002,,,,0.7,1.0,1e-08,arhg8
arid3a,ARID3A,Proteins,0.00112,0.99545,0.00074,0.00053,,0.00014,0.00019,0.00014,0.00016,0.00026,,,4e-05,,,,0.00011,0.00106,5e-05,1e-05,,3e-08,0.3,,0.01,0.004,0.9,0.01,0.001,,,0.2,,,,0.5,1.0,0.1,arid
arid4b,ARID4B,Proteins,0.00128,0.97866,0.00072,0.01214,,0.00234,1e-05,0.00141,0.00099,0.00083,,,0.00049,,,,9e-05,0.00103,0.0,1e-08,,2e-07,2e-96,,2.0000000000000002e-23,0.6,9e-09,7e-10,3e-09,,,4e-06,,,,0.5,1.0,0.8,arid1
arl13b,ARL13B,Proteins,0.00178,0.96094,0.00168,0.02451,,0.00366,0.00027,0.00309,0.00066,0.00043,,,0.00095,,,,3e-05,0.00199,0.0,3e-07,,7e-12,1.9999999999999998e-209,,2.9999999999999998e-36,0.0007,3e-23,0.1,2e-05,,,1e-10,,,,0.9,0.4,0.8,arl1
arl2bp,ARL2BP,Proteins,0.00158,0.96638,0.0024,0.01986,,0.00159,2e-05,0.00207,0.00175,0.0,,,0.00225,,,,0.00013,0.00197,1e-05,9e-06,,1e-07,1e-166,,1e-16,0.3,2e-14,0.8,0.7,,,8.000000000000001e-23,,,,0.4,0.5,0.6,arl2
armcx2,ARMCX2,Proteins,0.00142,0.9941,0.00044,0.00029,,4e-05,0.00012,0.00046,0.00185,0.00015,,,0.0001,,,,7e-05,0.0009,5e-05,9e-11,,4e-05,0.9,,0.2,0.03,0.05,2e-18,0.01,,,0.04,,,,0.7,1.0,0.2,armc
arnt,ARNT,Proteins,0.00184,0.98836,0.00106,0.00119,,9e-05,0.00033,0.00025,8e-05,0.0052,,,1e-05,,,,0.00024,0.00132,3e-05,2e-05,,2e-11,0.0002,,0.05,0.0002,0.5,0.07,1.0000000000000001e-49,,,0.5,,,,0.08,1.0,0.2,arnt
arntl,ARNTL,Proteins,0.0013,0.99626,5e-05,0.00041,,5e-05,7e-05,7e-05,0.00049,0.0001,,,3e-05,,,,8e-05,0.00105,3e-05,7e-07,,0.4,0.6,,0.2,0.09,1.0,1e-05,0.04,,,0.2,,,,0.7,1.0,0.2,arnt1
arsa,ARSA,Proteins,0.02862,0.90337,0.00527,0.00573,,0.04111,0.00083,0.00113,0.00802,0.00139,,,0.00281,,,,0.00013,0.00135,0.00024,3e-267,,6e-56,1.0000000000000001e-45,,0.0,4e-10,2e-07,4.999999999999999e-84,6e-16,,,9.999999999999999e-31,,,,0.3,1.0,0.0008,arsa
arsb,ARSB,Proteins,0.01045,0.95258,0.00036,0.00848,,0.01527,0.00011,0.00135,0.00346,0.00288,,,0.00349,,,,7e-05,0.00151,0.0,2.0000000000000003e-49,,0.08,1e-67,,4e-149,0.03,9e-09,1.9999999999999998e-32,1.0000000000000001e-29,,,1e-35,,,,0.7,1.0,0.8,arsb
art3,ART3,Proteins,0.00607,0.7863,0.00058,0.00185,,0.02439,2e-05,0.00065,0.17788,0.00036,,,0.0,,,,9e-05,0.00173,7e-05,5.9999999999999996e-36,,8e-07,1e-12,,3e-285,0.3,0.0002,0.0,9e-06,,,0.9,,,,0.4,0.3,0.05,art3
art5,ART5,Proteins,0.00037,0.99506,0.00087,0.00051,,0.00021,1e-05,0.00037,0.00125,6e-05,,,3e-05,,,,0.00012,0.00098,0.00015,0.03,,4e-09,0.4,,0.003,0.4,0.2,1e-12,0.1,,,0.2,,,,0.4,1.0,0.01,art5
artn,ARTN,Proteins,0.00079,0.99486,0.00011,0.00056,,0.0012,2e-05,0.00045,0.00014,0.00032,,,0.0002,,,,0.0001,0.00113,0.00013,0.003,,0.04,0.3,,1e-12,0.4,0.06,0.02,0.0003,,,0.004,,,,0.5,1.0,0.02,artn
asah1,ASAH1,Proteins,0.00439,0.95136,0.00704,0.00648,,0.02188,9e-05,0.00106,0.00312,0.00134,,,0.00108,,,,1e-05,0.00158,0.00056,3e-12,,2e-65,1.0000000000000001e-49,,9e-213,0.04,2e-06,2e-27,9e-15,,,3e-12,,,,1.0,0.9,5e-07,asah
asah2,ASAH2,Proteins,0.03521,0.89785,0.00032,0.00282,,0.03083,0.0001,0.00035,0.03029,0.00088,,,0.00013,,,,4e-05,0.00102,0.00015,0.0,,0.0003,1e-18,,4e-313,0.03,0.1,3e-307,1e-10,,,0.01,,,,0.8,1.0,0.008,asah1
asgr1,ASGR1,Proteins,0.01618,0.7865,0.01406,0.00464,,0.14661,0.00421,0.00057,0.00819,0.01532,,,4e-05,,,,0.00026,0.00199,0.00142,6e-126,,3e-161,2e-41,,0.0,4e-51,0.001,2e-93,8e-180,,,0.1,,,,0.02,0.08,2e-18,asgr
asgr2,ASGR2,Proteins,0.0397,0.91711,0.00331,0.00417,,0.01622,0.00022,0.00034,0.00211,0.0046,,,0.00959,,,,4e-05,0.0015,0.00108,0.0,,1e-35,9.999999999999999e-31,,7e-166,0.001,0.1,3e-23,1e-48,,,3e-99,,,,0.9,0.8,1e-12,asgr1
aspn,ASPN,Proteins,0.00087,0.92524,0.02945,0.0009,,0.00077,0.00107,0.00035,0.03535,0.00108,,,0.00316,,,,0.00027,0.00125,0.00023,0.0002,,3e-282,0.003,,2e-09,2e-12,0.1,0.0,1e-12,,,9e-34,,,,0.03,1.0,0.001,aspn
aspscr1,ASPSCR1,Proteins,0.00279,0.93469,0.00087,0.03489,,0.00756,1e-05,0.00579,0.00894,0.00012,,,0.0019,,,,9e-05,0.0022,0.00014,1e-10,,0.3,2e-322,,2e-77,0.6,9.999999999999999e-51,1.0000000000000001e-82,0.02,,,1e-20,,,,0.5,0.07,0.01,asps
asrgl1,ASRGL1,Proteins,0.00438,0.94697,0.00188,0.031,,0.00112,0.00011,0.0053,0.00268,6e-05,,,0.00404,,,,0.00013,0.00226,8e-05,2.9999999999999998e-36,,0.08,8.000000000000001e-274,,2e-12,0.02,7e-44,5e-10,0.1,,,1e-40,,,,0.3,0.1,0.06,asrg
ass1,ASS1,Proteins,0.00347,0.86897,0.00706,0.00707,,0.02449,0.0009,0.00415,0.07678,0.00017,,,0.00509,,,,6e-05,0.00174,5e-05,7e-21,,8e-20,2e-59,,2e-253,5e-11,2e-36,0.0,0.005,,,8e-55,,,,0.8,0.5,0.1,ass1
atf2,ATF2,Proteins,0.00092,0.993,0.00147,0.00099,,0.00171,2e-05,0.00043,0.0002,0.0,,,6e-05,,,,0.0001,0.00104,6e-05,0.0002,,1e-13,0.003,,2e-17,0.4,0.08,0.2,0.8,,,0.1,,,,0.5,1.0,0.1,atf2
atf4,ATF4,Proteins,0.00074,0.99657,0.00012,0.00081,,0.00023,9e-05,0.00013,0.00013,0.0,,,4e-05,,,,5e-05,0.00104,4e-05,0.006,,0.02,0.03,,0.002,0.05,0.9,0.02,1.0,,,0.2,,,,0.8,1.0,0.2,atf4
atg16l1,ATG16L1,Proteins,0.00229,0.93801,0.00116,0.03762,,0.0079,0.00019,0.00681,0.0012,0.0003,,,0.00234,,,,3e-05,0.00216,1e-05,2e-10,,0.2,0.0,,4e-80,0.003,6e-60,0.06,0.0002,,,5e-25,,,,0.9,0.06,0.6,atg1
atg4a,ATG4A,Proteins,0.00154,0.90943,0.0012,0.05908,,0.00265,0.00042,0.00562,0.01415,0.00096,,,0.00275,,,,0.00022,0.002,0.0,2e-06,,3e-08,0.0,,3e-28,1e-05,1e-48,7e-137,3e-11,,,3e-29,,,,0.08,0.5,0.7,atg4
atox1,ATOX1,Proteins,0.0085,0.94833,0.00287,0.01515,,0.00845,0.0,0.00218,0.00258,0.00386,,,0.00627,,,,9e-05,0.00161,0.00011,1e-74,,2e-22,7e-131,,9.999999999999999e-85,0.9,4e-16,2e-19,1.0000000000000001e-39,,,3e-63,,,,0.5,0.9,0.02,atox
atp1b1,ATP1B1,Proteins,0.00192,0.9918,0.00057,0.001,,0.00181,8e-05,0.00015,0.00086,0.0006,,,3e-05,,,,8e-05,0.00107,4e-05,5e-11,,3e-06,0.003,,3e-18,0.07,0.8,6e-09,5e-07,,,0.3,,,,0.7,1.0,0.2,atp1
atp1b2,ATP1B2,Proteins,0.0004,0.99411,0.00034,0.00064,,0.00141,0.0,0.00026,0.00056,0.00037,,,3e-05,,,,0.00017,0.00168,4e-05,0.03,,0.0008,0.1,,1e-14,0.8,0.4,7e-06,9e-05,,,0.3,,,,0.2,0.9,0.2,atp11
atp1b3,ATP1B3,Proteins,0.00056,0.99553,0.00019,0.0008,,0.00024,1e-05,0.00022,0.00059,0.00013,,,3e-05,,,,0.0001,0.00161,1e-05,0.03,,0.01,0.03,,0.002,0.6,0.6,1e-06,0.02,,,0.3,,,,0.5,0.9,0.5,atp12
atp1b4,ATP1B4,Proteins,0.00093,0.99502,0.0004,0.00072,,0.00039,3e-05,0.00025,0.0006,0.0,,,0.0,,,,0.00011,0.00153,1e-05,8e-06,,0.0001,0.07,,6e-05,0.3,0.5,2e-06,0.8,,,1.0,,,,0.4,0.9,0.5,atp13
atp2b4,ATP2B4,Proteins,0.0015,0.99119,0.00045,0.00082,,0.00047,0.00032,0.00024,0.00116,0.00208,,,6e-05,,,,0.00022,0.00134,0.00015,2e-05,,4e-05,0.02,,9e-06,0.0003,0.5,9e-12,1e-20,,,0.1,,,,0.1,1.0,0.01,atp2
atp5f1d,ATP5F1D,Proteins,0.0007,0.99661,8e-05,0.00077,,0.0,1e-05,0.00018,0.00032,0.00041,,,0.0,,,,7e-05,0.00083,2e-05,0.01,,0.07,0.04,,1.0,0.5,0.8,0.0003,3e-05,,,0.7,,,,0.7,1.0,0.4,atp5
atp5if1,ATP5IF1,Proteins,0.00253,0.97024,0.00128,0.01376,,0.00523,6e-05,0.00183,0.00126,4e-05,,,0.00193,,,,6e-05,0.00176,1e-05,1e-10,,0.3,9e-115,,6e-52,0.09,1e-12,1.0,0.2,,,3e-20,,,,0.7,0.7,0.4,atp51
atp5po,ATP5PO,Proteins,0.0006,0.99688,0.00021,0.00067,,7e-05,1e-05,0.00017,0.00014,1e-05,,,0.0,,,,0.00012,0.0009,0.00022,0.04,,0.003,0.1,,0.09,0.6,0.8,0.02,0.6,,,0.8,,,,0.4,1.0,0.002,atp52
atp6ap2,ATP6AP2,Proteins,0.01136,0.96259,0.00512,0.00179,,0.00963,0.0001,0.00107,0.00572,7e-05,,,4e-05,,,,0.00011,0.00162,0.00078,1e-87,,1e-47,1e-08,,2.9999999999999998e-92,0.04,3e-06,3e-53,0.08,,,0.2,,,,0.5,1.0,7e-09,atp6
atp6v1d,ATP6V1D,Proteins,0.00057,0.99398,6e-05,0.0028,,0.00022,1e-05,0.00042,0.00043,3e-05,,,3e-05,,,,4e-05,0.00141,0.0,0.03,,0.2,3e-16,,0.002,0.6,0.08,2e-05,0.2,,,0.2,,,,0.9,1.0,0.8,atp61
atp6v1f,ATP6V1F,Proteins,0.00108,0.9504,0.00022,0.03455,,0.00197,0.00024,0.00333,0.00394,0.00047,,,0.00157,,,,0.00033,0.00185,3e-05,0.005,,0.9,2e-303,,1e-20,0.001,9.999999999999999e-26,3e-37,6e-06,,,1e-16,,,,0.01,0.7,0.2,atp62
atp6v1g1,ATP6V1G1,Proteins,0.00223,0.9437,0.00077,0.03381,,0.00641,8e-05,0.00401,0.00432,0.00025,,,0.00132,,,,0.00011,0.00297,2e-05,3e-08,,0.1,8.999999999999999e-301,,9.999999999999999e-64,0.06,3e-32,1e-36,0.0008,,,2e-14,,,,0.4,0.0009,0.4,atp63
atp6v1g2,ATP6V1G2,Proteins,0.00098,0.99263,0.00025,0.00223,,0.00146,0.0,0.00081,0.00013,8e-05,,,0.00011,,,,0.0001,0.00117,3e-05,2e-06,,0.005,2e-11,,5e-15,0.7,0.0004,0.09,0.06,,,0.03,,,,0.5,1.0,0.3,atp64
atraid,ATRAID,Proteins,0.00525,0.92244,0.03491,0.00123,,0.02603,7e-05,0.00048,0.00423,0.00066,,,0.00014,,,,7e-05,0.00124,0.00325,4e-31,,0.0,2e-05,,2.0000000000000002e-261,0.06,0.02,4.999999999999999e-44,3e-08,,,0.01,,,,0.7,1.0,1.0000000000000001e-34,atra
atrn,ATRN,Proteins,0.00398,0.9118,0.02226,0.00143,,0.04746,0.00129,0.00042,0.00902,0.00032,,,0.00036,,,,9e-05,0.0015,7e-05,7.000000000000001e-24,,5e-137,5e-07,,0.0,7e-15,0.05,0.5,0.0001,,,4e-05,,,,0.5,0.8,0.06,atrn
atxn10,ATXN10,Proteins,0.00239,0.96303,4e-05,0.02447,,0.00188,0.00044,0.00275,6e-05,1e-05,,,0.00315,,,,4e-05,0.00174,0.0,7e-16,,0.3,3e-209,,2e-19,1e-05,3e-20,0.2,0.5,,,2e-31,,,,0.9,0.8,0.8,atxn
atxn2,ATXN2,Proteins,0.00119,0.98148,0.00198,0.00692,,0.00216,7e-05,0.0016,0.00221,0.00099,,,0.00025,,,,5e-05,0.00109,0.0,0.002,,5e-20,1.9999999999999998e-50,,1e-21,0.08,3e-10,4e-22,1e-10,,,0.001,,,,0.8,1.0,1.0,atxn1
atxn2l,ATXN2L,Proteins,0.00178,0.95752,0.00085,0.02535,,0.00724,1e-05,0.00331,0.0007,6e-05,,,0.00141,,,,8e-05,0.0017,0.0,2e-07,,0.001,2.0000000000000002e-225,,2.0000000000000002e-72,0.4,3.9999999999999996e-26,0.05,0.09,,,2e-15,,,,0.6,0.6,0.7,atxn2
atxn3,ATXN3,Proteins,0.00177,0.90156,0.00116,0.06239,,0.00441,0.00025,0.00687,0.01544,0.00089,,,0.00293,,,,0.00012,0.0022,0.0,0.0001,,0.9,0.0,,2e-47,0.0006,3e-63,7e-149,7e-11,,,3.9999999999999997e-32,,,,0.3,0.04,0.7,atxn3
axin1,AXIN1,Proteins,0.00275,0.91328,0.00124,0.05864,,0.00593,0.00013,0.00933,0.00471,0.00028,,,0.00146,,,,7e-05,0.00213,6e-05,2e-14,,2e-07,0.0,,6.999999999999999e-62,0.01,7e-86,8e-43,0.0003,,,2e-16,,,,0.7,0.1,0.1,axin
axl,AXL,Proteins,0.00522,0.93939,0.01599,0.00335,,0.00958,5e-05,0.00035,0.01562,0.0081,,,0.0,,,,6e-05,0.0013,0.00099,2.0000000000000002e-29,,4e-57,3e-22,,4e-96,0.1,0.2,2e-53,1.0000000000000001e-81,,,1.0,,,,0.7,1.0,2e-11,axl
azi2,AZI2,Proteins,0.00161,0.92099,0.00066,0.05604,,0.00479,0.00014,0.01118,0.00083,0.00037,,,0.00054,,,,0.00015,0.00271,0.0,4e-07,,0.0005,0.0,,1.9999999999999998e-50,0.01,3e-104,7e-06,3e-05,,,5e-07,,,,0.2,0.001,0.7,azi2
azu1,AZU1,Proteins,0.00177,0.90979,0.00026,0.05186,,0.01669,0.00075,0.00433,0.00636,0.00154,,,0.00363,,,,0.00015,0.00265,0.00023,2e-06,,0.01,0.0,,9e-164,6e-09,1e-35,7e-63,1e-16,,,3e-37,,,,0.3,0.01,0.001,azu1
b2m,B2M,Proteins,0.00965,0.84525,0.07987,0.00311,,0.0477,0.00114,0.00057,0.00249,0.00202,,,0.00017,,,,2e-05,0.00088,0.00712,3e-65,,0.0,2.0000000000000002e-23,,0.0,3e-14,0.002,2.0000000000000002e-23,4.0000000000000004e-24,,,0.003,,,,1.0,1.0,2e-80,b2m
b3gat3,B3GAT3,Proteins,0.00086,0.99554,1e-05,0.0009,,0.0005,1e-05,0.00017,0.00056,5e-05,,,3e-05,,,,6e-05,0.0013,1e-05,0.02,,0.6,0.01,,5e-06,0.5,0.8,1e-06,0.2,,,0.3,,,,0.8,1.0,0.5,b3ga
b3gnt7,B3GNT7,Proteins,0.00397,0.90659,0.06875,0.00115,,0.00329,1e-05,0.00102,0.00379,0.00591,,,0.0011,,,,0.0001,0.00142,0.0029,1e-16,,0.0,8e-05,,8e-35,0.6,2e-06,0.3,4e-61,,,1e-12,,,,0.5,0.9,6.0000000000000005e-31,b3gn
b4galt1,B4GALT1,Proteins,0.00891,0.92344,0.01566,0.00206,,0.02651,2e-05,0.00067,0.01462,0.00048,,,0.00342,,,,0.0001,0.00185,0.00227,2e-69,,2e-158,8e-12,,3e-265,0.3,0.001,4e-148,2e-06,,,2.9999999999999998e-36,,,,0.5,0.4,1.0000000000000001e-24,b4ga
b4gat1,B4GAT1,Proteins,0.00223,0.86966,0.02101,0.00124,,0.05158,0.00139,0.00026,0.03688,0.0069,,,0.00668,,,,0.00011,0.00185,0.00021,5e-08,,2e-136,5e-06,,0.0,1e-16,0.3,9.999999999999999e-302,2.0000000000000002e-75,,,5e-73,,,,0.4,0.4,0.001,b4ga1
babam1,BABAM1,Proteins,0.00082,0.99224,0.00027,0.00395,,9e-05,0.00011,0.00082,0.0001,0.00041,,,8e-05,,,,0.00012,0.00097,0.0,0.0007,,0.006,6e-25,,0.06,0.03,0.0003,0.5,3e-05,,,0.06,,,,0.4,1.0,0.9,baba
bach1,BACH1,Proteins,0.00317,0.92149,0.00082,0.04817,,0.00541,8e-05,0.01386,0.00143,0.00093,,,0.00225,,,,0.00012,0.00226,0.0,9e-22,,0.0005,0.0,,3e-56,0.05,3e-129,2e-10,6e-11,,,2.0000000000000002e-24,,,,0.3,0.07,0.7,bach
bag3,BAG3,Proteins,0.00541,0.91154,0.00384,0.00258,,0.06125,7e-05,0.00215,0.00768,0.00028,,,0.00364,,,,0.00011,0.00144,1e-05,9.999999999999999e-26,,9.999999999999999e-26,3e-16,,0.0,0.07,2e-16,2e-64,0.0003,,,1e-38,,,,0.4,1.0,0.5,bag3
bag4,BAG4,Proteins,0.0031,0.92541,0.00269,0.03539,,0.0205,0.0,0.00604,0.00199,0.00073,,,0.00169,,,,3e-05,0.00219,0.00024,2e-19,,5e-14,3e-320,,1e-200,0.9,9e-52,5e-07,1e-08,,,3e-18,,,,0.9,0.08,0.001,bag4
bag6,BAG6,Proteins,0.00079,0.92724,0.00661,0.0439,,0.00728,9e-05,0.00794,0.0025,0.00063,,,0.00082,,,,0.00014,0.00197,0.0001,0.003,,9e-48,0.0,,5e-73,0.04,1e-69,3e-07,1e-07,,,1e-09,,,,0.3,0.4,0.03,bag6
baiap2,BAIAP2,Proteins,0.00434,0.90041,0.00106,0.00229,,0.06501,0.0002,0.00123,0.01691,0.00641,,,0.00014,,,,3e-05,0.00167,0.00031,3e-18,,0.0004,1e-13,,0.0,0.002,4e-08,5.0000000000000004e-163,3e-66,,,0.01,,,,0.9,0.9,0.0001,baia
bambi,BAMBI,Proteins,0.00706,0.94855,0.02933,0.0014,,0.00048,0.00012,0.00073,0.00812,0.0001,,,0.00092,,,,7e-05,0.00134,0.00176,5e-33,,2.9999999999999997e-260,4e-06,,4e-06,0.02,0.0007,8e-61,0.04,,,2e-10,,,,0.7,1.0,1e-18,bamb
bank1,BANK1,Proteins,0.00192,0.92031,0.00155,0.04869,,0.00534,0.00014,0.01161,0.00461,0.00092,,,0.00225,,,,4e-05,0.00252,0.00011,7e-08,,1e-09,0.0,,2e-55,0.01,2e-107,2e-40,6e-11,,,2.0000000000000002e-24,,,,0.9,0.01,0.02,bank
bap18,BAP18,Proteins,0.0024,0.88917,0.01041,0.03029,,0.04534,0.00155,0.00467,0.00947,0.00351,,,8e-05,,,,0.00014,0.00201,0.00096,4e-12,,8e-92,3e-293,,0.0,6e-18,3.9999999999999995e-42,5.0000000000000004e-82,1e-38,,,0.04,,,,0.2,0.1,1e-11,bap1
batf,BATF,Proteins,0.00049,0.99448,3e-05,0.0012,,0.00138,1e-05,0.00028,0.00029,0.0,,,0.00022,,,,0.00028,0.0012,0.00013,0.007,,0.5,0.0002,,3e-14,0.6,0.4,0.0007,0.9,,,0.002,,,,0.04,1.0,0.02,batf
bax,BAX,Proteins,0.00325,0.96541,0.00042,0.0182,,0.00382,2e-05,0.00249,0.00032,0.0008,,,0.00368,,,,3e-05,0.00144,0.00013,8e-19,,0.002,6e-152,,1e-37,0.4,7e-18,0.02,4e-09,,,2e-36,,,,0.9,1.0,0.02,bax
bcam,BCAM,Proteins,0.00477,0.95385,0.03138,0.00338,,0.00109,1e-05,0.00049,0.00015,2e-05,,,0.00066,,,,6e-05,0.00132,0.00282,1e-31,,7e-301,5e-22,,3e-12,0.5,0.02,0.9,0.3,,,6e-08,,,,0.7,1.0,3e-29,bcam
bcan,BCAN,Proteins,0.00545,0.83477,0.0121,0.01069,,0.06784,0.00048,0.00085,0.02793,0.03528,,,0.0008,,,,0.00014,0.00209,0.00159,5.0000000000000004e-45,,6e-113,2e-101,,0.0,7e-07,1e-05,6e-284,0.0,,,2e-10,,,,0.2,0.09,2e-19,bcan
bcat1,BCAT1,Proteins,0.00638,0.94117,0.02605,0.00606,,0.01394,6e-05,0.00163,0.00114,0.00061,,,2e-05,,,,6e-05,0.00171,0.00116,5.000000000000001e-49,,5e-256,5.999999999999999e-47,,1e-139,0.09,2e-11,2e-11,1e-07,,,0.4,,,,0.8,0.7,3e-13,bcat
bcat2,BCAT2,Proteins,0.00076,0.99231,0.00091,0.0009,,0.00156,0.0,0.00029,0.00167,0.00026,,,5e-05,,,,0.00016,0.00113,0.0,0.0005,,2e-08,0.009,,6e-16,1.0,0.3,2e-15,0.0009,,,0.1,,,,0.2,1.0,0.9,bcat1
bche,BCHE,Proteins,0.00662,0.87523,0.0163,0.00437,,0.06676,0.00073,0.00151,0.02628,9e-05,,,0.00046,,,,2e-05,0.00146,0.00018,2.9999999999999998e-40,,5e-14,1e-33,,0.0,3e-09,4e-11,4e-118,0.04,,,3e-06,,,,1.0,0.8,0.003,bche
bcl2,BCL2,Proteins,0.0056,0.92555,0.02392,0.00589,,0.02796,0.0007,0.00092,0.0044,0.0017,,,0.00087,,,,0.00011,0.00106,0.00132,2e-33,,3.0000000000000003e-224,4e-46,,1.9999999999999997e-279,1e-08,1e-05,3e-30,7e-19,,,2e-10,,,,0.4,1.0,6e-15,bcl2
bcl2l1,BCL2L1,Proteins,0.00187,0.96349,0.00086,0.0223,,0.00151,9e-05,0.00221,0.00082,0.00016,,,0.00427,,,,7e-05,0.00228,9e-05,2e-07,,0.03,2e-195,,2e-16,0.05,4e-16,0.1,0.008,,,3e-43,,,,0.7,0.06,0.05,bcl21
bcl2l11,BCL2L11,Proteins,0.00622,0.96308,0.01181,0.00212,,0.00167,8e-05,0.00131,0.00674,0.00321,,,0.00182,,,,0.00016,0.00118,0.0006,1e-38,,5e-110,2e-11,,8e-18,0.05,2e-08,1e-61,9.999999999999999e-33,,,3e-19,,,,0.2,1.0,3e-07,bcl22
bcl2l15,BCL2L15,Proteins,0.00497,0.91951,0.00682,0.04714,,0.00861,0.00021,0.00151,0.00254,0.00202,,,0.00292,,,,0.0001,0.00212,0.00153,4e-43,,3e-68,0.0,,1.9999999999999998e-86,0.002,3e-10,3.9999999999999996e-26,1e-21,,,9.999999999999999e-31,,,,0.5,0.1,8e-17,bcl23
bcl7a,BCL7A,Proteins,0.00051,0.99717,0.0001,0.0003,,0.00015,2e-05,0.00013,5e-05,7e-05,,,1e-05,,,,4e-05,0.00145,1e-05,0.03,,0.05,0.9,,0.01,0.3,0.9,0.2,0.08,,,0.6,,,,0.9,0.9,0.5,bcl7
bcl7b,BCL7B,Proteins,0.00172,0.99403,0.00022,0.00126,,0.00023,6e-05,0.00022,0.00013,0.00111,,,2e-05,,,,2e-05,0.00098,0.0,1e-11,,0.003,5e-05,,0.002,0.1,0.6,0.03,4e-12,,,0.4,,,,1.0,1.0,0.9,bcl71
bcr,BCR,Proteins,0.00416,0.93509,0.00074,0.03202,,0.00695,0.00022,0.01215,0.00278,0.00043,,,0.00284,,,,0.00041,0.0022,1e-05,6e-26,,0.5,7e-292,,2e-70,0.002,8e-111,5e-22,1e-05,,,6e-30,,,,0.002,0.1,0.5,bcr
bdnf,BDNF,Proteins,0.00349,0.97182,0.00217,0.00359,,0.00141,8e-05,0.0011,0.00602,0.00323,,,0.00558,,,,7e-05,0.00133,0.0001,3e-14,,3e-20,1.0000000000000001e-23,,3e-15,0.05,1e-06,2e-57,6e-33,,,2e-55,,,,0.7,1.0,0.03,bdnf
becn1,BECN1,Proteins,0.00109,0.907,0.00119,0.05586,,0.01633,0.0,0.00945,0.004,0.00033,,,0.00191,,,,0.00018,0.00267,0.0,0.002,,0.06,0.0,,2e-164,0.9,3e-86,8e-31,9e-05,,,6e-21,,,,0.2,0.004,0.7,becn
bex3,BEX3,Proteins,0.00054,0.99518,0.00016,0.0005,,0.00105,2e-05,0.00022,0.0,0.00103,,,3e-05,,,,3e-05,0.00122,2e-05,0.01,,0.01,0.4,,4e-11,0.3,0.6,0.8,6e-11,,,0.3,,,,0.9,1.0,0.3,bex3
bglap,BGLAP,Proteins,0.0346,0.90067,0.00813,0.01896,,0.00257,0.00026,0.00548,0.01896,0.00877,,,8e-05,,,,1e-05,0.00139,0.00011,1e-322,,2e-19,4e-177,,2.0000000000000002e-28,0.0005,1.0000000000000001e-49,3.0000000000000005e-131,1e-92,,,0.06,,,,1.0,0.9,0.02,bgla
bgn,BGN,Proteins,0.02048,0.94554,0.0014,0.00353,,0.00282,0.00017,0.00246,0.01411,0.0054,,,0.00096,,,,0.00034,0.00278,2e-05,6e-185,,1e-14,7.000000000000001e-23,,8.000000000000001e-29,0.007,5e-18,1e-135,2e-53,,,9e-11,,,,0.01,0.02,0.4,bgn
bhlhe40,BHLHE40,Proteins,0.00035,0.99626,0.00023,0.0005,,3e-05,1e-05,0.00055,0.00024,2e-05,,,4e-05,,,,0.00019,0.00157,0.0,0.1,,0.002,0.4,,0.2,0.6,0.02,0.002,0.4,,,0.2,,,,0.2,0.9,0.8,bhlh
bhmt2,BHMT2,Proteins,0.00063,0.99507,7e-05,0.00122,,2e-05,0.0,0.00032,7e-05,8e-05,,,0.00012,,,,0.00042,0.00197,0.0,0.01,,0.9,0.0002,,0.3,0.8,0.3,0.9,0.06,,,0.02,,,,0.004,0.6,0.8,bhmt
bid,BID,Proteins,0.00426,0.9305,0.00122,0.02949,,0.02213,2e-05,0.00446,0.00133,0.0012,,,0.00332,,,,7e-05,0.00183,0.00019,6e-32,,0.5,2e-269,,1e-219,0.3,1e-37,0.02,1e-13,,,9e-35,,,,0.7,0.5,0.003,bid
bin2,BIN2,Proteins,0.0016,0.93738,0.00104,0.04342,,0.00205,0.00031,0.00751,0.00077,0.0,,,0.00328,,,,0.00031,0.00222,0.0001,3e-07,,9e-08,0.0,,5e-22,0.0002,3e-66,5e-05,0.9,,,3e-34,,,,0.02,0.2,0.03,bin2
birc2,BIRC2,Proteins,0.00185,0.95376,0.00075,0.03227,,0.00246,0.00027,0.00343,0.00087,0.00019,,,0.00158,,,,0.00011,0.00248,0.0,9e-07,,1.0,4e-282,,3.9999999999999997e-25,0.0006,1.9999999999999998e-26,0.02,0.004,,,1e-16,,,,0.5,0.1,1.0,birc
blmh,BLMH,Proteins,0.00174,0.92743,0.00442,0.01695,,0.00665,0.00022,0.003,0.02713,0.00971,,,0.00145,,,,3e-05,0.00104,0.00023,5e-05,,4e-05,3e-152,,8e-69,0.002,2.0000000000000002e-24,5e-232,2e-99,,,2e-16,,,,0.9,1.0,0.001,blmh
blnk,BLNK,Proteins,0.01025,0.95451,0.00069,0.00596,,0.01717,0.00133,0.00129,0.00075,0.00658,,,1e-05,,,,6e-05,0.00133,7e-05,1e-53,,0.4,1e-43,,1.0000000000000001e-163,3e-14,4e-08,0.05,3e-64,,,0.5,,,,0.8,1.0,0.08,blnk
bloc1s2,BLOC1S2,Proteins,0.00056,0.99597,0.00029,0.00073,,6e-05,1e-05,0.0003,0.00014,0.00079,,,0.0,,,,2e-05,0.00108,5e-05,0.03,,0.0006,0.06,,0.1,0.5,0.3,0.02,9e-09,,,0.8,,,,1.0,1.0,0.2,bloc
bloc1s3,BLOC1S3,Proteins,0.00154,0.94523,0.00165,0.03769,,0.00346,0.00022,0.00445,0.00192,0.00012,,,0.00115,,,,9e-05,0.0024,8e-05,6e-06,,0.6,0.0,,5e-36,0.002,3e-37,0.0005,0.02,,,5e-13,,,,0.5,0.02,0.06,bloc1
blvrb,BLVRB,Proteins,0.00184,0.88934,0.0013,0.06499,,0.00309,0.00115,0.00424,0.03058,0.00122,,,4e-05,,,,8e-05,0.00189,0.00022,3e-11,,7e-09,0.0,,4.0000000000000006e-34,1e-13,2e-37,1e-309,2e-14,,,0.2,,,,0.5,0.4,0.001,blvr
bmp10,BMP10,Proteins,0.00187,0.86088,0.01511,0.00146,,0.03979,0.0006,0.00046,0.06618,0.00538,,,0.00685,,,,6e-05,0.00126,9e-05,1e-07,,5.0000000000000005e-158,1e-07,,0.0,6e-08,0.02,0.0,7e-59,,,2e-74,,,,0.7,0.9,0.03,bmp1
bmp4,BMP4,Proteins,0.00271,0.94163,0.00776,0.01281,,0.00117,1e-05,0.00592,0.02075,3e-05,,,0.00448,,,,0.00028,0.0018,0.00064,1e-20,,1e-73,3e-108,,4e-13,0.5,1.9999999999999998e-50,1e-198,0.3,,,1.0000000000000001e-45,,,,0.03,0.7,8e-08,bmp4
bmp6,BMP6,Proteins,0.00354,0.97779,0.00477,0.00257,,0.00346,2e-05,0.00112,0.00464,0.00021,,,1e-05,,,,0.00011,0.0016,0.00017,2e-13,,3e-45,2e-14,,7.0000000000000006e-34,0.4,2e-06,4.999999999999999e-44,0.003,,,0.5,,,,0.5,0.9,0.008,bmp6
bmper,BMPER,Proteins,0.0035,0.92927,0.00732,0.00167,,0.04746,0.00123,0.00049,0.00437,0.00098,,,0.00059,,,,8e-05,0.00139,0.00166,4e-22,,1e-51,3e-08,,0.0,8e-14,0.02,1e-22,3e-11,,,2e-07,,,,0.6,0.9,5e-18,bmpe
bnip2,BNIP2,Proteins,0.00169,0.98262,0.00042,0.00817,,0.00044,2e-05,0.00161,0.00065,1e-05,,,0.00227,,,,0.0002,0.00189,1e-05,6e-08,,0.01,1.9999999999999999e-63,,1e-05,0.3,1e-10,7e-05,0.4,,,2.0000000000000002e-23,,,,0.1,0.6,0.5,bnip
bnip3l,BNIP3L,Proteins,0.00254,0.92687,0.00361,0.03376,,0.01479,0.00012,0.00523,0.00651,0.00313,,,0.00037,,,,6e-05,0.00165,0.00138,2e-06,,3e-33,2e-304,,1.0000000000000001e-145,0.02,4.999999999999999e-44,1e-61,1.9999999999999998e-32,,,5e-05,,,,0.8,0.7,4e-15,bnip1
boc,BOC,Proteins,0.01518,0.92682,0.00855,0.0064,,0.01716,5e-05,0.00384,0.01949,0.00063,,,0.00032,,,,0.00019,0.00132,5e-05,1.9999999999999998e-97,,5e-76,2.0000000000000003e-49,,9.000000000000001e-169,0.1,3.0000000000000003e-31,7e-182,1e-07,,,0.0002,,,,0.1,1.0,0.1,boc
bola1,BOLA1,Proteins,0.0052,0.95212,0.00421,0.01057,,0.01494,0.00013,0.00307,0.00426,0.00255,,,0.00106,,,,3e-05,0.00138,0.00047,3e-43,,6e-32,6e-85,,5e-143,0.02,2.0000000000000002e-23,1.9999999999999998e-32,3.9999999999999996e-26,,,9e-12,,,,0.9,1.0,6e-06,bola
bola2_bola2b,BOLA2_BOLA2B,Proteins,0.0012,0.90681,0.00243,0.05281,,0.00847,0.00045,0.0066,0.01535,0.00129,,,0.00254,,,,0.0001,0.00186,0.00011,0.001,,1e-13,0.0,,9.999999999999999e-87,5e-06,2e-58,9.999999999999999e-143,1e-14,,,2e-27,,,,0.5,0.4,0.03,bola_bola
bpifa2,BPIFA2,Proteins,0.03202,0.89142,0.01413,0.00726,,0.04134,0.00062,0.00037,0.00504,0.0033,,,0.00292,,,,0.00019,0.00136,2e-05,6e-279,,4e-134,2e-57,,0.0,1e-07,0.1,2.0000000000000003e-45,3e-34,,,9.999999999999999e-31,,,,0.1,1.0,0.3,bpif
bpifb1,BPIFB1,Proteins,0.01815,0.85692,0.00382,0.00338,,0.03148,0.00087,0.00135,0.05422,0.0276,,,0.00037,,,,4e-05,0.00147,0.00033,1e-133,,6e-41,3.9999999999999997e-25,,0.0,6e-11,5e-10,0.0,1e-293,,,2e-05,,,,0.9,0.8,6e-05,bpif1
bpifb2,BPIFB2,Proteins,0.00895,0.81133,0.00421,0.00144,,0.12539,0.00118,0.0004,0.0451,0.0,,,0.00031,,,,0.00015,0.00152,3e-05,1.9999999999999998e-42,,3e-50,2e-08,,0.0,3e-15,0.03,0.0,0.9,,,6e-05,,,,0.2,0.6,0.2,bpif2
brap,BRAP,Proteins,0.00207,0.9345,0.00082,0.04346,,0.00455,0.00033,0.00771,0.00081,1e-05,,,0.00281,,,,0.00017,0.0026,0.00017,9e-10,,0.2,0.0,,9e-47,0.0001,4e-68,0.2,0.5,,,1.0000000000000001e-29,,,,0.2,0.002,0.005,brap
brd1,BRD1,Proteins,0.00079,0.99274,0.00075,0.00047,,0.00236,0.00024,0.0004,0.00013,0.00057,,,0.00013,,,,8e-05,0.00131,3e-05,0.009,,2e-07,0.4,,1.0000000000000001e-23,0.001,0.1,0.6,8e-07,,,0.02,,,,0.6,1.0,0.2,brd1
brd2,BRD2,Proteins,0.00069,0.99552,0.00011,0.00091,,8e-05,6e-05,0.00023,1e-05,0.00055,,,4e-05,,,,0.00038,0.00135,7e-05,0.001,,0.03,0.009,,0.06,0.1,0.6,0.5,2e-06,,,0.2,,,,0.008,1.0,0.09,brd2
brd3,BRD3,Proteins,0.00094,0.99306,0.00017,0.0023,,0.00051,2e-05,0.00036,9e-05,0.00016,,,8e-05,,,,0.00029,0.00195,6e-05,0.003,,0.08,6e-12,,4e-06,0.3,0.2,0.8,0.01,,,0.06,,,,0.03,0.6,0.1,brd3
brdt,BRDT,Proteins,0.00264,0.98698,0.0003,0.00617,,0.00043,0.00022,0.001,0.00032,2e-05,,,0.00056,,,,0.0001,0.00126,0.0,5e-11,,0.2,1e-43,,2e-05,0.002,2e-05,0.1,0.3,,,1e-06,,,,0.5,1.0,0.7,brdt
brk1,BRK1,Proteins,0.00523,0.94933,0.01718,0.01111,,0.00923,0.00016,0.00096,0.00313,0.00034,,,0.00041,,,,8e-05,0.00153,0.00131,4.0000000000000006e-34,,8e-156,3e-90,,8e-90,0.008,1e-05,1e-22,0.0001,,,2e-05,,,,0.6,1.0,4e-14,brk1
brme1,BRME1,Proteins,0.0006,0.99729,6e-05,0.00066,,0.0,1e-05,0.00023,7e-05,0.0,,,2e-05,,,,0.00014,0.00092,0.0,0.07,,0.1,0.1,,1.0,0.6,0.6,0.08,0.9,,,0.3,,,,0.3,1.0,0.7,brme
brsk2,BRSK2,Proteins,0.00146,0.97753,0.00085,0.01248,,9e-05,0.00015,0.00186,0.00329,0.00042,,,0.00032,,,,0.00011,0.00144,0.0,4e-07,,0.0002,8e-103,,0.04,0.01,6e-13,4.0000000000000003e-28,2e-05,,,0.0002,,,,0.4,0.9,0.8,brsk
bsg,BSG,Proteins,0.01785,0.86862,0.02303,0.00692,,0.04705,0.00019,0.00093,0.02334,0.00866,,,2e-05,,,,1e-05,0.0011,0.00228,2e-129,,2e-220,3e-60,,0.0,0.002,3e-06,1e-223,8e-95,,,0.3,,,,1.0,1.0,1.9999999999999998e-26,bsg
bsnd,BSND,Proteins,0.00031,0.9971,2e-05,0.00043,,8e-05,0.0,0.0001,0.00025,0.00017,,,1e-05,,,,8e-05,0.00145,0.0,0.05,,0.5,0.6,,0.06,0.9,1.0,0.002,0.009,,,0.6,,,,0.7,0.9,0.7,bsnd
bst1,BST1,Proteins,0.00161,0.96948,0.00055,0.00122,,4e-05,4e-05,0.00011,0.02504,0.00036,,,6e-05,,,,3e-05,0.00143,3e-05,9e-05,,0.04,5e-05,,0.2,0.2,0.9,2.9999999999999997e-236,7e-05,,,0.1,,,,0.9,1.0,0.3,bst1
bst2,BST2,Proteins,0.02061,0.90683,0.01027,0.00843,,0.03202,0.00217,0.00216,0.00766,0.00639,,,0.0,,,,0.00014,0.00116,0.00214,9e-85,,9e-62,5.000000000000001e-72,,0.0,3e-24,7e-17,6e-35,1e-67,,,0.7,,,,0.2,1.0,7.000000000000001e-24,bst2
btc,BTC,Proteins,0.03347,0.94725,0.00117,0.00804,,0.0004,0.0006,0.00174,0.00096,4e-05,,,0.00419,,,,0.00027,0.00185,2e-05,1.9999999999999998e-284,,0.0002,1e-62,,3e-05,3e-07,7e-12,0.03,0.2,,,6.999999999999999e-42,,,,0.04,0.8,0.4,btc
btd,BTD,Proteins,0.00113,0.94996,0.0092,0.00096,,0.0227,0.00057,0.00073,0.01283,0.0,,,2e-05,,,,2e-05,0.00121,0.00066,0.009,,1e-18,0.002,,7e-223,3e-07,0.0005,1.9999999999999998e-54,1.0,,,0.4,,,,1.0,1.0,4e-08,btd
btla,BTLA,Proteins,0.0006,0.9959,0.00041,0.00042,,0.00037,0.0001,0.00039,0.0001,3e-05,,,1e-05,,,,0.00015,0.00144,7e-05,0.03,,3e-05,0.6,,9e-05,0.04,0.1,0.04,0.3,,,0.5,,,,0.3,0.9,0.09,btla
btn1a1,BTN1A1,Proteins,0.00292,0.9933,0.00043,0.00073,,0.00036,0.00018,0.00016,0.00019,7e-05,,,8e-05,,,,0.0001,0.00122,0.00024,6e-22,,0.0001,0.05,,8e-05,0.006,0.8,0.04,0.07,,,0.06,,,,0.5,1.0,0.001,btn1
btn2a1,BTN2A1,Proteins,0.01888,0.89616,0.04164,0.00279,,0.02758,0.0,0.00073,0.00111,0.00095,,,0.00561,,,,6e-05,0.00123,0.00327,1e-133,,0.0,1e-18,,7.999999999999999e-284,1.0,0.0003,0.1,2e-11,,,6e-60,,,,0.7,1.0,1e-35,btn2
btn3a2,BTN3A2,Proteins,0.00492,0.94453,0.01902,0.00386,,0.02236,1e-05,0.00108,0.00038,0.00048,,,0.00041,,,,0.00012,0.00102,0.00181,1e-37,,5e-183,1.9999999999999998e-26,,9.999999999999999e-219,0.6,1e-06,0.5,3e-06,,,2e-05,,,,0.4,1.0,2e-19,btn3
btnl10,BTNL10,Proteins,0.00055,0.99607,7e-05,0.00052,,0.00088,8e-05,0.00018,6e-05,4e-05,,,2e-05,,,,0.00016,0.00136,1e-05,0.02,,0.1,0.4,,1e-09,0.06,0.8,0.1,0.2,,,0.4,,,,0.2,1.0,0.5,btnl
c19orf12,C19ORF12,Proteins,0.00464,0.87942,0.00249,0.00194,,0.07853,0.00208,0.00126,0.02513,0.00138,,,0.00117,,,,4e-05,0.00182,0.0001,3e-15,,0.0004,4e-11,,0.0,3e-23,1e-08,2e-235,6e-16,,,1e-13,,,,0.9,0.5,0.03,c19o
c1galt1c1,C1GALT1C1,Proteins,0.00147,0.99078,0.00038,0.00123,,3e-05,7e-05,0.00012,0.00272,4e-05,,,0.00129,,,,0.00014,0.00163,9e-05,4e-07,,0.007,0.0001,,0.2,0.1,0.9,7.999999999999999e-25,0.2,,,2e-13,,,,0.3,0.9,0.05,c1ga
c1qa,C1QA,Proteins,0.01474,0.93426,0.01319,0.00363,,2e-05,0.00118,0.00044,0.01573,0.00621,,,0.00644,,,,5e-05,0.00089,0.00322,2.9999999999999998e-114,,3e-63,3.9999999999999997e-25,,0.4,2e-13,0.05,2.0000000000000001e-88,8e-64,,,4.0000000000000004e-66,,,,0.8,1.0,5e-34,c1qa
c1qbp,C1QBP,Proteins,0.00091,0.9884,0.0002,0.00561,,0.00095,0.0,0.00146,7e-05,0.00014,,,0.00078,,,,5e-05,0.00134,8e-05,0.003,,0.004,2e-40,,1e-10,0.8,2e-09,0.1,0.01,,,6e-09,,,,0.8,1.0,0.06,c1qb
c1ql2,C1QL2,Proteins,0.00544,0.89908,0.01984,0.00051,,0.00262,5e-05,0.00019,0.07063,0.0,,,6e-05,,,,3e-05,0.00125,0.00029,1e-31,,8e-194,0.3,,3e-28,0.1,0.6,0.0,1.0,,,0.09,,,,0.9,1.0,0.0003,c1ql
c1qtnf1,C1QTNF1,Proteins,0.0037,0.92377,0.0223,0.00141,,0.03931,0.00017,0.00195,0.00312,0.00102,,,0.00044,,,,8e-05,0.00159,0.00114,6e-25,,6e-203,1e-06,,0.0,0.006,2e-14,4e-12,7e-12,,,6e-06,,,,0.6,0.8,4e-13,c1qt
c1qtnf5,C1QTNF5,Proteins,0.01044,0.91638,0.00057,0.00347,,0.01516,0.001,0.00041,0.00065,0.00051,,,0.04882,,,,0.0002,0.00194,0.00045,8.000000000000001e-88,,0.3,1.0000000000000001e-23,,7.999999999999999e-152,1e-11,0.06,0.03,1e-06,,,0.0,,,,0.1,0.2,6e-06,c1qt1
c1qtnf6,C1QTNF6,Proteins,0.00111,0.98684,0.0006,0.00089,,0.00746,8e-05,0.00069,0.00088,0.0,,,1e-05,,,,0.00028,0.00088,0.00028,4e-05,,0.0008,0.007,,2.0000000000000002e-72,0.06,0.002,1e-06,0.7,,,0.6,,,,0.03,1.0,0.0005,c1qt2
c1qtnf9,C1QTNF9,Proteins,0.00442,0.97885,0.00429,0.00131,,0.00123,0.00033,0.00094,0.00429,0.00215,,,0.00051,,,,4e-05,0.00162,3e-05,3e-17,,2.0000000000000003e-34,3e-05,,4e-13,0.0002,3e-05,2.0000000000000003e-34,8e-22,,,3e-06,,,,0.9,0.8,0.3,c1qt3
c1r,C1R,Proteins,0.0033,0.936,0.00417,0.00492,,0.03168,0.00076,0.00137,0.00683,0.00255,,,0.00674,,,,5e-05,0.00151,0.00013,1e-21,,8e-27,1e-36,,3e-313,3e-09,3e-09,2e-53,3e-27,,,4e-69,,,,0.8,0.8,0.02,c1r
c1rl,C1RL,Proteins,0.00859,0.88224,0.00384,0.00285,,0.06223,0.00031,0.00042,0.03773,0.00022,,,0.00016,,,,8e-05,0.00097,0.00035,6e-43,,1.9999999999999998e-42,9e-20,,0.0,0.0001,0.04,0.0,0.001,,,0.005,,,,0.6,1.0,4e-05,c1rl
c1s,C1S,Proteins,0.00363,0.92652,0.00742,0.00269,,0.04352,0.00107,0.00049,0.00675,0.00272,,,0.00357,,,,4e-05,0.00157,1e-05,1e-22,,5e-52,4e-17,,0.0,2e-12,0.02,3e-45,3e-29,,,7e-38,,,,0.9,0.7,0.6,c1s
c2,C2,Proteins,0.00709,0.89524,0.01045,0.00246,,0.05704,0.00173,0.00054,0.02358,0.00026,,,0.00021,,,,3e-05,0.00137,1e-05,5.0000000000000005e-37,,1.0000000000000001e-88,1e-15,,0.0,1e-19,0.008,2.9999999999999997e-222,0.0005,,,0.001,,,,0.9,1.0,0.6,c2
c2cd2l,C2CD2L,Proteins,0.00141,0.9832,0.00035,0.00634,,0.00441,1e-05,0.00166,0.0003,7e-05,,,0.00024,,,,0.00021,0.00166,0.00015,6e-08,,0.1,3e-45,,1.9999999999999998e-42,0.6,1e-10,0.6,0.08,,,0.001,,,,0.1,0.9,0.01,c2cd
c2orf69,C2ORF69,Proteins,0.00186,0.97042,0.00039,0.0176,,0.00299,3e-05,0.00249,0.00046,0.00012,,,0.00215,,,,6e-05,0.00141,2e-05,2e-13,,0.007,1e-146,,6.999999999999999e-30,0.3,7e-18,0.001,0.02,,,6e-22,,,,0.7,1.0,0.3,c2or
c3,C3,Proteins,0.00973,0.83406,0.00338,0.00958,,0.13057,0.00225,0.00628,0.00153,1e-05,,,0.0002,,,,0.00012,0.00223,6e-05,3.9999999999999995e-42,,1e-22,5e-86,,0.0,9.999999999999999e-26,5e-59,0.02,0.4,,,0.002,,,,0.3,0.02,0.09,c3
c4bpb,C4BPB,Proteins,0.00394,0.91837,0.02324,0.00162,,0.00191,0.00018,0.00084,0.04615,0.0025,,,0.00011,,,,0.00011,0.001,2e-05,7e-17,,6e-178,2e-08,,4e-21,0.003,5e-05,0.0,4e-27,,,0.02,,,,0.4,1.0,0.3,c4bp
c5,C5,Proteins,0.00099,0.96482,0.0083,0.00129,,0.01952,0.00048,0.00042,0.00266,0.0001,,,0.00011,,,,0.00011,0.00099,0.00021,0.003,,5.000000000000001e-72,2e-05,,2e-189,4e-06,0.07,2e-17,0.03,,,0.03,,,,0.4,1.0,0.002,c5
c7,C7,Proteins,0.00792,0.93263,0.04194,0.0026,,0.00307,0.00087,0.0003,0.00489,3e-05,,,0.00034,,,,9e-05,0.00123,0.00409,4e-57,,0.0,1e-15,,7e-32,4e-10,0.3,1.0000000000000001e-49,0.3,,,8e-05,,,,0.5,1.0,9e-42,c7
c7orf50,C7ORF50,Proteins,0.00077,0.94537,0.0019,0.02646,,0.01264,0.00054,0.00318,0.00289,0.00214,,,0.00205,,,,0.00024,0.00182,0.0,0.005,,5e-06,6.0000000000000005e-239,,4.0000000000000004e-126,7e-07,1.9999999999999998e-25,5e-16,7.000000000000001e-23,,,5e-22,,,,0.05,0.4,1.0,c7or
c8b,C8B,Proteins,0.00208,0.94937,0.00529,0.00081,,0.01002,0.00029,0.00039,0.03008,0.0002,,,5e-05,,,,8e-05,0.00123,0.0001,7e-11,,1.9999999999999998e-30,0.01,,3e-100,0.0003,0.09,6e-271,0.003,,,0.1,,,,0.6,1.0,0.04,c8b
c9,C9,Proteins,0.00207,0.95068,0.00844,0.0018,,0.0003,0.00153,0.00033,0.03006,0.00164,,,0.00036,,,,0.0002,0.00115,0.00144,3e-08,,1e-68,2e-09,,0.0003,1e-16,0.2,3e-277,8e-18,,,5e-05,,,,0.1,1.0,7e-16,c9
c9orf40,C9ORF40,Proteins,0.00148,0.90912,0.00024,0.07217,,0.00121,0.0006,0.00362,0.00723,0.00178,,,0.00048,,,,0.00016,0.00188,3e-05,0.0001,,0.8,0.0,,5e-14,1e-07,9e-31,2e-73,5e-20,,,2e-06,,,,0.2,0.2,0.3,c9or
ca1,CA1,Proteins,0.0009,0.8794,0.0013,0.06461,,0.00301,0.00105,0.00365,0.0419,0.00094,,,0.0004,,,,5e-05,0.00259,0.00022,0.006,,2e-10,0.0,,9.999999999999999e-33,2e-12,6.0000000000000005e-31,0.0,3e-11,,,1e-05,,,,0.8,0.007,0.001,ca1
ca11,CA11,Proteins,0.00126,0.98838,0.00027,0.00049,,0.00148,0.00013,0.00019,0.00656,6e-05,,,4e-05,,,,0.00014,0.001,0.0,6e-07,,0.002,0.4,,3e-15,0.02,0.7,1e-61,0.1,,,0.2,,,,0.3,1.0,0.7,ca11
ca12,CA12,Proteins,0.0067,0.96017,0.00786,0.00226,,0.00277,0.00018,0.00138,0.00964,0.0003,,,0.00653,,,,1e-05,0.00109,0.00111,2e-35,,2e-38,1e-12,,2.0000000000000002e-28,0.005,5e-09,2e-55,0.0003,,,1e-64,,,,1.0,1.0,3e-12,ca12
ca13,CA13,Proteins,0.00133,0.96351,0.00061,0.02336,,0.00107,0.00014,0.00242,0.00072,2e-05,,,0.00456,,,,5e-05,0.00215,5e-05,6e-06,,0.09,3e-202,,6e-12,0.01,1e-17,0.006,0.4,,,2.0000000000000003e-45,,,,0.8,0.2,0.1,ca13
ca14,CA14,Proteins,0.00503,0.79894,0.02135,0.00331,,0.08337,2e-05,0.00097,0.08223,0.00162,,,1e-05,,,,2e-05,0.00146,0.00169,2e-20,,2.0000000000000001e-233,2e-27,,0.0,0.3,2e-07,0.0,1e-20,,,0.4,,,,1.0,0.8,2e-21,ca14
ca2,CA2,Proteins,0.00166,0.87177,0.00117,0.06959,,0.00528,0.00109,0.00545,0.03828,0.00172,,,0.00169,,,,7e-05,0.00202,0.00022,6e-07,,1e-09,0.0,,9e-58,3e-13,1.9999999999999998e-50,0.0,5e-20,,,1e-19,,,,0.7,0.2,0.001,ca2
ca3,CA3,Proteins,0.0048,0.8807,0.02351,0.0426,,0.00698,0.00123,0.00231,0.03368,0.00062,,,0.00022,,,,0.00014,0.00162,0.00159,3e-22,,3e-232,0.0,,1.0000000000000001e-75,1e-14,5e-19,0.0,4e-08,,,0.001,,,,0.2,0.7,1e-18,ca3
ca4,CA4,Proteins,0.00387,0.9463,0.00633,0.00078,,0.0037,0.00012,0.00082,0.00646,0.02844,,,0.00207,,,,2e-05,0.00109,0.0,2.0000000000000002e-29,,6e-52,0.02,,2e-38,0.02,0.0001,3e-53,5e-279,,,3e-22,,,,1.0,1.0,0.8,ca4
ca5a,CA5A,Proteins,0.00448,0.85119,0.00359,0.00297,,0.07434,0.00093,0.00146,0.05746,0.00121,,,0.00019,,,,9e-05,0.00171,0.00037,5e-24,,2e-20,4e-21,,0.0,1e-11,6e-11,0.0,1e-14,,,0.002,,,,0.5,0.5,2e-05,ca5a
ca6,CA6,Proteins,0.00517,0.83955,0.01287,0.00306,,0.01611,5e-05,0.0006,0.11028,0.0086,,,1e-05,,,,6e-05,0.00166,0.00197,1.0000000000000001e-24,,6e-137,8.000000000000001e-23,,9e-178,0.1,0.001,0.0,4e-96,,,0.6,,,,0.7,0.6,2.0000000000000002e-23,ca6
ca7,CA7,Proteins,0.00039,0.99371,0.00061,0.00037,,0.00302,3e-05,0.00037,0.00024,2e-05,,,0.0,,,,0.00025,0.00098,1e-05,0.1,,3e-06,0.7,,1.0000000000000001e-29,0.3,0.2,0.01,0.4,,,0.7,,,,0.05,1.0,0.5,ca7
ca8,CA8,Proteins,0.00177,0.99218,0.00148,0.00133,,0.0,0.00014,0.0003,0.00098,7e-05,,,0.00015,,,,5e-05,0.00143,0.00012,1e-06,,6e-12,3e-05,,0.8,0.01,0.3,3e-07,0.09,,,0.01,,,,0.8,1.0,0.02,ca8
ca9,CA9,Proteins,0.00407,0.91559,0.03181,0.00137,,0.03398,0.00403,0.00026,0.00392,0.00177,,,0.00056,,,,6e-05,0.00125,0.00133,5e-11,,2e-321,1e-06,,0.0,5e-43,0.3,2e-41,8e-20,,,3e-07,,,,0.7,1.0,3e-15,ca9
cabp2,CABP2,Proteins,0.00181,0.98683,0.00105,0.00476,,0.0001,0.00021,0.00076,0.00046,0.0015,,,0.00096,,,,7e-05,0.00148,1e-05,4e-09,,8e-08,6e-32,,0.04,0.003,0.0006,0.05,1e-15,,,2e-10,,,,0.7,0.9,0.5,cabp
cacna1c,CACNA1C,Proteins,0.00039,0.99638,5e-05,0.00064,,0.00024,4e-05,0.0004,0.00027,2e-05,,,1e-05,,,,0.00027,0.00129,0.0,0.07,,0.2,0.1,,0.002,0.2,0.1,0.0008,0.4,,,0.4,,,,0.05,1.0,0.8,cacn
cacna1h,CACNA1H,Proteins,0.00069,0.99332,0.00086,0.00053,,0.00232,6e-05,0.00043,9e-05,0.00058,,,5e-05,,,,3e-05,0.00102,0.0,0.0007,,7e-09,0.3,,7.000000000000001e-23,0.1,0.08,0.3,8e-07,,,0.1,,,,0.9,1.0,0.7,cacn1
cacnb1,CACNB1,Proteins,0.00057,0.99671,3e-05,0.00045,,5e-05,3e-05,0.00024,0.00029,0.00032,,,0.0,,,,7e-05,0.00123,0.0,0.01,,0.3,0.5,,0.1,0.3,0.5,0.0006,0.0003,,,0.7,,,,0.7,1.0,0.8,cacn2
cacnb3,CACNB3,Proteins,0.0022,0.95971,0.00119,0.02086,,0.00805,3e-05,0.00192,0.00114,0.00049,,,0.00215,,,,0.0002,0.002,7e-05,2e-07,,0.009,5e-183,,4e-80,0.3,1e-13,0.03,3e-06,,,1e-22,,,,0.1,0.2,0.08,cacn3
cacybp,CACYBP,Proteins,0.00177,0.94875,0.00099,0.0318,,0.00473,0.00011,0.00379,0.00114,0.00012,,,0.00419,,,,7e-05,0.00247,6e-05,2e-06,,2e-07,8e-281,,2.9999999999999997e-47,0.03,3.9999999999999996e-30,5e-09,0.02,,,3.9999999999999995e-42,,,,0.7,0.02,0.1,cacy
cadps,CADPS,Proteins,0.00057,0.99713,9e-05,0.00054,,5e-05,0.0,9e-05,6e-05,0.0001,,,1e-05,,,,4e-05,0.00132,0.0,0.0008,,0.2,0.3,,0.2,0.9,1.0,0.5,0.04,,,0.4,,,,0.9,1.0,0.8,cadp
calb1,CALB1,Proteins,0.0103,0.89171,0.05478,0.01019,,0.01703,5e-05,0.00104,0.00783,0.0018,,,0.00166,,,,8e-05,0.00128,0.00225,5.999999999999999e-84,,0.0,9e-90,,6e-177,0.1,7e-07,1e-79,2e-20,,,6e-19,,,,0.6,1.0,3.9999999999999997e-25,calb
calb2,CALB2,Proteins,0.00218,0.82324,0.00371,0.00331,,0.10615,0.00046,0.00124,0.05624,0.00127,,,0.0,,,,7e-05,0.00131,0.00082,3e-17,,4.0000000000000006e-34,1.9999999999999998e-25,,0.0,2e-06,3e-09,0.0,1e-15,,,0.7,,,,0.6,1.0,1e-10,calb1
calca,CALCA,Proteins,0.0053,0.62522,0.01177,0.00152,,0.03857,0.0004,0.00089,0.30196,0.01077,,,0.00083,,,,8e-05,0.00155,0.00113,1e-47,,3e-148,4e-13,,0.0,2e-07,1e-08,0.0,5e-159,,,8e-14,,,,0.3,0.1,2e-18,calc1
calcb,CALCB,Proteins,0.00653,0.95507,0.02001,0.00132,,0.00952,0.0003,0.00039,0.00274,0.00101,,,0.00044,,,,9e-05,0.00095,0.00164,2e-44,,8.000000000000001e-186,1e-05,,1e-94,0.0002,0.09,2e-18,2e-11,,,8e-06,,,,0.6,1.0,9e-18,calc2
calcoco1,CALCOCO1,Proteins,0.00075,0.8948,0.00059,0.08058,,0.00157,0.00011,0.01555,0.00094,5e-05,,,0.00154,,,,0.00011,0.00331,0.00011,0.003,,0.001,0.0,,4e-18,0.02,2e-151,2e-07,0.1,,,1e-17,,,,0.4,2e-05,0.02,calc3
calcoco2,CALCOCO2,Proteins,0.00229,0.93378,0.00058,0.0433,,0.0073,9e-05,0.00798,0.00036,0.0,,,0.00134,,,,0.00012,0.00285,2e-05,4e-10,,0.0004,0.0,,6e-73,0.05,1e-69,0.08,0.7,,,1e-14,,,,0.3,0.002,0.4,calc4
caly,CALY,Proteins,0.00052,0.99547,0.00033,0.0006,,0.00063,6e-05,0.0003,0.00056,0.00011,,,0.0001,,,,0.00013,0.00118,0.0,0.01,,0.0002,0.2,,3e-07,0.1,0.3,1e-06,0.03,,,0.04,,,,0.4,1.0,0.8,caly
camkk1,CAMKK1,Proteins,0.00212,0.96762,0.00063,0.01597,,0.00774,1e-05,0.00262,0.00043,0.00022,,,0.00034,,,,0.0001,0.00203,0.00017,4e-07,,0.0002,9e-132,,3e-74,0.5,5e-19,0.03,0.002,,,0.0001,,,,0.5,0.6,0.007,camk
camlg,CAMLG,Proteins,0.00129,0.9774,0.00168,0.01191,,0.0004,0.00015,0.00232,0.00286,0.00024,,,0.00034,,,,3e-05,0.00135,3e-05,4e-07,,2e-17,7e-95,,4e-05,0.01,2e-16,2.0000000000000002e-28,0.001,,,0.0001,,,,1.0,1.0,0.2,caml
camsap1,CAMSAP1,Proteins,0.00096,0.91529,0.00092,0.06356,,0.00228,0.0001,0.01164,0.00056,6e-05,,,0.00086,,,,0.00019,0.00357,1e-05,0.001,,8e-06,0.0,,5e-25,0.03,2e-109,0.08,0.09,,,2e-10,,,,0.1,5e-08,0.6,cams
cant1,CANT1,Proteins,0.02388,0.91935,0.0078,0.00345,,0.03303,0.0,0.00173,0.00271,0.00119,,,0.00517,,,,7e-05,0.0013,0.00029,3e-217,,2.9999999999999998e-55,1.0000000000000001e-23,,0.0,0.6,1e-12,0.001,1e-13,,,7.999999999999999e-54,,,,0.6,1.0,0.0002,cant
capg,CAPG,Proteins,0.00599,0.90218,0.02571,0.01565,,0.03021,0.00073,0.00177,0.00135,0.01085,,,0.00123,,,,9e-05,0.0017,0.00252,6e-37,,8e-260,2e-141,,3e-305,5e-09,4e-13,2e-14,5e-112,,,3e-14,,,,0.5,0.8,2e-27,capg
capn3,CAPN3,Proteins,0.00129,0.98383,0.00118,0.001,,0.00035,2e-05,0.00025,0.01031,0.00014,,,0.00038,,,,8e-05,0.00108,9e-05,4e-06,,1e-07,0.002,,9e-05,0.3,0.4,5e-94,0.01,,,5e-05,,,,0.6,1.0,0.05,capn
caps,CAPS,Proteins,0.01559,0.87594,0.07705,0.00591,,0.01304,0.0,0.00303,0.00518,0.0002,,,0.00205,,,,5e-05,0.001,0.00097,4.0000000000000004e-131,,0.0,2.0000000000000003e-49,,5e-140,0.8,3e-26,1e-55,0.002,,,1.0000000000000001e-23,,,,0.8,1.0,5e-12,caps
carhsp1,CARHSP1,Proteins,0.0011,0.90632,0.00146,0.05243,,0.00176,0.00041,0.00445,0.02856,0.00124,,,0.00019,,,,0.00013,0.00184,0.00011,0.002,,2e-11,0.0,,2e-19,2e-05,8e-38,6.9999999999999994e-279,4e-14,,,0.003,,,,0.3,0.6,0.02,carh
casc3,CASC3,Proteins,0.00212,0.96162,0.00094,0.01763,,0.01023,1e-05,0.0024,0.00198,0.00013,,,0.00082,,,,6e-05,0.00205,2e-05,9e-08,,0.7,3e-148,,2e-98,0.5,2e-17,1e-11,0.02,,,2e-09,,,,0.8,0.3,0.4,casc
casp1,CASP1,Proteins,0.00096,0.95162,0.00323,0.02514,,0.00782,0.0,0.00264,0.00124,0.00213,,,0.00315,,,,0.00012,0.0016,0.00037,0.0002,,1.9999999999999998e-32,6e-218,,2.9999999999999996e-76,0.9,1e-19,3e-13,5e-22,,,7e-32,,,,0.4,0.9,6e-05,casp
casp10,CASP10,Proteins,0.00137,0.95263,0.00058,0.02905,,0.00474,1e-05,0.00365,0.00329,0.00072,,,0.00166,,,,0.00021,0.00201,8e-05,1e-05,,0.3,2e-253,,5.999999999999999e-47,0.6,2.0000000000000002e-28,9e-28,2e-08,,,2e-17,,,,0.1,0.5,0.06,casp1
casp2,CASP2,Proteins,0.00156,0.9463,0.00099,0.03462,,0.00498,3e-05,0.00442,0.00124,0.00017,,,0.00353,,,,9e-05,0.00199,6e-05,5e-06,,2e-06,1e-312,,1.9999999999999998e-50,0.2,2e-36,7e-09,0.006,,,2e-36,,,,0.5,0.3,0.1,casp2
casp3,CASP3,Proteins,0.00194,0.94691,0.00084,0.03608,,0.00191,7e-05,0.0046,0.00046,6e-05,,,0.00487,,,,8e-05,0.00214,4e-05,2e-07,,6e-06,0.0,,1e-20,0.07,1e-38,0.07,0.1,,,6e-50,,,,0.6,0.2,0.2,casp3
casp4,CASP4,Proteins,0.00292,0.9933,0.00086,0.00085,,2e-05,3e-05,0.00025,0.00017,0.00047,,,1e-05,,,,7e-05,0.00106,0.0,1.0000000000000001e-23,,5e-09,0.01,,0.4,0.2,0.5,0.03,9e-06,,,0.5,,,,0.7,1.0,1.0,casp4
casp7,CASP7,Proteins,0.00148,0.96085,0.00067,0.02182,,0.00301,5e-05,0.00454,0.00069,0.00019,,,0.00394,,,,0.00011,0.00263,3e-05,2e-06,,0.9,9.999999999999999e-192,,5e-31,0.1,2e-37,0.4,0.004,,,4e-40,,,,0.4,0.005,0.2,casp5
casp8,CASP8,Proteins,0.00603,0.92618,0.00644,0.03748,,0.0035,0.0,0.00482,0.00954,7e-05,,,0.00379,,,,0.0001,0.00197,8e-05,2.0000000000000003e-49,,4e-51,0.0,,4e-37,0.7,1e-41,3e-82,0.08,,,5e-40,,,,0.4,0.5,0.06,casp6
casp9,CASP9,Proteins,0.00133,0.98289,0.00044,0.01003,,0.00135,0.00012,0.00116,0.00058,6e-05,,,0.00065,,,,6e-05,0.00127,5e-05,6e-05,,0.03,3e-77,,4e-14,0.02,8e-07,0.001,0.1,,,1e-07,,,,0.8,1.0,0.2,casp7
casq2,CASQ2,Proteins,0.00076,0.9969,4e-05,0.00062,,9e-05,0.0,0.00038,0.0002,0.0,,,0.0,,,,5e-05,0.00089,5e-05,7e-05,,0.3,0.2,,0.05,0.7,0.1,0.005,0.6,,,1.0,,,,0.9,1.0,0.1,casq
cat,CAT,Proteins,0.0014,0.85729,0.00257,0.0726,,0.00498,0.00108,0.00478,0.05217,0.00066,,,0.00053,,,,8e-05,0.00176,0.0001,0.003,,1e-07,0.0,,2.9999999999999998e-55,3e-13,2.9999999999999997e-44,0.0,1e-08,,,3e-07,,,,0.6,0.3,0.03,cat
cblif,CBLIF,Proteins,0.01068,0.9498,0.02873,0.00088,,2e-05,0.00269,0.00028,0.00086,0.00438,,,0.0,,,,8e-05,0.00131,0.00028,5.999999999999999e-93,,9.000000000000001e-273,0.006,,0.3,7e-28,0.3,1e-05,2e-44,,,0.9,,,,0.6,1.0,0.0004,cbli
cbln1,CBLN1,Proteins,0.00134,0.99393,0.00092,0.00052,,0.00011,2e-05,0.00037,0.00102,0.00047,,,5e-05,,,,3e-05,0.00117,5e-05,9e-06,,1e-09,0.3,,0.03,0.4,0.2,2e-10,9e-06,,,0.1,,,,1.0,1.0,0.2,cbln
cbln4,CBLN4,Proteins,0.00497,0.97183,0.00291,0.00202,,0.00636,0.00014,0.0005,0.00171,0.00812,,,0.00015,,,,0.00011,0.001,0.00018,8e-22,,3e-13,1e-10,,3.9999999999999997e-63,0.01,0.02,0.7,7e-80,,,0.009,,,,0.5,1.0,0.004,cbln1
cbs,CBS,Proteins,0.00072,0.93273,0.00196,0.00211,,0.03604,0.00075,0.00029,0.02307,0.00052,,,0.00039,,,,6e-05,0.00128,6e-05,0.002,,6e-07,1e-11,,0.0,6e-09,0.3,3e-211,1e-06,,,3e-05,,,,0.8,1.0,0.09,cbs
cbx2,CBX2,Proteins,0.00094,0.9948,0.00021,0.00056,,0.00053,4e-05,0.00016,0.00129,2e-05,,,0.0,,,,9e-05,0.00136,1e-05,0.0004,,0.01,0.3,,2e-06,0.2,0.8,8e-13,0.4,,,0.8,,,,0.6,1.0,0.6,cbx2
cc2d1a,CC2D1A,Proteins,0.00196,0.90025,0.00238,0.06451,,0.01324,0.0,0.00796,0.00565,0.00076,,,0.00073,,,,0.00014,0.0024,0.0,1e-05,,4e-06,0.0,,1e-136,0.9,3e-73,8e-40,2e-09,,,5e-09,,,,0.2,0.04,0.8,cc2d
ccar2,CCAR2,Proteins,0.00081,0.99005,0.00019,0.00213,,0.00353,0.00015,0.0004,0.00097,0.0,,,2e-05,,,,0.00015,0.00144,0.00016,0.001,,0.02,3e-11,,4e-35,0.01,0.1,3e-10,0.8,,,0.3,,,,0.3,0.9,0.009,ccar
ccdc134,CCDC134,Proteins,0.00214,0.9823,0.00022,0.00721,,0.00233,3e-05,0.00102,0.00123,0.00015,,,0.00164,,,,0.00014,0.00159,0.0,8e-09,,0.3,1.9999999999999998e-54,,7.000000000000001e-24,0.2,6e-06,2e-11,0.01,,,3e-17,,,,0.3,0.8,0.8,ccdc
ccdc28a,CCDC28A,Proteins,0.0006,0.99662,5e-05,0.00079,,1e-05,1e-05,0.00016,6e-05,3e-05,,,0.0,,,,0.00015,0.0014,0.00011,0.008,,0.7,0.03,,0.6,0.5,0.8,0.6,0.2,,,0.9,,,,0.3,1.0,0.03,ccdc1
ccdc50,CCDC50,Proteins,0.00196,0.98588,0.00048,0.00372,,0.00035,0.0,0.0005,0.00026,0.00256,,,0.00301,,,,6e-05,0.00121,1e-05,4e-07,,0.002,3e-24,,9e-05,0.9,0.02,0.5,3.9999999999999996e-26,,,1.9999999999999998e-30,,,,0.8,1.0,0.5,ccdc2
ccdc80,CCDC80,Proteins,0.01135,0.76065,0.14762,0.0035,,0.05575,0.00124,0.0069,0.00361,0.00352,,,0.00132,,,,4e-05,0.0012,0.00331,9e-83,,0.0,9.999999999999999e-31,,0.0,9e-17,2.0000000000000002e-75,1e-08,2e-44,,,8e-18,,,,0.8,0.9,5e-42,ccdc3
ccer2,CCER2,Proteins,0.00959,0.95034,0.00043,0.00196,,0.00042,0.00012,0.0015,0.02825,0.00595,,,0.0,,,,7e-05,0.00108,0.0003,1.9999999999999998e-54,,3e-05,3e-10,,2e-05,0.02,7e-10,2.0000000000000002e-268,8e-59,,,0.8,,,,0.7,1.0,0.0003,ccer
ccl11,CCL11,Proteins,0.0115,0.85466,0.06997,0.01681,,0.00313,0.00025,0.00266,0.01623,0.02116,,,0.00069,,,,5e-05,0.0011,0.0018,4e-90,,0.0,5.000000000000001e-165,,4e-36,0.0004,3e-23,3e-132,2.9999999999999997e-231,,,4e-09,,,,0.8,1.0,2e-21,ccl1
ccl13,CCL13,Proteins,0.0069,0.94267,0.0251,0.00805,,0.00954,0.0002,0.00126,0.00159,0.00107,,,0.0017,,,,0.00015,0.00152,0.00024,8.000000000000001e-29,,2e-235,2e-65,,2.9999999999999997e-96,0.003,3e-08,0.0002,3e-12,,,1e-18,,,,0.2,0.9,0.0009,ccl11
ccl14,CCL14,Proteins,0.01508,0.92135,0.01858,0.00826,,0.01634,0.00187,0.00076,0.01334,2e-05,,,0.00121,,,,4e-05,0.00162,0.00151,1e-109,,3.0000000000000002e-183,8e-68,,8e-164,2e-20,0.0003,1.0000000000000001e-131,0.3,,,9e-14,,,,0.9,0.8,8e-17,ccl12
ccl15,CCL15,Proteins,0.01612,0.91767,0.0375,0.00163,,0.01376,0.0001,0.00045,0.00259,0.00502,,,0.00037,,,,6e-05,0.00141,0.00331,2e-95,,0.0,2e-08,,2e-141,0.03,0.03,4e-27,5e-53,,,3e-05,,,,0.7,0.9,1e-35,ccl13
ccl16,CCL16,Proteins,0.00661,0.8191,0.02823,0.0036,,0.07827,0.00111,0.00048,0.05072,0.00741,,,0.00218,,,,0.00022,0.00113,0.00096,4e-38,,3e-291,2.0000000000000002e-29,,0.0,2e-14,0.009,0.0,3e-86,,,9.999999999999999e-27,,,,0.04,1.0,1e-12,ccl14
ccl17,CCL17,Proteins,0.00372,0.9537,0.0114,0.00504,,0.00386,0.00026,0.00148,0.00144,0.0144,,,0.00226,,,,0.00011,0.00147,0.00086,3e-12,,5e-101,2e-36,,3e-39,0.0006,7e-10,0.0001,2e-140,,,1.0000000000000001e-23,,,,0.5,0.9,7e-10,ccl15
ccl18,CCL18,Proteins,0.00345,0.87155,0.04835,0.00234,,0.05884,0.00142,0.00034,0.00883,0.00046,,,0.00019,,,,0.00012,0.00121,0.0029,6e-22,,0.0,7e-15,,0.0,1e-16,0.1,2e-77,3e-06,,,0.002,,,,0.3,1.0,3.9999999999999997e-32,ccl16
ccl19,CCL19,Proteins,0.00419,0.93767,0.01201,0.00248,,0.03444,0.00048,0.0005,0.00323,0.00129,,,0.0002,,,,9e-05,0.00128,0.00212,3e-15,,1.0000000000000001e-112,4e-15,,0.0,2e-06,0.02,1.9999999999999998e-25,1e-14,,,0.002,,,,0.6,1.0,6e-23,ccl17
ccl2,CCL2,Proteins,0.02433,0.86095,0.01706,0.06579,,0.00582,2e-05,0.01425,0.00631,0.00316,,,2e-05,,,,2e-05,0.00179,0.0005,9.999999999999999e-244,,2e-160,0.0,,6e-64,0.4,1e-141,1e-46,1e-35,,,0.3,,,,1.0,0.5,7e-07,ccl2
ccl20,CCL20,Proteins,0.0123,0.91431,0.01731,0.00511,,0.03451,0.00276,0.00024,0.0026,0.0069,,,5e-05,,,,3e-05,0.00162,0.00225,1e-92,,6e-159,1.0000000000000001e-39,,0.0,3.9999999999999996e-30,0.4,6e-09,2.0000000000000002e-72,,,0.1,,,,0.9,0.7,6.9999999999999995e-25,ccl21
ccl21,CCL21,Proteins,0.00397,0.9253,0.00811,0.00953,,0.03023,0.00105,0.00149,0.00321,0.01181,,,0.00038,,,,9e-05,0.00132,0.00351,3e-22,,1e-76,2e-80,,6e-301,3e-12,2e-10,1e-27,6e-120,,,3e-05,,,,0.6,1.0,5.0000000000000005e-37,ccl22
ccl22,CCL22,Proteins,0.00428,0.8959,0.00787,0.00233,,0.04455,0.00218,0.00147,0.02234,0.01716,,,0.00011,,,,2e-05,0.00139,0.0004,2e-14,,2e-65,3e-14,,0.0,5e-24,2e-10,4e-211,1e-175,,,0.03,,,,0.9,0.9,1e-05,ccl23
ccl23,CCL23,Proteins,0.07087,0.87852,0.02123,0.00638,,0.01233,7e-05,0.00125,0.00476,0.00142,,,0.00069,,,,3e-05,0.00146,0.00099,0.0,,4e-213,1e-53,,1.0000000000000001e-131,0.07,6e-09,6e-41,1e-16,,,6e-09,,,,0.9,0.8,4e-12,ccl24
ccl24,CCL24,Proteins,0.02601,0.94123,0.01101,0.00213,,0.00151,8e-05,0.00045,0.01466,0.00089,,,0.00058,,,,7e-05,0.0013,8e-05,3e-235,,6e-77,6e-12,,1e-16,0.06,0.04,1.0000000000000001e-112,2e-10,,,3e-07,,,,0.7,1.0,0.06,ccl25
ccl25,CCL25,Proteins,0.00294,0.92439,0.05797,0.00119,,2e-05,0.0,0.00028,0.00471,0.00318,,,0.00155,,,,0.0001,0.001,0.00269,4e-15,,0.0,4e-05,,0.3,0.9,0.3,7e-07,5e-34,,,2e-17,,,,0.5,1.0,5.0000000000000004e-29,ccl26
ccl26,CCL26,Proteins,0.00244,0.94783,0.00046,0.00898,,0.00894,0.00065,0.0009,0.0269,0.00167,,,4e-05,,,,0.0001,0.0011,0.0,1e-08,,0.03,1.0000000000000001e-72,,7e-89,7e-08,3e-05,1e-257,5e-18,,,0.2,,,,0.5,1.0,0.9,ccl27
ccl27,CCL27,Proteins,0.02245,0.86388,0.08808,0.00485,,9e-05,0.00039,0.0036,0.0092,0.00306,,,0.0013,,,,0.00023,0.00154,0.00134,8e-215,,0.0,3e-39,,0.04,1e-05,4.999999999999999e-32,4e-21,1.0000000000000001e-34,,,1e-15,,,,0.05,0.8,4e-16,ccl28
ccl28,CCL28,Proteins,0.00941,0.93751,0.02316,0.00275,,0.01532,0.00017,0.00044,0.00676,0.00171,,,0.00075,,,,5e-05,0.00138,0.00059,2e-44,,2e-219,4e-17,,2e-151,0.006,0.05,2.0000000000000002e-60,2e-18,,,5e-09,,,,0.8,1.0,2e-07,ccl29
ccl3,CCL3,Proteins,0.00286,0.81532,0.06764,0.00468,,0.07958,0.00356,0.00046,0.00401,0.00155,,,0.01411,,,,0.0001,0.00163,0.00451,5e-12,,0.0,2e-40,,0.0,2.9999999999999996e-42,0.01,1e-33,2e-19,,,8e-161,,,,0.4,0.4,5e-53,ccl3
ccl4,CCL4,Proteins,0.00344,0.92844,0.02276,0.0015,,0.02703,0.00055,0.00059,0.00612,0.00151,,,0.00503,,,,4e-05,0.00144,0.00157,7e-14,,4e-198,3e-07,,7e-268,6e-07,0.004,5e-34,1e-16,,,5e-52,,,,0.9,0.9,2e-17,ccl4
ccl5,CCL5,Proteins,0.00415,0.93487,0.00127,0.02933,,0.0109,0.00012,0.00332,0.00619,0.00268,,,0.00491,,,,0.0001,0.00216,1e-05,3e-19,,5e-12,4e-267,,2e-109,0.02,8e-27,6e-61,2.0000000000000002e-28,,,9.999999999999999e-51,,,,0.5,0.2,0.4,ccl5
ccl7,CCL7,Proteins,0.03081,0.83776,0.04199,0.00491,,0.06489,0.0029,0.00188,0.00226,0.00566,,,0.00161,,,,8e-05,0.00153,0.00371,4.0000000000000005e-298,,0.0,2e-41,,0.0,7.0000000000000006e-34,1e-15,2e-22,3e-64,,,1e-19,,,,0.6,0.7,8e-43,ccl7
ccl8,CCL8,Proteins,0.00835,0.95524,0.01555,0.00237,,0.01086,0.00032,0.00031,0.0021,0.00121,,,0.00107,,,,7e-05,0.00152,0.00102,3e-50,,2e-136,8e-14,,1e-107,0.0001,0.2,2e-05,1e-13,,,4e-12,,,,0.7,1.0,1e-11,ccl8
ccn1,CCN1,Proteins,0.003,0.89496,0.04484,0.01965,,0.01017,0.00245,0.01051,0.00512,0.00138,,,0.00513,,,,9e-05,0.00198,0.00073,1e-12,,0.0,1.9999999999999998e-182,,2e-106,5e-27,3e-99,7e-12,7e-16,,,9.999999999999999e-55,,,,0.5,0.4,4e-09,ccn1
ccn2,CCN2,Proteins,0.00714,0.96898,0.00718,0.00326,,0.00493,3e-05,0.00102,0.00103,0.00048,,,0.00437,,,,6e-05,0.00152,0.0,3e-35,,1e-61,2e-20,,7e-49,0.2,5e-06,0.02,5e-06,,,2e-43,,,,0.8,0.9,0.9,ccn2
ccn3,CCN3,Proteins,0.01065,0.79065,0.12642,0.00368,,0.04719,0.00114,0.00064,0.00093,0.00043,,,0.01315,,,,4e-05,0.00146,0.00362,3e-85,,0.0,1e-31,,0.0,4e-15,0.0003,0.2,1e-06,,,4e-156,,,,0.8,0.7,1e-44,ccn3
ccn4,CCN4,Proteins,0.00743,0.92043,0.01958,0.00256,,0.02982,0.00011,0.00062,0.00886,0.00035,,,0.00747,,,,4e-05,0.0015,0.00122,5e-35,,3.0000000000000004e-196,3e-16,,1e-300,0.03,0.002,1.0000000000000001e-88,5e-05,,,1e-77,,,,0.9,1.0,4e-14,ccn4
ccn5,CCN5,Proteins,0.00552,0.73429,0.08064,0.00204,,0.08974,0.0011,0.00032,0.08099,0.0,,,0.00031,,,,2e-05,0.00187,0.00316,7e-32,,0.0,5e-16,,0.0,1e-15,0.07,0.0,0.9,,,2e-05,,,,0.9,0.07,1e-41,ccn5
ccnd2,CCND2,Proteins,0.00164,0.9873,0.00464,0.00119,,4e-05,3e-05,0.00047,0.00226,0.00032,,,0.00085,,,,4e-05,0.00116,6e-05,1e-13,,2.9999999999999998e-40,0.0002,,0.2,0.3,0.04,5e-18,0.0002,,,2e-09,,,,0.9,1.0,0.1,ccnd
ccne1,CCNE1,Proteins,0.00142,0.99252,0.00023,0.00094,,0.00182,0.0,0.00024,0.00023,0.00121,,,3e-05,,,,3e-05,0.00101,0.00031,0.0006,,0.9,0.006,,2e-18,0.9,0.5,0.7,1e-12,,,0.3,,,,0.9,1.0,0.0003,ccne
ccs,CCS,Proteins,0.01176,0.91201,0.00197,0.03643,,0.00126,0.0001,0.00471,0.02682,0.00102,,,0.00231,,,,6e-05,0.00154,0.0,6.000000000000001e-107,,0.01,0.0,,2e-14,0.03,1e-40,4e-251,6e-12,,,3.9999999999999997e-25,,,,0.7,0.9,0.9,ccs
cct5,CCT5,Proteins,0.00326,0.93617,0.00055,0.04642,,0.00195,0.0,0.00497,0.00187,0.00046,,,0.00177,,,,0.00015,0.00243,1e-05,2e-22,,0.005,0.0,,1e-20,0.7,4e-41,4e-16,6e-06,,,8e-19,,,,0.3,0.1,0.5,cct5
cd101,CD101,Proteins,0.00662,0.95328,0.00389,0.00097,,0.00599,0.0004,0.00093,0.00235,0.02437,,,1e-05,,,,9e-05,0.00105,4e-05,4e-38,,4e-19,0.002,,2.0000000000000002e-60,2e-05,2e-05,0.001,3e-237,,,0.4,,,,0.5,1.0,0.2,cd10
cd109,CD109,Proteins,0.00441,0.96093,0.01816,0.00126,,0.00397,4e-05,0.00039,0.00527,0.00381,,,2e-05,,,,7e-05,0.00116,0.0005,3e-24,,6e-163,3e-05,,4e-40,0.2,0.09,1.0000000000000001e-39,1e-38,,,0.4,,,,0.7,1.0,2e-06,cd101
cd14,CD14,Proteins,0.01883,0.90764,0.0157,0.00194,,1e-05,2e-05,0.00031,0.04287,0.00684,,,0.00305,,,,0.00018,0.00154,0.00106,4e-170,,1e-139,1e-10,,0.5,0.3,0.2,0.0,1e-69,,,3.9999999999999997e-32,,,,0.1,0.9,3e-12,cd14
cd160,CD160,Proteins,0.02008,0.9449,0.00374,0.00187,,0.01963,1e-05,0.00059,0.00093,0.00364,,,0.00321,,,,8e-05,0.00104,0.00028,2e-179,,1e-37,5e-10,,8e-195,0.6,0.005,2e-09,6e-38,,,1e-33,,,,0.6,1.0,0.0004,cd16
cd163,CD163,Proteins,0.00729,0.87959,0.02852,0.00272,,0.07182,0.00091,0.00018,0.00391,0.00107,,,2e-05,,,,0.00011,0.00142,0.00244,2e-51,,8.000000000000001e-278,2e-18,,0.0,3e-11,0.7,3e-22,5e-13,,,0.3,,,,0.4,0.9,2e-27,cd161
cd164,CD164,Proteins,0.00367,0.96582,0.00858,0.00279,,0.01065,0.00039,0.00115,0.00425,0.00047,,,0.00046,,,,0.00011,0.00156,9e-05,3e-16,,3e-56,8e-17,,8e-104,3e-05,4e-07,2e-14,6e-06,,,7e-06,,,,0.4,0.9,0.04,cd162
cd164l2,CD164L2,Proteins,0.00075,0.99535,0.0003,0.00097,,0.0005,4e-05,0.00038,2e-05,1e-05,,,2e-05,,,,9e-05,0.00156,1e-05,0.01,,0.0004,0.004,,4e-06,0.2,0.1,0.4,0.5,,,0.3,,,,0.6,0.9,0.4,cd163
cd177,CD177,Proteins,0.00597,0.98658,0.00164,0.00115,,0.00048,0.0001,0.0003,0.00227,0.0,,,0.0,,,,9e-05,0.00112,0.0003,5.9999999999999996e-40,,9e-16,0.0003,,5e-06,0.04,0.3,1e-21,0.9,,,0.8,,,,0.6,1.0,0.0003,cd17
cd1c,CD1C,Proteins,0.01066,0.91937,0.02633,0.0016,,0.01515,0.00016,0.00115,0.01833,0.00329,,,0.0005,,,,5e-05,0.00123,0.00217,2e-58,,1e-248,3e-08,,2.9999999999999996e-154,0.006,1e-07,2e-169,4e-35,,,1e-06,,,,0.8,1.0,1.0000000000000001e-23,cd1c
cd2,CD2,Proteins,0.00167,0.98785,0.00196,0.00114,,0.00166,7e-05,0.0004,0.00303,6e-05,,,0.00033,,,,0.0001,0.00132,0.00044,7e-08,,6e-19,0.0004,,6e-17,0.1,0.1,9.000000000000001e-29,0.1,,,0.0002,,,,0.5,1.0,2e-05,cd2
cd200,CD200,Proteins,0.00909,0.90225,0.02181,0.00291,,0.02332,0.0006,0.00023,0.02633,0.01146,,,0.00048,,,,0.0001,0.00127,0.00015,9e-78,,4e-215,2e-19,,3e-238,1e-07,0.4,2.9999999999999997e-260,8e-119,,,2e-06,,,,0.4,1.0,0.007,cd20
cd200r1,CD200R1,Proteins,0.00919,0.97224,0.00267,0.00108,,0.00734,6e-05,0.00043,0.00359,0.00145,,,0.00049,,,,5e-05,0.0014,0.0,2e-46,,2e-22,0.0005,,2.9999999999999997e-71,0.1,0.07,4e-31,2e-15,,,4e-06,,,,0.8,1.0,0.8,cd201
cd207,CD207,Proteins,0.01557,0.96034,0.00306,0.00083,,0.00031,0.0,0.00037,0.00218,0.01516,,,0.00081,,,,5e-05,0.0013,1e-05,1.0000000000000001e-124,,9e-26,0.02,,0.0002,0.7,0.1,2e-17,3e-144,,,3e-09,,,,0.8,1.0,0.5,cd202
cd209,CD209,Proteins,0.00443,0.97545,0.00645,0.00237,,0.0,1e-05,0.00059,0.00866,6e-05,,,0.00012,,,,0.00022,0.00163,1e-05,8e-18,,1e-53,3e-13,,0.8,0.5,0.007,1e-74,0.1,,,0.02,,,,0.09,0.9,0.5,cd203
cd22,CD22,Proteins,0.00347,0.87141,0.00538,0.00256,,0.05202,2e-05,0.00017,0.0607,0.00286,,,6e-05,,,,6e-05,0.00114,0.00016,4.0000000000000004e-23,,8.000000000000001e-29,2e-17,,0.0,0.4,0.7,0.0,1.9999999999999998e-32,,,0.08,,,,0.7,1.0,0.005,cd22
cd226,CD226,Proteins,0.0042,0.98281,0.00074,0.00446,,0.00035,0.00074,0.00067,0.00169,0.00042,,,0.00249,,,,0.0001,0.00133,0.0,5e-23,,8e-05,2.0000000000000002e-29,,0.0001,2e-08,0.003,9e-14,3e-05,,,8.999999999999998e-25,,,,0.5,1.0,0.7,cd221
cd244,CD244,Proteins,0.00339,0.96003,0.0024,0.00417,,0.01085,0.00023,0.00089,0.00828,0.00837,,,0.00029,,,,3e-05,0.00106,0.0,3e-14,,3e-05,5.0000000000000004e-29,,2e-107,0.001,4e-05,5e-63,2e-83,,,0.0003,,,,0.9,1.0,0.7,cd24
cd248,CD248,Proteins,0.00375,0.89261,0.07592,0.00367,,0.00363,1e-05,0.00083,0.00126,0.01518,,,0.00056,,,,3e-05,0.0012,0.00135,5e-18,,0.0,4e-27,,8e-40,0.5,4e-05,0.3,9e-160,,,2e-07,,,,0.9,1.0,8e-16,cd241
cd27,CD27,Proteins,0.00826,0.91727,0.03635,0.00287,,0.02013,0.00075,0.00034,0.00068,0.00515,,,0.00087,,,,2e-05,0.00128,0.00601,5.0000000000000005e-61,,0.0,7e-19,,3.0000000000000002e-204,4e-09,0.1,0.001,3.9999999999999995e-54,,,2e-10,,,,1.0,1.0,9e-63,cd27
cd274,CD274,Proteins,0.01872,0.91313,0.00856,0.00306,,0.01554,2e-05,0.00247,0.02373,0.00234,,,0.00801,,,,8e-05,0.00125,0.0031,2e-146,,5e-86,2e-20,,1e-157,0.3,2e-19,2e-236,1.9999999999999998e-25,,,2.0000000000000002e-82,,,,0.6,1.0,4e-33,cd271
cd276,CD276,Proteins,0.01138,0.91671,0.05353,0.00206,,0.0006,2e-05,0.00172,0.007,0.00063,,,0.0025,,,,0.0001,0.0009,0.00284,5.0000000000000004e-105,,0.0,8e-12,,1e-07,0.3,2e-12,6e-66,7e-08,,,5e-27,,,,0.5,1.0,1.9999999999999998e-30,cd272
cd28,CD28,Proteins,0.00232,0.93553,0.01063,0.00108,,0.02844,1e-05,0.00051,0.01542,0.00289,,,3e-05,,,,7e-05,0.0012,0.00189,2e-10,,6e-103,0.0004,,1e-273,0.5,0.02,1e-148,7.999999999999999e-30,,,0.3,,,,0.7,1.0,4e-20,cd28
cd2ap,CD2AP,Proteins,0.00235,0.8913,0.00073,0.06711,,0.01415,2e-05,0.01155,0.00689,0.0004,,,0.00294,,,,5e-05,0.00249,2e-05,4e-14,,0.0002,0.0,,1e-147,0.3,3e-110,1e-68,1e-05,,,3e-32,,,,0.8,0.01,0.4,cd2a
cd300a,CD300A,Proteins,0.02206,0.91375,0.01051,0.00457,,0.04329,0.00013,0.00036,8e-05,0.0,,,0.0001,,,,6e-05,0.00128,0.0038,2e-166,,5e-106,2e-33,,0.0,0.02,0.1,0.2,1.0,,,0.03,,,,0.7,1.0,8e-40,cd30
cd300c,CD300C,Proteins,0.03847,0.89589,0.01067,0.0046,,0.04214,9e-05,0.00058,0.00065,0.00136,,,0.0003,,,,0.00015,0.00124,0.00385,0.0,,2.0000000000000001e-112,1e-35,,0.0,0.04,0.003,6e-08,6e-16,,,0.0002,,,,0.2,1.0,5e-42,cd301
cd300e,CD300E,Proteins,0.00385,0.8262,0.04404,0.00309,,0.08725,0.00078,0.00044,0.02839,1e-05,,,1e-05,,,,0.00017,0.00151,0.00427,3e-20,,0.0,7.000000000000001e-24,,0.0,2e-10,0.02,4e-317,0.6,,,0.4,,,,0.1,0.8,5e-50,cd302
cd300lf,CD300LF,Proteins,0.05992,0.89466,0.01258,0.00494,,0.01894,6e-05,0.00028,0.00064,0.00436,,,3e-05,,,,6e-05,0.00111,0.00242,0.0,,1e-132,4.0000000000000004e-39,,3e-198,0.08,0.3,5e-08,2e-47,,,0.2,,,,0.7,1.0,4e-27,cd303
cd300lg,CD300LG,Proteins,0.00381,0.89043,0.01493,0.00151,,0.00091,2e-05,0.00074,0.07258,0.01232,,,0.00056,,,,3e-05,0.00133,0.00085,5e-24,,4e-147,8e-08,,4e-11,0.4,0.0002,0.0,2e-129,,,2e-07,,,,0.9,1.0,2e-10,cd304
cd302,CD302,Proteins,0.02146,0.81901,0.07753,0.00674,,0.05278,0.0013,0.00152,0.00258,0.00621,,,0.00231,,,,9e-05,0.00128,0.00719,4.0000000000000004e-226,,0.0,8e-62,,0.0,2e-16,2e-12,9e-21,7e-72,,,8.000000000000001e-28,,,,0.5,1.0,6.999999999999999e-83,cd305
cd33,CD33,Proteins,0.01001,0.9765,0.00395,0.00103,,0.00306,3e-05,0.00024,0.00355,6e-05,,,3e-05,,,,0.00011,0.00134,8e-05,9e-53,,2e-38,0.001,,6.0000000000000005e-31,0.2,0.5,1.0000000000000001e-34,0.1,,,0.3,,,,0.4,1.0,0.06,cd33
cd34,CD34,Proteins,0.0049,0.9513,0.01016,0.00204,,0.02071,0.00017,0.00073,0.00841,0.00032,,,2e-05,,,,9e-05,0.001,0.00014,7e-28,,2e-31,3e-11,,4e-203,0.005,0.0005,5e-14,0.0002,,,0.3,,,,0.5,1.0,0.01,cd34
cd36,CD36,Proteins,0.02043,0.93633,0.00385,0.00185,,0.026,0.00028,0.00048,0.00819,0.0,,,0.00084,,,,7e-05,0.00152,0.00017,1e-116,,3e-35,2e-09,,2e-250,0.0004,0.03,4e-77,0.9,,,1e-09,,,,0.7,0.8,0.006,cd36
cd38,CD38,Proteins,0.00542,0.63425,0.01712,0.00516,,0.02986,0.00046,0.00113,0.29984,0.00046,,,0.00258,,,,0.00013,0.00182,0.00178,4e-33,,1e-205,7e-61,,0.0,3e-08,1e-11,0.0,3e-08,,,2.0000000000000002e-39,,,,0.1,0.02,8.000000000000001e-28,cd38
cd3d,CD3D,Proteins,0.00054,0.9955,0.00035,0.00074,,0.00027,2e-05,0.00013,0.00029,7e-05,,,4e-05,,,,0.0003,0.00174,1e-05,0.04,,0.001,0.06,,0.0008,0.3,0.9,0.005,0.09,,,0.2,,,,0.03,0.7,0.5,cd3d
cd3e,CD3E,Proteins,0.00063,0.99649,5e-05,0.00041,,0.00021,2e-05,0.00081,1e-05,0.0002,,,0.0,,,,4e-05,0.00106,7e-05,0.003,,0.2,0.6,,0.003,0.3,0.0003,0.5,0.003,,,0.8,,,,0.9,1.0,0.09,cd3e
cd3g,CD3G,Proteins,0.00046,0.99729,0.00067,0.00039,,1e-05,1e-05,0.00013,0.00016,0.0,,,5e-05,,,,3e-05,0.00078,1e-05,0.04,,2e-07,0.7,,0.4,0.4,0.9,0.02,0.7,,,0.1,,,,0.9,1.0,0.5,cd3g
cd4,CD4,Proteins,0.00471,0.86966,0.03168,0.01009,,0.06074,2e-05,0.00222,0.00304,0.00436,,,0.00945,,,,3e-05,0.00133,0.00269,2.0000000000000002e-23,,1.9999999999999997e-301,2.9999999999999997e-91,,0.0,0.4,4e-18,1.0,4e-48,,,8e-102,,,,0.9,0.9,1.9999999999999998e-30,cd4
cd40,CD40,Proteins,0.00557,0.94538,0.0103,0.01092,,0.01717,3e-05,0.00361,0.00171,0.00059,,,0.00239,,,,6e-05,0.00188,0.0004,4e-21,,1.9999999999999998e-86,7e-91,,2e-168,0.2,5.0000000000000004e-29,0.06,3e-07,,,3.9999999999999997e-25,,,,0.7,0.5,2e-05,cd40
cd40lg,CD40LG,Proteins,0.00333,0.96153,0.00031,0.00803,,0.00126,0.00026,0.00361,0.00207,0.00134,,,0.01669,,,,0.00018,0.00137,4e-05,4e-21,,0.1,8e-64,,6e-14,0.0006,7.000000000000001e-29,2e-19,9e-15,,,3e-163,,,,0.1,1.0,0.2,cd401
cd46,CD46,Proteins,0.00964,0.92396,0.02389,0.00516,,0.02276,3e-05,0.00146,0.00237,0.00117,,,0.00658,,,,4e-05,0.00171,0.00122,1e-43,,2e-219,1e-38,,3e-225,0.2,5e-10,7e-08,3e-13,,,5e-67,,,,0.8,0.7,8e-14,cd46
cd48,CD48,Proteins,0.00261,0.96186,0.0095,0.00176,,0.01022,4e-05,0.00035,0.01026,0.00054,,,3e-05,,,,7e-05,0.00118,0.00157,7e-10,,1.0000000000000001e-82,8e-09,,4e-100,0.2,0.2,5e-90,1e-06,,,0.2,,,,0.7,1.0,7e-17,cd48
cd5,CD5,Proteins,0.0031,0.90086,0.00326,0.00739,,0.03796,0.0,0.00022,0.0359,0.00904,,,8e-05,,,,2e-05,0.00137,0.00079,1e-20,,6e-25,2e-62,,0.0,0.8,0.5,0.0,2e-95,,,0.05,,,,0.9,1.0,9e-10,cd5
cd55,CD55,Proteins,0.01831,0.91537,0.02887,0.00415,,0.00964,6e-05,0.00116,0.01859,0.00021,,,0.00177,,,,5e-05,0.00127,0.00054,3e-127,,5e-266,9.000000000000001e-29,,4e-95,0.09,3e-07,1e-168,0.002,,,7e-19,,,,0.8,1.0,8e-07,cd55
cd58,CD58,Proteins,0.01605,0.95365,0.00682,0.00359,,0.00346,2e-05,0.00047,0.01159,0.003,,,0.00018,,,,3e-05,0.00114,1e-05,1.0000000000000001e-131,,7e-10,1.0000000000000001e-23,,2e-35,0.4,0.03,3e-56,8e-31,,,0.005,,,,0.9,1.0,0.6,cd58
cd59,CD59,Proteins,0.00713,0.74078,0.059,0.00466,,0.09673,0.00642,0.00091,0.07705,0.00095,,,0.00164,,,,1e-05,0.00155,0.00317,8e-38,,0.0,7e-43,,0.0,1e-78,6e-07,0.0,4e-13,,,2e-21,,,,1.0,0.5,6.9999999999999995e-40,cd59
cd5l,CD5L,Proteins,0.01008,0.96651,0.00201,0.00162,,0.00307,1e-05,0.00045,0.01184,0.00092,,,0.0012,,,,0.00011,0.0014,0.00078,2.0000000000000002e-82,,0.8,1e-07,,2e-31,0.6,0.05,4e-96,2e-10,,,3e-13,,,,0.4,0.9,4e-09,cd5l
cd6,CD6,Proteins,0.00866,0.89959,0.00107,0.01824,,0.01534,0.00017,0.00121,0.04681,0.00573,,,0.00161,,,,3e-05,0.00137,0.00015,3e-48,,0.1,4e-170,,3e-160,0.004,2e-08,0.0,2e-61,,,2e-18,,,,0.9,0.9,0.007,cd6
cd63,CD63,Proteins,0.00537,0.95163,0.00215,0.00474,,0.0176,0.0,0.00114,0.00427,0.00267,,,0.00875,,,,4e-05,0.00147,0.00019,2.0000000000000002e-29,,9e-18,1e-33,,2e-170,0.9,5e-07,2e-38,1e-27,,,3.9999999999999996e-86,,,,0.9,1.0,0.004,cd63
cd69,CD69,Proteins,0.0036,0.96084,0.0009,0.01554,,0.00341,0.00031,0.00662,0.0006,0.00017,,,0.00633,,,,0.00016,0.00146,5e-05,2e-15,,0.0001,9.999999999999999e-131,,2.0000000000000003e-34,0.0002,1e-55,0.2,0.006,,,2.9999999999999997e-62,,,,0.2,1.0,0.1,cd69
cd7,CD7,Proteins,0.00182,0.95638,0.00121,0.00504,,0.006,1e-05,0.00037,0.0266,0.00027,,,0.00028,,,,6e-05,0.0013,0.00067,6e-08,,1e-12,2e-35,,2e-58,0.5,0.1,8e-250,0.0006,,,0.0005,,,,0.8,1.0,7e-08,cd7
cd70,CD70,Proteins,0.00216,0.89225,0.02827,0.0013,,0.00646,0.00014,0.00058,0.06595,0.00014,,,0.00032,,,,5e-05,0.00113,0.00125,1e-09,,9.999999999999999e-288,3e-06,,1e-68,0.01,0.004,0.0,0.01,,,8e-05,,,,0.8,1.0,1e-14,cd70
cd72,CD72,Proteins,0.00862,0.87987,0.01858,0.0024,,0.07543,0.0003,0.00036,0.00483,0.00449,,,0.00157,,,,5e-05,0.00135,0.00215,1e-65,,5.9999999999999996e-182,3e-15,,0.0,0.0002,0.1,7e-41,2e-48,,,6e-18,,,,0.8,0.9,4.0000000000000004e-24,cd72
cd74,CD74,Proteins,0.01296,0.83506,0.07052,0.00254,,0.06071,0.00033,0.00044,0.0024,0.00568,,,0.00049,,,,0.00041,0.00209,0.00637,3e-94,,0.0,3e-18,,0.0,4e-05,0.02,1e-21,2e-65,,,5e-07,,,,0.0009,0.08,4e-73,cd74
cd79b,CD79B,Proteins,0.00798,0.92243,0.02255,0.00225,,0.03578,1e-05,0.00042,0.00119,0.00074,,,0.00172,,,,0.00018,0.00123,0.00352,7.999999999999999e-42,,6e-228,2e-13,,0.0,0.5,0.05,3e-13,4e-09,,,3e-19,,,,0.1,1.0,1e-37,cd79
cd80,CD80,Proteins,0.00472,0.89282,0.05687,0.00238,,0.02277,0.00103,0.00063,0.00868,0.00197,,,3e-05,,,,1e-05,0.00096,0.00715,6e-21,,0.0,3e-15,,1.0000000000000001e-237,2e-12,0.001,4.0000000000000004e-66,2e-22,,,0.2,,,,1.0,1.0,1e-76,cd80
cd82,CD82,Proteins,0.00086,0.99498,0.00049,0.0004,,0.00062,9e-05,0.0002,0.00031,0.00033,,,0.0,,,,7e-05,0.00163,0.0,4e-05,,5e-06,0.6,,3e-07,0.05,0.7,0.0003,0.0002,,,0.7,,,,0.7,0.8,0.8,cd82
cd83,CD83,Proteins,0.01302,0.87437,0.02039,0.00497,,0.03028,0.00109,0.00072,0.02328,0.02328,,,0.00326,,,,0.00011,0.00121,0.00403,8e-104,,5.0000000000000005e-208,5.9999999999999996e-40,,4e-317,3e-13,0.0002,7e-238,2.9999999999999998e-245,,,2.9999999999999998e-36,,,,0.4,1.0,2e-44,cd83
cd84,CD84,Proteins,0.00828,0.96249,0.00197,0.00912,,0.00023,0.00069,0.0018,0.00111,0.00033,,,0.01202,,,,8e-05,0.00161,0.00028,2.0000000000000002e-60,,1e-17,1.0000000000000001e-72,,0.001,4e-08,2e-12,3e-09,0.0001,,,7e-117,,,,0.6,0.8,0.0005,cd84
cd86,CD86,Proteins,0.01316,0.94945,0.00908,0.0016,,0.0008,0.0004,0.00187,0.02202,0.00041,,,9e-05,,,,5e-05,0.00105,1e-05,7.0000000000000006e-118,,3e-11,8e-08,,2e-09,2e-05,2e-13,1e-137,2e-05,,,0.04,,,,0.8,1.0,0.5,cd86
cd8a,CD8A,Proteins,0.00569,0.95313,0.01112,0.00406,,0.01739,8e-05,0.00113,0.00441,0.00021,,,0.0009,,,,6e-05,0.00161,0.0002,5e-21,,7.999999999999999e-110,2.0000000000000002e-28,,4.0000000000000004e-171,0.05,4e-07,2e-44,0.002,,,2e-10,,,,0.7,0.9,0.003,cd8a
cd93,CD93,Proteins,0.009,0.96558,0.01354,0.00181,,0.0,0.0,0.0008,0.00304,0.00353,,,0.00023,,,,3e-05,0.00118,0.00126,3.9999999999999996e-50,,2e-117,1e-08,,0.8,0.8,0.0004,5e-21,2.0000000000000003e-34,,,0.002,,,,0.9,1.0,2e-13,cd93
cd99,CD99,Proteins,0.0109,0.70005,0.03599,0.00481,,0.02665,0.00163,0.00153,0.21275,0.0024,,,0.00042,,,,0.00012,0.00151,0.00125,5.000000000000001e-72,,0.0,3e-50,,0.0,2.0000000000000002e-23,4e-15,0.0,1e-33,,,5e-07,,,,0.2,0.4,3e-18,cd99
cd99l2,CD99L2,Proteins,0.03225,0.86954,0.00559,0.00653,,0.06681,0.00153,0.00065,0.01263,0.00097,,,0.00138,,,,0.00012,0.00158,0.00043,6e-302,,6e-38,8.999999999999998e-56,,0.0,5e-18,0.0008,1.0000000000000001e-112,6e-12,,,2e-16,,,,0.3,0.8,5e-06,cd991
cda,CDA,Proteins,0.00173,0.884,0.0065,0.01301,,0.04263,0.00028,0.00324,0.03702,0.00178,,,0.00775,,,,0.00021,0.0017,0.00013,1e-10,,1e-46,5e-120,,0.0,0.0002,6e-28,0.0,2e-20,,,2e-83,,,,0.06,0.6,0.01,cda
cdan1,CDAN1,Proteins,0.00063,0.99573,0.00011,0.00048,,1e-05,4e-05,0.00046,0.00076,0.0,,,1e-05,,,,0.00019,0.00149,9e-05,0.008,,0.03,0.4,,0.5,0.2,0.04,1e-08,0.6,,,0.5,,,,0.1,0.9,0.05,cdan
cdc123,CDC123,Proteins,0.00085,0.99597,0.00057,0.00043,,6e-05,4e-05,0.00043,0.00021,5e-05,,,0.0,,,,1e-05,0.00137,0.0,0.002,,4e-06,0.6,,0.1,0.2,0.08,0.01,0.1,,,0.7,,,,1.0,1.0,0.9,cdc1
cdc25a,CDC25A,Proteins,0.00085,0.99637,0.00014,0.0004,,0.00034,0.0,0.00017,0.00015,0.0001,,,1e-05,,,,0.00013,0.00134,0.0,0.02,,0.02,0.7,,0.0002,0.9,0.8,0.01,0.04,,,0.6,,,,0.4,1.0,0.8,cdc2
cdc26,CDC26,Proteins,0.00213,0.94282,0.00043,0.03838,,0.00505,5e-05,0.00469,0.00093,2e-05,,,0.00301,,,,0.00015,0.00234,0.0,7e-10,,0.02,0.0,,1e-51,0.1,2.0000000000000002e-39,8e-08,0.3,,,2e-31,,,,0.2,0.02,0.7,cdc21
cdc27,CDC27,Proteins,0.00177,0.93942,0.00023,0.04445,,0.00557,0.00041,0.00553,0.00026,5e-05,,,0.00019,,,,1e-05,0.00209,1e-05,3e-08,,0.2,0.0,,2e-55,2e-05,4e-46,0.09,0.1,,,0.003,,,,1.0,0.5,0.6,cdc22
cdc37,CDC37,Proteins,0.00145,0.95029,0.00087,0.0329,,0.00217,3e-05,0.00385,0.00051,0.00011,,,0.00517,,,,0.00018,0.00241,6e-05,2e-06,,2e-05,5e-297,,5e-23,0.2,3.0000000000000003e-31,0.1,0.02,,,2e-52,,,,0.1,0.1,0.1,cdc3
cdc42bpb,CDC42BPB,Proteins,0.00193,0.91553,0.0006,0.05856,,0.0058,0.00024,0.01192,0.00088,4e-05,,,0.00112,,,,0.00029,0.00309,2e-05,1e-08,,0.8,0.0,,7e-61,0.0008,8.0000000000000005e-112,0.0003,0.2,,,5e-13,,,,0.02,7e-06,0.4,cdc4
cdcp1,CDCP1,Proteins,0.005,0.73619,0.20327,0.00816,,0.01966,0.00196,0.00043,0.00327,0.01385,,,4e-05,,,,4e-05,0.00129,0.00683,9.999999999999999e-27,,0.0,1.9999999999999998e-86,,6.9999999999999995e-245,1.9999999999999998e-26,0.009,2.9999999999999998e-40,1e-173,,,0.1,,,,0.8,0.8,4e-87,cdcp
cdh1,CDH1,Proteins,0.00329,0.93113,0.02885,0.00084,,0.01232,5e-05,0.00049,0.00245,0.00296,,,0.01483,,,,0.00013,0.00158,0.00109,6e-18,,4.0000000000000004e-261,0.01,,7.000000000000001e-119,0.1,0.03,2e-12,3.9999999999999996e-30,,,9.999999999999999e-143,,,,0.3,0.9,5e-12,cdh1
cdh15,CDH15,Proteins,0.00687,0.70579,0.04327,0.00185,,0.03145,3e-05,0.00099,0.20592,0.0014,,,0.00066,,,,7e-05,0.00096,0.00074,5.000000000000001e-66,,0.0,7e-15,,0.0,0.2,8e-09,0.0,3e-20,,,2e-10,,,,0.5,1.0,2e-11,cdh11
cdh17,CDH17,Proteins,0.02806,0.93892,0.008,0.00331,,0.00157,0.00129,0.00027,0.01382,0.00186,,,0.00126,,,,5e-05,0.00153,5e-05,1e-252,,2e-61,8e-22,,3e-17,2e-14,0.4,3e-118,4e-20,,,4e-14,,,,0.8,0.9,0.1,cdh12
cdh2,CDH2,Proteins,0.01815,0.75942,0.09006,0.00334,,0.08563,0.00097,0.00136,0.03289,0.00383,,,0.00017,,,,2e-05,0.00186,0.00229,1.0000000000000001e-163,,0.0,5.0000000000000004e-29,,0.0,2e-13,9e-12,0.0,2e-48,,,0.002,,,,0.9,0.09,1.0000000000000001e-29,cdh2
cdh22,CDH22,Proteins,0.00082,0.99451,6e-05,0.00046,,0.0012,0.0,0.00042,0.0001,0.0008,,,5e-05,,,,0.00013,0.00144,1e-05,0.0004,,0.3,0.5,,1e-12,0.7,0.09,0.1,5e-09,,,0.1,,,,0.3,0.9,0.6,cdh21
cdh23,CDH23,Proteins,0.00249,0.97693,0.0,0.00156,,0.01243,0.00047,0.00056,4e-05,0.0035,,,5e-05,,,,0.00019,0.00175,1e-05,2e-15,,1.0,3e-07,,4e-120,5e-06,0.01,0.2,3e-35,,,0.1,,,,0.1,0.6,0.6,cdh22
cdh3,CDH3,Proteins,0.01915,0.93874,0.01195,0.00207,,0.00067,0.00012,0.00197,0.01301,0.00128,,,0.00912,,,,0.00015,0.00121,0.00056,8e-146,,2e-70,1e-11,,3e-08,0.02,2e-14,5.000000000000001e-81,2e-14,,,2e-92,,,,0.2,1.0,5e-07,cdh3
cdh4,CDH4,Proteins,0.00082,0.99655,0.00043,0.00042,,1e-05,0.0,0.00033,0.00029,1e-05,,,4e-05,,,,0.0001,0.001,1e-05,4e-06,,4e-05,0.6,,0.6,0.9,0.3,0.0009,0.5,,,0.2,,,,0.6,1.0,0.4,cdh4
cdh5,CDH5,Proteins,0.0029,0.9788,0.00359,0.00142,,0.00127,0.0,0.00116,0.00604,0.0033,,,6e-05,,,,5e-05,0.00112,0.0003,1e-15,,3e-21,3e-06,,8e-14,0.7,4e-07,9.000000000000001e-45,3e-33,,,0.09,,,,0.8,1.0,0.0003,cdh5
cdh6,CDH6,Proteins,0.01392,0.94771,0.02229,0.00261,,0.00016,0.00017,0.00069,0.00567,0.00462,,,2e-05,,,,6e-05,0.0013,0.00079,7e-92,,6.999999999999999e-209,1e-15,,0.007,0.006,0.001,7e-49,8e-47,,,0.3,,,,0.7,1.0,3e-09,cdh6
cdhr1,CDHR1,Proteins,0.00462,0.94826,0.00423,0.00275,,0.02908,0.0,0.00445,0.00146,0.00111,,,0.00261,,,,5e-05,0.00135,3e-05,4e-21,,2.0000000000000002e-29,2e-16,,3.9999999999999996e-276,0.6,7e-36,0.02,3e-12,,,9.999999999999999e-27,,,,0.8,1.0,0.3,cdhr
cdhr2,CDHR2,Proteins,0.00243,0.59426,0.03592,0.00144,,0.15454,0.00268,0.00174,0.19547,0.0085,,,1e-05,,,,4e-05,0.00267,0.0003,2e-11,,0.0,4e-13,,0.0,2e-43,2e-21,0.0,2e-133,,,0.4,,,,0.8,7e-09,4e-06,cdhr1
cdhr5,CDHR5,Proteins,0.00523,0.90097,0.00304,0.00171,,0.07907,0.00034,0.00068,0.00535,0.00196,,,6e-05,,,,5e-05,0.00148,6e-05,4e-21,,4e-06,3e-09,,0.0,7e-05,0.0007,5e-30,8e-22,,,0.08,,,,0.8,0.9,0.09,cdhr2
cdk1,CDK1,Proteins,0.00048,0.98848,4e-05,0.00274,,0.00255,0.00021,0.00038,0.00276,0.0003,,,0.00057,,,,0.00012,0.00125,0.00012,0.002,,0.8,2e-15,,3.9999999999999997e-25,0.003,0.1,9.999999999999999e-27,0.0004,,,1e-06,,,,0.4,1.0,0.02,cdk1
cdk5rap3,CDK5RAP3,Proteins,0.00192,0.97819,0.00254,0.01047,,0.00209,0.0003,0.00176,0.0004,0.00039,,,0.00045,,,,5e-05,0.00138,6e-05,2e-07,,7e-26,1.9999999999999998e-84,,1e-21,0.0003,5e-12,4e-05,3e-05,,,9e-06,,,,0.8,1.0,0.09,cdk5
cdkl5,CDKL5,Proteins,0.00081,0.99344,0.0008,0.00063,,0.00122,9e-05,0.0002,0.00076,0.00044,,,0.00013,,,,0.00029,0.00118,0.0,4e-05,,3e-08,0.2,,8e-13,0.05,0.7,7e-08,2e-05,,,0.02,,,,0.03,1.0,1.0,cdkl
cdkn1a,CDKN1A,Proteins,0.00374,0.93167,0.00148,0.03318,,0.01428,0.00052,0.00513,0.00605,0.00132,,,2e-05,,,,7e-05,0.00253,0.0,1.9999999999999998e-26,,0.2,1e-303,,9.999999999999999e-143,1e-06,8e-44,1e-47,8e-15,,,0.3,,,,0.6,0.05,0.8,cdkn
cdkn2d,CDKN2D,Proteins,0.0047,0.96049,0.00117,0.02078,,0.00118,0.00017,0.00218,0.00205,4e-05,,,0.00476,,,,0.00012,0.00231,5e-05,2.9999999999999998e-36,,0.01,5e-180,,5e-13,0.006,9e-16,1e-11,0.2,,,1e-47,,,,0.4,0.2,0.2,cdkn1
cdnf,CDNF,Proteins,0.00427,0.93283,0.01637,0.00599,,0.0016,5e-05,0.00097,0.0349,0.0001,,,0.00111,,,,5e-05,0.00141,0.00035,4e-15,,2.9999999999999998e-142,4e-46,,1e-17,0.1,7e-06,3e-321,0.03,,,1e-12,,,,0.8,1.0,7e-05,cdnf
cdon,CDON,Proteins,0.00566,0.90899,0.02864,0.00238,,0.01665,0.00057,0.00726,0.02586,0.0007,,,0.00112,,,,9e-05,0.00138,0.0007,1e-36,,6e-99,1e-14,,4e-170,2e-07,6e-66,7e-71,1e-08,,,4e-13,,,,0.5,0.9,1e-08,cdon
cdsn,CDSN,Proteins,0.02146,0.94816,0.00543,0.00251,,0.00243,0.00064,0.00676,0.01005,5e-05,,,0.00014,,,,0.00016,0.00153,0.00068,4e-136,,2e-55,4e-15,,9e-26,7e-08,5e-59,1e-100,0.1,,,0.01,,,,0.2,0.9,3e-08,cdsn
ceacam1,CEACAM1,Proteins,0.06099,0.91473,0.0067,0.00483,,0.00057,0.00016,0.00168,0.00687,0.00191,,,0.00041,,,,3e-05,0.00112,0.0,0.0,,0.1,9e-37,,3e-07,0.006,3e-12,0.001,4e-21,,,1e-05,,,,0.9,1.0,1.0,ceac
ceacam16,CEACAM16,Proteins,0.007,0.9207,0.00751,0.00131,,0.00718,0.00153,0.0004,0.03813,0.01519,,,7e-05,,,,3e-05,0.00094,2e-05,2.9999999999999998e-40,,2e-13,5e-06,,2e-74,3e-17,0.07,2e-318,1e-154,,,0.06,,,,0.9,1.0,0.4,ceac1
ceacam18,CEACAM18,Proteins,0.0011,0.99619,0.00061,0.00041,,8e-05,0.0,0.00018,0.00013,0.00013,,,1e-05,,,,0.00012,0.001,2e-05,0.0007,,2e-06,0.6,,0.06,0.7,0.8,0.2,0.02,,,0.6,,,,0.4,1.0,0.4,ceac2
ceacam19,CEACAM19,Proteins,0.00282,0.93784,0.00451,0.00161,,0.0073,0.00086,0.00159,0.04009,0.00073,,,0.00109,,,,2e-05,0.00106,0.00048,9e-11,,3e-46,4e-08,,3e-74,4e-10,4e-11,0.0,8e-09,,,2e-12,,,,1.0,1.0,3e-06,ceac3
ceacam20,CEACAM20,Proteins,0.00111,0.98327,0.00261,0.00082,,0.0013,0.00367,0.00026,0.0,0.00115,,,0.00399,,,,6e-05,0.0012,0.00055,0.0003,,3e-26,0.02,,8e-14,5e-36,0.4,0.9,2e-12,,,4.0000000000000004e-39,,,,0.7,1.0,1e-06,ceac4
ceacam21,CEACAM21,Proteins,0.03529,0.93597,0.00304,0.0022,,0.00852,0.00106,0.00051,0.00168,0.00043,,,0.0,,,,0.0005,0.01025,0.00053,3e-265,,7.999999999999999e-32,1e-12,,7.999999999999999e-86,4e-12,0.02,3e-18,1e-05,,,0.8,,,,0.0004,4.9999999999999996e-54,8e-07,ceac5
ceacam3,CEACAM3,Proteins,0.00046,0.99553,6e-05,0.00076,,0.00065,0.0,0.00018,0.00066,2e-05,,,8e-05,,,,0.00024,0.00123,0.00013,0.02,,0.5,0.05,,2e-07,0.7,0.8,5e-07,0.3,,,0.07,,,,0.07,1.0,0.02,ceac6
ceacam5,CEACAM5,Proteins,0.00456,0.89947,0.02184,0.00123,,9e-05,0.00112,0.00021,0.00136,0.06732,,,1e-05,,,,7e-05,0.00173,0.00097,4e-18,,4e-208,2e-05,,0.05,8e-13,0.6,3e-06,0.0,,,0.4,,,,0.7,0.8,3e-11,ceac7
ceacam6,CEACAM6,Proteins,0.01774,0.90442,0.00683,0.00225,,0.00019,0.00032,0.00063,0.00184,0.06266,,,0.0,,,,0.00017,0.00123,0.00172,2.9999999999999998e-151,,1e-69,8e-14,,0.002,0.0001,0.002,4e-18,0.0,,,0.8,,,,0.1,1.0,1e-19,ceac8
ceacam8,CEACAM8,Proteins,0.04863,0.87388,0.00193,0.01411,,0.02519,0.00014,0.00118,0.02026,0.01096,,,0.00147,,,,2e-05,0.0013,0.00092,0.0,,7e-22,6e-129,,2.9999999999999997e-260,0.01,4e-08,3e-210,3e-115,,,5e-17,,,,1.0,1.0,3e-11,ceac9
cebpa,CEBPA,Proteins,0.00472,0.97943,0.00041,0.00243,,0.01032,4e-05,0.00058,0.00043,0.00021,,,0.0,,,,7e-05,0.00079,0.00058,1e-36,,0.006,3e-13,,5e-97,0.2,0.01,0.004,0.003,,,0.8,,,,0.7,1.0,7e-07,cebp
cebpb,CEBPB,Proteins,0.00129,0.90642,0.00405,0.04087,,0.02316,0.00032,0.00618,0.01187,0.00045,,,0.00275,,,,0.00016,0.00215,0.00031,6e-06,,5e-42,0.0,,2.9999999999999997e-231,0.0001,1.9999999999999998e-54,7e-120,5e-06,,,2.0000000000000002e-29,,,,0.2,0.2,0.0002,cebp1
cela2a,CELA2A,Proteins,0.00526,0.96658,0.00021,0.00169,,0.01148,0.0,0.0007,0.0074,0.00538,,,3e-05,,,,5e-05,0.00098,0.00024,9.999999999999999e-26,,0.3,3e-08,,2.0000000000000001e-112,0.7,0.001,2e-71,7.999999999999999e-54,,,0.2,,,,0.8,1.0,0.001,cela
cela3a,CELA3A,Proteins,0.00426,0.9711,0.00166,0.00111,,0.01023,0.00127,0.00061,0.00801,0.0,,,0.00061,,,,5e-05,0.0011,0.0,1e-12,,2e-08,0.0003,,7e-100,6e-14,0.005,1e-69,0.9,,,2e-07,,,,0.8,1.0,1.0,cela1
celsr2,CELSR2,Proteins,0.00308,0.95283,0.00414,0.00176,,0.00285,0.00086,0.00152,0.0294,0.00195,,,0.00019,,,,0.0001,0.00115,0.00017,1e-21,,5e-35,1e-08,,4.0000000000000003e-29,7e-10,4e-10,3.0000000000000003e-273,2e-20,,,0.004,,,,0.5,1.0,0.007,cels
cemip2,CEMIP2,Proteins,0.00173,0.95824,0.00189,0.00131,,0.0334,0.00011,0.00052,0.0014,2e-05,,,0.0,,,,8e-05,0.00125,6e-05,1e-07,,4e-06,2e-05,,1e-312,0.03,0.02,0.9,0.4,,,0.9,,,,0.7,1.0,0.1,cemi
cend1,CEND1,Proteins,0.00167,0.97403,0.0059,0.00175,,0.01079,8e-05,0.00063,0.00175,0.00113,,,1e-05,,,,4e-05,0.00072,0.00149,1e-10,,2.9999999999999995e-54,3e-08,,8e-102,0.06,0.005,1e-15,3e-12,,,0.5,,,,0.9,1.0,1e-15,cend
cenpf,CENPF,Proteins,0.00231,0.89042,0.00039,0.07427,,0.00206,0.00035,0.0057,0.02093,0.00078,,,0.00027,,,,0.00023,0.00228,1e-05,1e-19,,0.4,0.0,,6e-23,5e-05,2e-51,1e-211,1e-09,,,0.0003,,,,0.06,0.01,0.5,cenp
cenpj,CENPJ,Proteins,0.00056,0.98938,0.00165,0.00513,,0.0,7e-05,0.00098,0.00029,0.00033,,,1e-05,,,,8e-05,0.00148,4e-05,0.003,,5e-17,2e-35,,0.8,0.08,2e-05,0.0004,0.0002,,,0.6,,,,0.6,0.9,0.2,cenp1
cep112,CEP112,Proteins,0.0014,0.98732,0.00058,0.00218,,0.00529,0.0,0.00099,0.00072,2e-05,,,7e-05,,,,0.00013,0.00121,7e-05,5e-10,,2e-05,3e-11,,3e-50,0.9,2e-05,1e-06,0.4,,,0.08,,,,0.4,1.0,0.08,cep1
cep152,CEP152,Proteins,0.00083,0.99029,0.00011,0.00459,,0.00029,0.0,0.00208,0.0001,1e-05,,,5e-05,,,,0.00025,0.00138,2e-05,7e-05,,0.3,3.9999999999999996e-30,,0.0005,0.7,6e-14,0.4,0.6,,,0.1,,,,0.06,1.0,0.4,cep11
cep164,CEP164,Proteins,0.00099,0.9942,3e-05,0.00207,,0.00046,0.0,0.00044,0.00018,0.00013,,,0.00011,,,,0.0001,0.00127,1e-05,2e-05,,0.3,2e-10,,1e-05,0.9,0.07,0.008,0.02,,,0.03,,,,0.5,1.0,0.5,cep12
cep170,CEP170,Proteins,0.00097,0.93059,0.00068,0.0504,,0.00238,6e-05,0.00792,0.00068,0.00036,,,0.00196,,,,3e-05,0.00398,1e-05,0.0005,,3e-05,0.0,,3.9999999999999997e-25,0.1,2e-69,3e-05,6e-05,,,6e-21,,,,0.9,1e-08,0.6,cep13
cep20,CEP20,Proteins,0.00406,0.95849,0.0014,0.0131,,0.01223,0.00022,0.00179,0.0033,0.00099,,,0.00221,,,,0.00011,0.00209,1e-05,1e-15,,0.0004,3.0000000000000003e-107,,5e-117,0.002,4e-12,2e-22,5e-11,,,1e-22,,,,0.4,0.5,0.5,cep2
cep290,CEP290,Proteins,0.00073,0.99256,4e-05,0.00398,,0.00011,1e-05,0.00076,8e-05,3e-05,,,1e-05,,,,0.00013,0.00142,0.00014,0.006,,0.3,9.999999999999999e-26,,0.03,0.5,0.0006,0.1,0.3,,,0.5,,,,0.4,0.9,0.01,cep21
cep350,CEP350,Proteins,0.0005,0.99693,2e-05,0.00076,,0.00011,0.0,0.0003,0.0002,3e-05,,,4e-05,,,,0.00013,0.00094,6e-05,0.03,,0.4,0.05,,0.03,0.8,0.3,0.004,0.3,,,0.2,,,,0.4,1.0,0.1,cep3
cep43,CEP43,Proteins,0.00372,0.94196,0.00123,0.02877,,0.00995,5e-05,0.00396,0.00503,0.00102,,,0.00245,,,,9e-05,0.00174,3e-05,1e-27,,0.02,1e-252,,5.999999999999999e-97,0.1,2e-31,2.0000000000000002e-39,2e-11,,,3e-25,,,,0.5,0.8,0.2,cep4
cep85,CEP85,Proteins,0.00182,0.92124,0.00054,0.05034,,0.00833,0.00019,0.01056,0.00379,0.00026,,,5e-05,,,,0.00013,0.00273,2e-05,9e-09,,0.3,0.0,,1e-83,0.003,5e-95,6e-34,0.0006,,,0.1,,,,0.3,0.02,0.4,cep8
cert,CERT,Proteins,0.0029,0.95821,0.00058,0.02431,,0.00456,0.00012,0.00258,0.0008,0.00011,,,0.00376,,,,6e-05,0.00198,1e-05,5e-15,,0.6,6e-209,,5.0000000000000004e-45,0.02,6e-19,0.002,0.03,,,2e-37,,,,0.8,0.5,0.5,cert
ces1,CES1,Proteins,0.02492,0.82944,0.00924,0.00375,,0.12169,0.00056,0.00093,0.00703,0.00094,,,7e-05,,,,3e-05,0.0014,0.0,7.000000000000001e-187,,2e-46,3.9999999999999996e-30,,0.0,9e-08,2e-06,2e-21,3e-12,,,0.07,,,,0.9,0.9,0.9,ces1
ces2,CES2,Proteins,0.00374,0.89209,0.01423,0.00218,,0.04529,0.00545,0.00075,0.02131,0.01044,,,0.00211,,,,0.00052,0.00177,0.00012,2e-13,,5.9999999999999994e-96,3e-13,,0.0,3e-58,0.0002,3.0000000000000004e-168,1e-109,,,1.0000000000000001e-23,,,,0.0001,0.7,0.02,ces2
ces3,CES3,Proteins,0.00303,0.91343,0.00196,0.01517,,0.0412,0.00033,0.00631,0.01552,0.00061,,,0.00044,,,,0.00016,0.00182,1e-05,1e-12,,0.09,2e-135,,0.0,9e-05,3e-56,6e-139,1e-07,,,6e-06,,,,0.2,0.7,0.4,ces3
cetn2,CETN2,Proteins,0.00294,0.96013,0.00069,0.02496,,0.00435,9e-05,0.00208,0.00041,0.00062,,,0.00174,,,,0.00012,0.00187,1e-05,5e-19,,0.0005,2.0000000000000002e-214,,7e-43,0.05,1e-14,1.0,2e-07,,,4e-18,,,,0.4,0.7,0.5,cetn
cetn3,CETN3,Proteins,0.00776,0.95602,0.00195,0.01865,,0.00567,0.00013,0.0025,0.00074,0.00047,,,0.00416,,,,3e-05,0.00179,0.00013,2e-61,,2e-13,1.0000000000000001e-162,,4e-57,0.01,7e-19,0.8,5e-06,,,1.9999999999999998e-42,,,,1.0,0.4,0.01,cetn1
cfb,CFB,Proteins,0.01808,0.81902,0.00669,0.00273,,0.11794,0.00344,0.00044,0.02412,0.00621,,,0.0,,,,4e-05,0.00126,2e-05,4e-109,,9e-49,4e-20,,0.0,2e-40,0.02,4e-241,2.9999999999999997e-71,,,0.6,,,,0.8,0.9,0.3,cfb
cfc1,CFC1,Proteins,0.00589,0.95268,0.01276,0.00175,,0.02149,0.00039,0.00033,0.0006,8e-05,,,0.00143,,,,0.0001,0.00134,0.00116,1.0000000000000001e-28,,4e-117,1e-08,,2e-204,4e-05,0.2,0.8,0.06,,,3e-15,,,,0.5,1.0,1e-12,cfc1
cfd,CFD,Proteins,0.00494,0.81588,0.03844,0.00262,,0.11487,0.00258,0.00086,0.01467,0.00055,,,1e-05,,,,0.00015,0.00158,0.00284,8e-33,,0.0,1e-19,,0.0,2e-31,4e-06,4.9999999999999994e-167,8e-08,,,0.4,,,,0.2,0.4,2.0000000000000003e-34,cfd
cfh,CFH,Proteins,0.01115,0.73419,0.01371,0.0059,,0.22095,0.00282,0.00072,0.0051,0.00298,,,0.00044,,,,5e-05,0.00191,7e-05,4.0000000000000003e-88,,8e-105,9e-57,,0.0,1e-35,4e-05,0.5,1e-37,,,8e-07,,,,0.7,0.03,0.05,cfh
cfhr2,CFHR2,Proteins,0.01086,0.96567,0.00406,0.00176,,0.01058,4e-05,0.00024,0.00468,9e-05,,,1e-05,,,,0.00018,0.0017,0.00013,4.0000000000000004e-66,,3e-37,9e-09,,3e-103,0.2,0.5,3e-43,0.05,,,0.4,,,,0.2,0.6,0.02,cfhr
cfhr4,CFHR4,Proteins,0.00603,0.97966,0.00339,0.00095,,0.00083,0.0,0.00032,0.00688,0.00026,,,0.00012,,,,9e-05,0.00148,0.0,2e-37,,9e-27,0.003,,2e-09,1.0,0.2,5e-60,0.0008,,,0.02,,,,0.6,0.9,0.9,cfhr1
cfhr5,CFHR5,Proteins,0.00615,0.95785,0.00341,0.00172,,0.01716,0.00047,0.00101,0.00142,0.00953,,,1e-05,,,,2e-05,0.00124,1e-05,1e-27,,4e-22,2e-08,,9.000000000000001e-166,5e-06,6e-06,0.02,2.9999999999999997e-93,,,0.5,,,,1.0,1.0,0.6,cfhr2
cfi,CFI,Proteins,0.00613,0.77232,0.02393,0.00464,,0.15966,0.00135,0.00046,0.02749,0.00287,,,1e-05,,,,3e-05,0.00094,0.00017,2.9999999999999997e-44,,2e-210,4e-43,,0.0,4e-18,0.007,2e-252,1e-36,,,0.4,,,,0.9,1.0,0.002,cfi
cfp,CFP,Proteins,0.01087,0.87015,0.01917,0.00238,,0.07244,0.00107,0.00068,0.02052,6e-05,,,6e-05,,,,9e-05,0.00144,0.00108,5e-85,,0.4,8e-16,,0.0,3e-13,0.0004,2e-16,0.09,,,0.08,,,,0.5,0.7,3e-13,cfp
cga,CGA,Proteins,0.00185,0.53453,0.07257,0.00086,,0.0052,5e-05,0.00059,0.37227,0.00185,,,0.00024,,,,0.00044,0.00902,0.00052,4e-10,,0.0,3e-07,,8e-92,0.04,2e-06,0.0,6e-34,,,1e-05,,,,1e-06,7.0000000000000005e-99,1e-10,cga
cgb3_cgb5_cgb8,CGB3_CGB5_CGB8,Proteins,0.00103,0.8407,0.04181,0.00052,,9e-05,0.00022,0.00026,0.11348,0.00061,,,3e-05,,,,3e-05,0.00088,0.00035,0.0003,,0.0,0.1,,0.03,0.0009,0.3,0.0,2e-08,,,0.2,,,,0.9,1.0,3e-05,cgb3_cgb5_cgb8
cgn,CGN,Proteins,0.0011,0.99555,6e-05,0.001,,0.00042,2e-05,0.00023,4e-05,9e-05,,,0.0001,,,,0.00012,0.00118,9e-05,0.0009,,0.2,0.003,,3e-05,0.3,0.6,0.4,0.05,,,0.04,,,,0.4,1.0,0.05,cgn
cgref1,CGREF1,Proteins,0.00285,0.9523,0.01194,0.00121,,0.02305,0.00033,0.00036,0.00071,0.00276,,,0.00279,,,,0.00013,0.00108,0.00051,1e-09,,7e-114,6e-05,,4.9999999999999995e-223,0.0001,0.1,5e-05,1.0000000000000001e-28,,,7.000000000000001e-29,,,,0.3,1.0,2e-06,cgre
chac2,CHAC2,Proteins,0.00327,0.94203,0.00054,0.03431,,0.00414,1e-05,0.00506,0.0038,0.00109,,,0.00388,,,,8e-05,0.00178,0.0,3.9999999999999997e-25,,0.04,2e-304,,1e-41,0.5,1e-41,4.0000000000000006e-34,4e-12,,,4.0000000000000004e-39,,,,0.6,0.8,0.7,chac
chad,CHAD,Proteins,0.00269,0.91397,0.0271,0.00237,,0.01536,2e-05,0.00137,0.03213,0.00104,,,0.00209,,,,3e-05,0.00139,0.00043,5e-07,,5.9999999999999996e-55,4e-14,,2.9999999999999996e-154,0.4,2e-09,6e-105,5e-12,,,1e-22,,,,0.9,0.9,9e-06,chad
chchd10,CHCHD10,Proteins,0.00572,0.75113,0.05847,0.00431,,0.07822,0.00219,0.00141,0.07693,0.01396,,,0.0004,,,,0.00018,0.00141,0.00568,7e-45,,0.0,8e-41,,0.0,6e-29,1e-12,0.0,3.9999999999999995e-174,,,2e-06,,,,0.07,0.5,2.0000000000000002e-72,chch
chchd6,CHCHD6,Proteins,0.00664,0.92211,0.02127,0.00192,,0.02851,0.00107,0.00075,0.01155,0.00262,,,4e-05,,,,5e-05,0.00146,0.00201,1e-53,,3e-193,1e-10,,1e-285,2e-12,0.0003,1e-96,3e-28,,,0.2,,,,0.8,0.8,4e-22,chch1
chek2,CHEK2,Proteins,0.00036,0.99677,0.00011,0.00084,,7e-05,1e-05,0.00039,1e-05,3e-05,,,2e-05,,,,3e-05,0.00136,0.0,0.02,,0.03,0.02,,0.08,0.5,0.1,0.7,0.3,,,0.3,,,,1.0,1.0,0.9,chek
chga,CHGA,Proteins,0.00322,0.92207,0.05156,0.00335,,0.00524,0.0012,0.00085,1e-05,0.00359,,,0.00016,,,,0.00058,0.00147,0.0067,2e-17,,0.0,5e-23,,5.9999999999999996e-55,7e-14,4e-05,0.7,3e-38,,,0.007,,,,6e-05,0.9,1e-69,chga
chgb,CHGB,Proteins,0.01416,0.86819,0.04888,0.01385,,0.04942,0.00043,0.00061,0.00036,0.00015,,,0.00105,,,,1e-05,0.00137,0.00153,1e-119,,0.0,8.000000000000001e-131,,0.0,4e-06,0.002,0.1,0.007,,,7e-13,,,,1.0,0.9,3e-18,chgb
chi3l1,CHI3L1,Proteins,0.00952,0.86264,0.07329,0.00359,,0.02385,0.00206,0.00044,0.00654,0.01334,,,0.00035,,,,5e-05,0.00165,0.00269,2e-74,,0.0,3e-26,,8e-248,3e-23,0.03,4e-67,2e-140,,,4e-05,,,,0.8,0.7,6.999999999999999e-30,chi3
chit1,CHIT1,Proteins,0.02069,0.89083,0.07499,0.00257,,0.00033,4e-05,0.00058,0.0017,0.0047,,,0.00018,,,,0.00016,0.00132,0.0019,2.9999999999999998e-114,,0.0,8e-17,,7e-05,0.2,0.003,2e-18,9.999999999999999e-51,,,0.003,,,,0.2,1.0,2e-21,chit
chl1,CHL1,Proteins,0.00271,0.95018,0.01181,0.00158,,0.02641,5e-05,0.00037,0.00458,0.00056,,,0.00035,,,,3e-05,0.00116,0.00022,7e-21,,5e-88,1e-07,,3e-256,0.1,0.1,1e-17,6e-07,,,8e-05,,,,0.9,1.0,0.002,chl1
chm,CHM,Proteins,0.00179,0.96882,0.00072,0.02011,,0.00131,0.00031,0.00241,0.00073,0.00031,,,0.00129,,,,6e-05,0.00212,1e-05,2e-06,,0.02,2e-169,,5e-14,0.0002,3e-17,0.02,0.0002,,,9e-14,,,,0.7,0.2,0.5,chm
chmp1a,CHMP1A,Proteins,0.00208,0.96424,0.00039,0.01719,,0.00194,0.00025,0.00383,0.00037,0.00014,,,0.00738,,,,0.00023,0.00192,5e-05,6e-08,,0.4,1.0000000000000001e-145,,3e-20,0.001,3e-30,0.9,0.01,,,3e-72,,,,0.07,0.6,0.2,chmp
chmp6,CHMP6,Proteins,0.00313,0.95558,0.0028,0.01655,,0.00807,0.00062,0.00543,0.00294,0.0003,,,0.00221,,,,0.00011,0.0021,0.00016,5e-11,,0.2,1e-143,,1e-80,1e-07,5e-46,0.004,0.0002,,,2.0000000000000002e-23,,,,0.4,0.2,0.007,chmp1
chp1,CHP1,Proteins,0.00062,0.99657,0.0,0.00057,,0.00022,2e-05,0.00031,2e-05,0.00032,,,3e-05,,,,0.00011,0.00116,5e-05,0.01,,0.8,0.2,,0.002,0.3,0.3,0.4,0.0003,,,0.2,,,,0.5,1.0,0.2,chp1
chrdl1,CHRDL1,Proteins,0.01034,0.75013,0.17583,0.00277,,0.0244,0.00012,0.00055,0.0263,1e-05,,,0.00135,,,,7e-05,0.0016,0.00652,9e-106,,0.0,2.0000000000000002e-23,,5e-299,0.008,0.0009,8e-311,0.4,,,2e-18,,,,0.6,0.3,2.0000000000000002e-82,chrd
chrdl2,CHRDL2,Proteins,0.00576,0.90228,0.04561,0.00181,,0.00873,0.00014,0.00041,0.03297,0.00068,,,0.00049,,,,5e-05,0.00101,6e-05,3e-50,,2.9999999999999996e-243,6e-10,,5.999999999999999e-91,0.01,0.06,2.9999999999999997e-116,2e-08,,,1e-06,,,,0.8,1.0,0.09,chrd1
chrm1,CHRM1,Proteins,0.00054,0.99443,0.00057,0.00057,,0.00161,0.0,0.00021,0.00013,5e-05,,,3e-05,,,,0.00011,0.00174,1e-05,0.01,,1e-06,0.2,,2e-16,0.7,0.6,0.03,0.2,,,0.3,,,,0.5,0.7,0.6,chrm
ciapin1,CIAPIN1,Proteins,0.00193,0.9308,0.00136,0.04146,,0.00805,0.0,0.00451,0.00191,0.00036,,,0.0072,,,,0.00012,0.0023,0.0,2e-07,,2e-05,0.0,,4.0000000000000004e-82,0.9,3e-38,3e-11,5e-05,,,1e-73,,,,0.3,0.2,0.9,ciap
cilp,CILP,Proteins,0.00432,0.84943,0.04053,0.00196,,0.06436,0.00041,0.00113,0.02969,0.0024,,,0.00135,,,,6e-05,0.00106,0.0033,2e-14,,0.0,2e-12,,0.0,6e-06,3e-08,3e-311,3e-28,,,1e-16,,,,0.7,1.0,4e-38,cilp
cinp,CINP,Proteins,0.00098,0.99426,0.00022,0.00171,,0.00015,3e-05,0.00035,8e-05,0.00055,,,0.00013,,,,0.0001,0.00135,0.0001,3e-05,,0.002,7e-08,,0.01,0.3,0.2,0.07,1e-06,,,0.02,,,,0.5,1.0,0.04,cinp
cirbp,CIRBP,Proteins,0.00188,0.95557,0.00179,0.02434,,0.00485,0.0,0.00246,0.00184,0.00011,,,0.0046,,,,2e-05,0.00251,2e-05,2e-07,,0.0003,7e-216,,4.0000000000000005e-49,0.6,2e-18,0.0001,0.02,,,1e-46,,,,1.0,0.006,0.4,cirb
cit,CIT,Proteins,0.00163,0.9336,0.00055,0.03825,,0.00868,0.00029,0.00527,0.00894,0.00019,,,0.00016,,,,0.00011,0.00211,0.00023,2e-11,,5e-06,0.0,,3e-86,0.0003,2.9999999999999997e-44,5e-88,0.003,,,0.008,,,,0.4,0.1,0.001,cit
ckap4,CKAP4,Proteins,0.00979,0.90279,0.0395,0.00134,,0.03663,1e-05,0.00107,0.00088,0.00262,,,0.00011,,,,3e-05,0.00093,0.00428,3e-79,,0.0,2e-06,,0.0,0.5,4e-07,0.002,8.000000000000001e-29,,,0.02,,,,0.9,1.0,5e-46,ckap
ckb,CKB,Proteins,0.04396,0.74132,0.04406,0.00163,,0.15422,0.00173,0.00013,0.00487,0.00214,,,4e-05,,,,5e-05,0.00205,0.00378,0.0,,0.0,1e-11,,0.0,1.0000000000000001e-23,0.7,3e-60,8.000000000000001e-29,,,0.1,,,,0.7,0.009,1.0000000000000001e-49,ckb
ckmt1a_ckmt1b,CKMT1A_CKMT1B,Proteins,0.00429,0.98033,0.00488,0.00415,,0.00058,3e-05,0.00057,0.00284,0.00063,,,0.00027,,,,5e-05,0.00105,0.00032,2e-21,,3e-34,2e-27,,6e-07,0.3,0.01,6e-15,2e-07,,,0.0006,,,,0.8,1.0,0.0002,ckmt_ckmt
clasp1,CLASP1,Proteins,0.00094,0.99105,0.0002,0.00317,,6e-05,0.00036,0.00084,0.00021,0.0019,,,1e-05,,,,0.0001,0.00114,2e-05,0.002,,0.008,1e-18,,0.1,0.0001,0.0002,0.005,5e-19,,,0.5,,,,0.5,1.0,0.4,clas
clc,CLC,Proteins,0.00479,0.92472,0.02189,0.02248,,0.0077,1e-05,0.00515,0.00646,0.00126,,,0.0032,,,,0.00011,0.00141,0.0008,8.999999999999999e-32,,5e-216,1e-203,,1e-78,0.5,2e-44,4.9999999999999997e-64,2e-14,,,9e-34,,,,0.4,1.0,1e-09,clc
clec10a,CLEC10A,Proteins,0.00067,0.96078,0.01018,0.00087,,0.00148,0.00062,0.00036,0.00397,0.0182,,,0.00115,,,,0.00015,0.0015,6e-05,0.03,,1e-98,0.008,,6e-16,2e-07,0.1,3e-39,6e-175,,,1e-12,,,,0.2,1.0,0.09,clec
clec11a,CLEC11A,Proteins,0.0044,0.96317,0.00745,0.00156,,0.00873,0.00054,0.00062,0.00737,0.0,,,0.00293,,,,0.00019,0.0016,0.00144,8e-38,,8e-71,3e-07,,1e-85,1e-06,0.004,4e-70,0.7,,,6e-30,,,,0.1,0.9,1e-15,clec1
clec12a,CLEC12A,Proteins,0.00081,0.98583,0.00259,0.00153,,0.00645,1e-05,0.00047,0.00039,3e-05,,,1e-05,,,,0.00018,0.00118,0.00053,0.003,,3e-24,1e-06,,4e-61,0.6,0.05,0.001,0.3,,,0.5,,,,0.2,1.0,2e-06,clec2
clec14a,CLEC14A,Proteins,0.01748,0.89826,0.03338,0.00305,,0.00429,0.0003,0.00101,0.02826,0.00994,,,0.0,,,,0.00011,0.00113,0.00278,7e-147,,2e-319,6e-21,,4e-46,0.0002,1e-06,3.0000000000000003e-268,4e-104,,,1.0,,,,0.4,1.0,1.9999999999999998e-30,clec3
clec1a,CLEC1A,Proteins,0.00245,0.95582,0.01318,0.00064,,0.00528,1e-05,0.00045,0.01847,0.00093,,,0.00046,,,,3e-05,0.00142,0.00088,6e-08,,4e-117,0.1,,6e-52,0.5,0.05,1e-166,2e-10,,,8e-06,,,,0.9,1.0,6e-10,clec4
clec1b,CLEC1B,Proteins,0.00469,0.96483,0.00069,0.00912,,0.00773,0.0003,0.00306,0.00081,0.00101,,,0.006,,,,0.0002,0.00151,5e-05,6e-22,,0.9,2e-73,,1e-76,0.0002,1.0000000000000001e-23,0.02,2e-11,,,6e-60,,,,0.1,1.0,0.1,clec5
clec2l,CLEC2L,Proteins,0.00087,0.99362,0.0,0.00074,,0.00034,0.00021,0.00039,9e-05,0.00255,,,3e-05,,,,0.00014,0.00101,1e-05,0.005,,0.8,0.05,,0.0002,0.003,0.1,0.05,3e-25,,,0.2,,,,0.3,1.0,0.6,clec6
clec3b,CLEC3B,Proteins,0.01063,0.91977,0.02116,0.00329,,0.00378,9e-05,0.00067,0.03123,0.00546,,,0.00133,,,,3e-05,0.00098,0.00158,6e-78,,0.2,6e-22,,3e-39,0.05,0.001,9e-102,5e-56,,,7e-15,,,,0.9,1.0,2e-17,clec7
clec4a,CLEC4A,Proteins,0.01269,0.94227,0.0017,0.00591,,0.01814,4e-05,0.00078,0.01352,0.00275,,,0.0,,,,0.00014,0.00133,0.00074,1e-102,,6e-15,6e-45,,1e-178,0.2,0.0002,1.9999999999999998e-130,8.000000000000001e-29,,,1.0,,,,0.3,1.0,8e-09,clec8
clec4c,CLEC4C,Proteins,0.00491,0.96902,0.00169,0.00134,,0.00277,1e-05,0.00045,0.01825,0.00027,,,0.0,,,,5e-05,0.00123,0.0,1.0000000000000001e-24,,2e-17,1e-05,,3e-28,0.6,0.05,1.9999999999999998e-174,0.0005,,,0.7,,,,0.8,1.0,0.8,clec9
clec4d,CLEC4D,Proteins,0.06612,0.85968,0.00092,0.00792,,0.03465,0.00013,0.00291,0.00592,0.01521,,,0.00395,,,,8e-05,0.00105,0.00147,0.0,,1e-08,2e-70,,0.0,0.01,3e-25,1e-62,2e-164,,,2e-44,,,,0.5,1.0,1e-17,clec10
clec4g,CLEC4G,Proteins,0.00501,0.92214,0.00345,0.00165,,0.04835,4e-05,0.00027,0.01729,0.00031,,,0.00014,,,,3e-05,0.00127,6e-05,3e-20,,0.0006,2e-08,,0.0,0.2,0.3,1.9999999999999997e-142,0.0001,,,0.01,,,,0.9,1.0,0.09,clec11
clec4m,CLEC4M,Proteins,0.0057,0.97125,0.00446,0.00242,,0.00076,0.0,0.00064,0.01249,0.00022,,,0.00048,,,,5e-05,0.00146,7e-05,5e-18,,2e-31,8e-14,,6e-09,0.8,0.003,3e-108,0.002,,,4e-06,,,,0.8,1.0,0.08,clec12
clec5a,CLEC5A,Proteins,0.01214,0.88765,0.02995,0.00374,,0.00224,9e-05,0.00051,0.04745,0.01206,,,0.00013,,,,4e-05,0.00113,0.00286,1e-96,,1e-306,2e-27,,6e-25,0.04,0.01,0.0,3e-126,,,0.01,,,,0.9,1.0,2e-31,clec13
clec6a,CLEC6A,Proteins,0.03137,0.91983,0.01052,0.00338,,0.01997,0.00012,0.00133,0.0004,0.00873,,,0.00032,,,,7e-05,0.00131,0.00266,9.999999999999999e-290,,8e-102,2e-22,,8e-197,0.02,8e-09,0.1,1e-87,,,0.0002,,,,0.6,1.0,5e-28,clec14
clec7a,CLEC7A,Proteins,0.00747,0.93199,0.02379,0.00328,,0.01811,0.00041,0.00061,0.00284,0.00682,,,0.00076,,,,3e-05,0.00101,0.00287,4e-36,,1e-236,3e-22,,1.9999999999999998e-182,1e-05,0.003,1.0000000000000001e-28,2e-70,,,3e-09,,,,0.9,1.0,9.999999999999999e-31,clec15
clgn,CLGN,Proteins,0.00248,0.97282,0.00174,0.00119,,0.018,0.00014,0.00022,0.00066,0.00029,,,0.00077,,,,0.00015,0.00134,0.0002,1e-11,,4e-16,0.0001,,5e-169,0.01,0.6,7e-06,0.0004,,,8e-09,,,,0.3,1.0,0.003,clgn
clic5,CLIC5,Proteins,0.00139,0.98056,0.00495,0.00174,,0.00051,0.00684,0.00023,0.00017,0.0016,,,0.00024,,,,9e-05,0.00118,0.00049,2e-05,,9e-47,4e-08,,3e-06,3e-65,0.5,0.1,1e-16,,,0.001,,,,0.6,1.0,5e-06,clic
clint1,CLINT1,Proteins,0.00088,0.99691,0.00016,0.00061,,0.0,0.0,0.00017,0.00019,1e-05,,,0.0,,,,4e-05,0.00101,0.0,0.004,,0.01,0.2,,0.8,0.8,0.8,0.005,0.5,,,0.7,,,,0.9,1.0,0.9,clin
clip2,CLIP2,Proteins,0.00111,0.93724,0.00086,0.04642,,0.00488,0.00023,0.00481,0.00182,0.0,,,0.00054,,,,0.00017,0.00189,4e-05,3e-07,,0.0007,0.0,,5e-50,0.001,1e-40,1e-13,0.7,,,7e-07,,,,0.2,0.4,0.2,clip
clmp,CLMP,Proteins,0.02734,0.66701,0.05625,0.00414,,0.14079,1e-05,0.00045,0.09853,0.00027,,,0.00036,,,,4e-05,0.00156,0.00324,3e-314,,0.0,5.0000000000000004e-45,,0.0,0.5,0.002,0.0,3e-05,,,1e-06,,,,0.7,0.2,2e-47,clmp
clns1a,CLNS1A,Proteins,0.0007,0.95488,0.0,0.03699,,0.0002,0.00017,0.00299,0.00189,0.0,,,6e-05,,,,2e-05,0.00208,0.0,0.005,,0.9,0.0,,0.003,0.006,1e-22,9e-20,0.6,,,0.1,,,,1.0,0.2,0.6,clns
clpp,CLPP,Proteins,0.00291,0.97016,0.00116,0.01148,,0.00603,3e-05,0.00122,0.00291,6e-05,,,0.00202,,,,0.0001,0.00183,0.0001,4e-09,,2e-07,1e-92,,7e-59,0.3,2e-07,3e-24,0.1,,,6e-21,,,,0.5,0.7,0.04,clpp
clps,CLPS,Proteins,0.00243,0.97612,0.00072,0.00138,,0.00727,0.00084,0.00018,0.00794,0.00039,,,0.00099,,,,3e-05,0.0014,0.00032,1e-06,,2e-08,7e-06,,1e-70,1e-09,0.7,5.0000000000000004e-77,4e-05,,,5e-11,,,,0.9,1.0,0.0002,clps
clspn,CLSPN,Proteins,0.00107,0.99298,0.00032,0.00194,,0.0001,0.00016,0.00049,0.00046,0.00022,,,0.00043,,,,0.00012,0.00157,0.00013,5e-05,,0.003,2e-09,,0.04,0.009,0.04,0.0001,0.002,,,2e-05,,,,0.4,1.0,0.02,clsp
clstn1,CLSTN1,Proteins,0.00116,0.98683,0.00136,0.00098,,8e-05,7e-05,0.00032,0.00681,0.00108,,,0.00018,,,,0.00014,0.00094,3e-05,3e-08,,7e-05,0.003,,0.06,0.08,0.3,2.9999999999999998e-55,1e-11,,,0.006,,,,0.3,1.0,0.2,clst
clstn2,CLSTN2,Proteins,0.0084,0.95627,0.02433,0.002,,5e-05,3e-05,0.00116,0.00135,6e-05,,,0.00458,,,,5e-05,0.00101,0.00072,9.999999999999999e-57,,1.9999999999999999e-230,7e-11,,0.1,0.3,3e-07,1e-07,0.1,,,1e-46,,,,0.8,1.0,1e-08,clst1
clstn3,CLSTN3,Proteins,0.00385,0.93581,0.01341,0.00087,,0.03662,0.00021,0.00067,0.00515,1e-05,,,0.00116,,,,0.00011,0.00089,0.00124,2e-20,,1.9999999999999998e-86,0.005,,0.0,0.002,0.001,0.001,0.5,,,3e-13,,,,0.4,1.0,5e-14,clst2
clta,CLTA,Proteins,0.00106,0.96604,0.00126,0.01674,,0.00938,0.0,0.00257,0.00117,0.00012,,,0.00024,,,,3e-05,0.00123,0.00015,0.0004,,9e-09,3e-139,,9e-90,0.9,1e-18,7e-08,0.02,,,0.001,,,,0.9,1.0,0.01,clta
clu,CLU,Proteins,0.00316,0.94741,0.00707,0.00178,,0.00402,0.00049,0.00069,0.02951,0.00021,,,0.0042,,,,0.00017,0.00128,1e-05,1e-09,,5e-34,3e-09,,2e-41,3e-06,0.0009,2e-252,0.002,,,3e-43,,,,0.2,1.0,0.5,clu
clul1,CLUL1,Proteins,0.00425,0.86848,0.00753,0.00212,,0.04711,2e-05,0.00049,0.06078,0.00736,,,0.00059,,,,5e-05,0.00121,1e-05,2e-17,,1.0000000000000001e-81,3e-13,,0.0,0.4,0.01,0.0,9e-80,,,7e-08,,,,0.8,1.0,0.5,clul
cmc1,CMC1,Proteins,0.00192,0.95783,0.00135,0.02582,,0.00388,0.00019,0.00249,0.00131,0.00011,,,0.00269,,,,7e-05,0.00232,3e-05,1e-07,,0.2,4.999999999999999e-230,,1.0000000000000001e-39,0.003,9e-19,0.9,0.03,,,5e-28,,,,0.7,0.08,0.2,cmc1
cmip,CMIP,Proteins,0.00211,0.95093,0.00139,0.02798,,0.00278,0.00031,0.00648,0.00175,0.0002,,,0.00338,,,,9e-05,0.00251,9e-05,8e-11,,0.4,4.9999999999999995e-251,,5.0000000000000004e-29,0.0002,6e-56,3e-05,0.002,,,7e-35,,,,0.6,0.006,0.05,cmip
cndp1,CNDP1,Proteins,0.00365,0.95995,0.00314,0.00552,,0.00955,6e-05,0.00342,0.00968,0.00027,,,0.00175,,,,0.00014,0.00145,0.00144,8e-18,,2e-18,2e-40,,8e-94,0.1,6e-27,1.0000000000000001e-81,0.0005,,,1e-18,,,,0.3,1.0,1e-15,cndp
cngb3,CNGB3,Proteins,0.00086,0.99607,0.00013,0.00108,,0.0,0.00012,0.0004,4e-05,1e-05,,,6e-05,,,,1e-05,0.00112,8e-05,4e-06,,0.03,0.001,,0.6,0.03,0.1,0.3,0.4,,,0.1,,,,1.0,1.0,0.07,cngb
cnp,CNP,Proteins,0.00209,0.92672,0.00121,0.04556,,0.00494,0.0,0.00565,0.00619,0.0011,,,0.00391,,,,0.00014,0.00248,1e-05,5e-06,,8e-05,0.0,,3e-50,0.8,4e-48,4.9999999999999996e-54,2e-12,,,4e-40,,,,0.3,0.03,0.5,cnp
cnpy2,CNPY2,Proteins,0.00178,0.99003,0.00021,0.00361,,0.00115,4e-05,0.00049,0.0003,0.00022,,,0.00079,,,,7e-05,0.00128,3e-05,5e-09,,0.02,3e-22,,3e-12,0.2,0.03,0.003,0.002,,,7e-09,,,,0.7,1.0,0.3,cnpy
cnpy4,CNPY4,Proteins,0.00206,0.96019,0.00118,0.02216,,0.00406,6e-05,0.00213,0.00128,0.00018,,,0.00407,,,,7e-05,0.00255,1e-05,1e-06,,0.3,7.999999999999999e-193,,7e-41,0.1,2e-15,0.02,0.005,,,6e-41,,,,0.7,0.07,0.6,cnpy1
cnst,CNST,Proteins,0.00231,0.9449,0.00087,0.02746,,0.00549,0.00031,0.01239,0.00117,6e-05,,,0.0025,,,,0.00023,0.00226,6e-05,2e-07,,0.05,1e-245,,2e-55,0.0002,1e-111,3e-05,0.1,,,3e-26,,,,0.06,0.1,0.1,cnst
cntf,CNTF,Proteins,0.00043,0.99729,0.0,0.00051,,0.00036,5e-05,0.00021,1e-05,7e-05,,,3e-05,,,,3e-05,0.001,1e-05,0.02,,0.7,0.4,,0.0001,0.1,0.6,0.6,0.1,,,0.3,,,,0.9,1.0,0.4,cntf
cntn1,CNTN1,Proteins,0.00323,0.82631,0.0115,0.00494,,0.01852,0.00037,0.00243,0.11089,0.02044,,,9e-05,,,,2e-05,0.00112,0.00014,6e-21,,3.9999999999999998e-115,6e-43,,1.9999999999999998e-209,1e-05,9e-22,0.0,9.999999999999999e-231,,,0.03,,,,0.9,1.0,0.008,cntn
cntn2,CNTN2,Proteins,0.00669,0.91537,0.04839,0.00502,,0.00499,0.00022,0.00104,0.01557,0.00108,,,0.00015,,,,0.0001,0.001,0.00039,2.0000000000000002e-28,,0.0,9e-39,,8e-53,0.001,9e-07,1e-104,9e-13,,,0.009,,,,0.5,1.0,2e-05,cntn1
cntn3,CNTN3,Proteins,0.02688,0.76096,0.00573,0.00386,,0.09652,0.0007,0.00032,0.10229,4e-05,,,0.00035,,,,9e-05,0.00182,0.00043,7e-297,,3.9999999999999996e-26,7e-35,,0.0,4e-10,0.08,0.0,0.1,,,1e-05,,,,0.4,0.1,1e-06,cntn2
cntn4,CNTN4,Proteins,0.00591,0.93029,0.0262,0.00272,,0.00585,0.00021,0.00048,0.02112,0.00542,,,0.00011,,,,9e-05,0.00149,0.00011,9e-52,,8e-204,4e-17,,4.0000000000000004e-60,0.002,0.03,4e-154,7.999999999999999e-56,,,0.02,,,,0.5,0.9,0.02,cntn3
cntn5,CNTN5,Proteins,0.00428,0.83031,0.0178,0.00396,,0.03359,0.00058,0.00081,0.0893,0.01751,,,2e-05,,,,0.00014,0.00156,0.00015,3e-26,,2e-185,1.9999999999999998e-32,,0.0,4e-08,2e-05,0.0,2e-196,,,0.3,,,,0.2,0.7,0.005,cntn4
cntnap2,CNTNAP2,Proteins,0.0018,0.91468,0.00736,0.02013,,0.00529,9e-05,0.00115,0.04444,0.0024,,,0.00073,,,,0.00015,0.00137,0.0004,3e-14,,9e-76,1e-183,,2.9999999999999998e-55,0.04,1e-07,0.0,4.9999999999999996e-26,,,6e-09,,,,0.2,1.0,2e-05,cntn5
cntnap4,CNTNAP4,Proteins,0.00282,0.98839,0.00081,0.00072,,0.00021,0.00071,0.0002,0.00021,0.00412,,,3e-05,,,,9e-05,0.00156,0.00013,3e-17,,6e-09,0.06,,0.003,4e-08,0.7,0.004,9e-40,,,0.2,,,,0.6,0.9,0.02,cntn6
coch,COCH,Proteins,0.01498,0.91911,0.02907,0.00216,,0.02127,0.00034,0.00096,0.00731,0.00128,,,0.00179,,,,5e-05,0.0013,0.00038,5e-104,,3e-282,8e-13,,5e-216,7e-05,5e-06,7e-65,1e-14,,,6e-20,,,,0.8,1.0,2e-05,coch
col15a1,COL15A1,Proteins,0.00407,0.82281,0.01133,0.00223,,0.10934,0.00238,0.0007,0.04428,0.00024,,,0.00037,,,,3e-05,0.00118,0.00103,2e-12,,9.999999999999999e-87,1e-15,,0.0,7.000000000000001e-29,0.0001,0.0,0.0004,,,1e-05,,,,0.9,1.0,2e-13,col1
col18a1,COL18A1,Proteins,0.02936,0.82676,0.07316,0.00487,,0.04719,0.00178,0.00042,0.00545,0.00517,,,8e-05,,,,4e-05,0.00131,0.0044,4.9999999999999995e-290,,0.0,9e-42,,0.0,9e-22,0.03,1e-41,1e-59,,,0.04,,,,0.8,0.9,4e-51,col11
col1a1,COL1A1,Proteins,0.00294,0.96244,0.01124,0.00274,,0.00253,3e-05,0.0016,0.01359,0.00095,,,0.00037,,,,4e-05,0.00142,0.00012,9e-15,,1e-33,1e-16,,1.9999999999999998e-26,0.2,6e-11,1.9999999999999999e-56,7e-11,,,5e-05,,,,0.8,1.0,0.02,col12
col24a1,COL24A1,Proteins,0.01929,0.95674,0.00173,0.00146,,0.00146,0.0003,0.00023,0.01338,0.00334,,,0.0002,,,,0.00024,0.00098,0.00065,2e-175,,2e-11,1e-06,,6e-16,0.0002,0.5,1.0000000000000001e-124,3e-34,,,0.003,,,,0.06,1.0,7e-08,col2
col28a1,COL28A1,Proteins,0.00468,0.97235,0.01132,0.00113,,0.00262,0.00014,0.00028,0.00564,0.00023,,,2e-05,,,,5e-05,0.00148,6e-05,9.999999999999999e-27,,6e-100,0.0004,,1.9999999999999998e-26,0.01,0.4,5e-47,0.002,,,0.3,,,,0.8,0.9,0.1,col21
col2a1,COL2A1,Proteins,0.02669,0.95854,0.00258,0.00228,,0.00012,0.00129,0.00071,0.00211,0.00029,,,0.0041,,,,9e-05,0.00108,0.00012,6e-242,,4e-07,2e-12,,0.02,6e-14,0.001,0.02,0.0003,,,9e-41,,,,0.6,1.0,0.02,col22
col3a1,COL3A1,Proteins,0.00273,0.97478,0.00028,0.00109,,0.01168,0.00013,0.00054,0.0064,0.00011,,,0.00058,,,,0.00014,0.00136,0.00018,3e-20,,0.03,0.0004,,2e-113,0.02,0.01,2e-61,0.03,,,4e-07,,,,0.3,1.0,0.005,col3
col4a1,COL4A1,Proteins,0.0097,0.9096,0.00805,0.00301,,0.06075,0.00035,0.00145,0.00251,0.00016,,,0.00061,,,,6e-05,0.00134,0.00241,2e-51,,2.0000000000000002e-60,4e-20,,0.0,5e-05,4e-10,0.001,0.006,,,9e-08,,,,0.7,1.0,3e-26,col4
col4a4,COL4A4,Proteins,0.00054,0.99721,0.00021,0.00035,,0.00026,1e-05,0.00024,0.0,0.0,,,4e-05,,,,5e-05,0.00108,1e-05,0.04,,0.003,0.8,,0.0009,0.6,0.5,0.8,0.9,,,0.2,,,,0.8,1.0,0.6,col41
col5a1,COL5A1,Proteins,0.00398,0.96583,0.00674,0.00117,,0.00141,0.00077,0.00152,0.01607,0.00018,,,0.00055,,,,3e-05,0.00115,0.0006,1e-20,,3.9999999999999995e-54,0.0002,,5e-15,7e-09,7e-10,2e-141,0.005,,,1e-06,,,,0.9,1.0,4e-07,col5
col6a3,COL6A3,Proteins,0.00608,0.77892,0.04238,0.00306,,0.15326,0.00383,0.00083,0.00235,0.00238,,,2e-05,,,,3e-05,0.00179,0.00507,8e-35,,0.0,1.9999999999999998e-25,,0.0,7e-48,3e-06,3e-27,1.9999999999999998e-30,,,0.3,,,,0.9,0.2,1e-62,col6
col9a1,COL9A1,Proteins,0.01714,0.90461,0.04443,0.00217,,0.00111,0.0,0.00022,0.02432,0.00087,,,0.00355,,,,0.00018,0.0011,0.0003,1e-123,,5.0000000000000003e-228,6e-13,,5e-13,0.9,0.5,7.999999999999999e-25,2e-10,,,4e-38,,,,0.1,1.0,0.0002,col9
col9a2,COL9A2,Proteins,0.00136,0.99355,0.00016,0.00089,,0.00203,1e-05,0.00018,0.00055,0.00012,,,1e-05,,,,0.00011,0.00099,6e-05,1e-10,,0.1,0.009,,2e-20,0.5,0.8,2e-05,0.03,,,0.4,,,,0.5,1.0,0.1,col91
colec12,COLEC12,Proteins,0.00812,0.73112,0.12005,0.00326,,0.11052,0.00264,0.00137,0.01351,0.00319,,,0.00016,,,,0.00011,0.00151,0.00443,5e-41,,0.0,1.0000000000000001e-29,,0.0,4e-35,2e-12,3e-166,3.9999999999999995e-42,,,0.002,,,,0.2,0.4,8e-58,cole
commd1,COMMD1,Proteins,0.00207,0.9386,0.00149,0.03656,,0.00926,4e-05,0.00477,0.00103,0.0001,,,0.00283,,,,7e-05,0.00318,1e-05,4e-09,,2e-07,0.0,,1.9999999999999998e-91,0.2,2.0000000000000002e-39,0.01,0.04,,,3e-29,,,,0.7,0.0001,0.4,comm
commd9,COMMD9,Proteins,0.00086,0.97171,0.00083,0.01654,,0.00061,0.00045,0.00163,0.00215,0.00046,,,0.00284,,,,0.0001,0.00179,3e-05,2e-06,,2e-08,2e-140,,2e-07,8e-06,5e-11,2e-21,7e-06,,,5.0000000000000004e-29,,,,0.5,0.5,0.3,comm1
comp,COMP,Proteins,0.00511,0.85913,0.06982,0.00441,,0.02745,0.0001,0.00329,0.02113,0.00131,,,0.00559,,,,0.00025,0.00186,0.00054,5e-21,,0.0,1.0000000000000001e-34,,1.9999999999999998e-289,0.03,1.0000000000000001e-28,2e-197,1e-15,,,3e-61,,,,0.03,0.3,3e-07,comp
comt,COMT,Proteins,0.00174,0.94674,0.00108,0.02824,,0.00522,0.00014,0.0041,0.00693,0.00125,,,0.00307,,,,5e-05,0.00143,0.0,2e-06,,0.05,6e-246,,1e-51,0.01,9.999999999999999e-33,3e-58,2e-13,,,5e-31,,,,0.8,1.0,0.8,comt
copb2,COPB2,Proteins,0.00071,0.98375,0.00024,0.00857,,0.00121,0.00016,0.00145,0.00138,0.00017,,,0.00012,,,,0.00015,0.00209,1e-05,0.01,,0.05,2e-64,,8e-13,0.01,6e-09,6e-13,0.008,,,0.02,,,,0.3,0.4,0.6,copb
cope,COPE,Proteins,0.00047,0.99694,0.00021,0.00067,,1e-05,0.0,0.0002,0.00013,4e-05,,,3e-05,,,,7e-05,0.00121,1e-05,0.003,,0.003,0.1,,0.5,0.8,0.7,0.02,0.2,,,0.2,,,,0.7,1.0,0.5,cope
coq7,COQ7,Proteins,0.0042,0.96221,0.00839,0.00253,,0.00312,0.00011,0.00051,0.01656,0.00097,,,0.00015,,,,7e-05,0.00114,4e-05,7.999999999999999e-26,,2e-15,2e-14,,3.0000000000000003e-31,0.03,0.02,1e-92,7e-11,,,0.01,,,,0.7,1.0,0.2,coq7
coro1a,CORO1A,Proteins,0.00102,0.93915,0.00077,0.04109,,0.0023,0.0,0.00719,0.00432,0.00071,,,0.00142,,,,0.0001,0.00193,0.0,0.0002,,2e-07,0.0,,6e-24,1.0,3e-61,1e-41,2e-08,,,2e-15,,,,0.5,0.5,0.8,coro
coro6,CORO6,Proteins,0.00078,0.981,0.00154,0.00061,,0.0008,9e-05,0.00024,0.01322,2e-05,,,0.00011,,,,0.00015,0.0013,0.00013,0.0004,,7e-16,0.2,,6e-09,0.06,0.5,3.0000000000000002e-123,0.4,,,0.03,,,,0.3,1.0,0.02,coro1
cox5b,COX5B,Proteins,0.00252,0.97195,0.00078,0.0094,,0.00818,4e-05,0.00157,0.00114,0.00077,,,0.00154,,,,1e-05,0.0019,0.0002,2e-11,,0.002,2e-74,,2e-79,0.2,2e-10,5e-07,7e-09,,,2e-16,,,,1.0,0.7,0.003,cox5
cox6b1,COX6B1,Proteins,0.00133,0.98428,0.00064,0.00562,,0.00362,4e-05,0.00124,0.00084,0.0001,,,0.00051,,,,0.00013,0.00152,0.00015,4e-07,,0.3,1e-40,,2.9999999999999998e-36,0.2,1e-07,0.002,0.04,,,2e-06,,,,0.4,0.9,0.01,cox6
cpa1,CPA1,Proteins,0.00759,0.97849,0.00403,0.00055,,0.0,0.00012,0.00086,0.00374,0.00182,,,0.00192,,,,3e-05,0.00084,1e-05,3e-52,,9.999999999999999e-33,0.2,,0.8,0.02,8e-05,6.999999999999999e-30,4e-19,,,4e-20,,,,0.9,1.0,0.6,cpa1
cpa2,CPA2,Proteins,0.00429,0.9565,0.00865,0.00182,,0.00021,0.00965,0.00083,0.00161,0.0,,,0.01506,,,,0.0002,0.00116,2e-05,7e-13,,5.9999999999999995e-71,2e-09,,0.002,2e-95,0.0001,0.1,0.6,,,1e-147,,,,0.1,1.0,0.4,cpa2
cpa4,CPA4,Proteins,0.00961,0.96035,0.0062,0.00148,,0.00111,2e-05,0.00145,0.00334,0.00111,,,0.01349,,,,0.00018,0.00152,0.00014,2e-59,,2e-59,2e-06,,5e-12,0.4,4e-09,8e-33,5e-12,,,7.000000000000001e-127,,,,0.2,0.9,0.01,cpa4
cpb1,CPB1,Proteins,0.01469,0.96668,0.0035,0.00062,,0.00135,0.00114,0.00045,0.00572,0.00029,,,0.00437,,,,2e-05,0.00115,0.0,2e-119,,1.9999999999999998e-30,0.1,,1e-14,1e-12,0.04,7e-52,0.0003,,,4e-44,,,,1.0,1.0,0.8,cpb1
cpb2,CPB2,Proteins,0.00363,0.95029,0.01604,0.00236,,0.01288,0.00081,0.00038,0.01215,0.00024,,,5e-05,,,,0.00011,0.00096,0.0001,2e-12,,9.999999999999999e-64,9e-14,,1e-127,1e-09,0.1,9.999999999999999e-26,0.001,,,0.1,,,,0.4,1.0,0.04,cpb2
cpe,CPE,Proteins,0.00169,0.97094,0.00444,0.003,,0.01417,0.00043,0.00039,0.00292,0.00032,,,0.00058,,,,5e-05,0.00096,0.0001,3e-07,,1e-43,2e-18,,1e-136,1e-05,0.1,5.0000000000000004e-29,0.0002,,,4e-07,,,,0.8,1.0,0.03,cpe
cplx2,CPLX2,Proteins,0.00108,0.99335,0.00019,0.00116,,0.00205,1e-05,0.00029,0.00062,1e-05,,,1e-05,,,,9e-05,0.00113,0.0,0.002,,0.04,0.0003,,2e-20,0.5,0.4,2e-06,0.5,,,0.5,,,,0.6,1.0,0.7,cplx
cpm,CPM,Proteins,0.04561,0.73265,0.01325,0.01045,,0.16233,0.00139,0.00037,0.02685,0.00337,,,0.00161,,,,2e-05,0.0018,0.00032,0.0,,3e-126,1.9999999999999999e-115,,0.0,2e-19,0.03,5e-295,1e-44,,,4e-22,,,,1.0,0.1,1e-05,cpm
cpox,CPOX,Proteins,0.00304,0.97231,0.00258,0.00272,,1e-05,8e-05,0.00034,0.01354,0.00364,,,0.00028,,,,4e-05,0.00105,0.00037,9e-11,,8e-12,1e-15,,0.5,0.06,0.2,9e-114,8.999999999999999e-36,,,0.0006,,,,0.9,1.0,7e-05,cpox
cpped1,CPPED1,Proteins,0.01629,0.91008,0.00092,0.03632,,0.00766,0.00133,0.00446,0.01735,0.00196,,,0.00137,,,,0.00019,0.00206,0.0,1e-161,,0.7,0.0,,2e-80,2e-15,5.0000000000000005e-39,2e-169,7e-22,,,8e-16,,,,0.1,0.2,1.0,cppe
cpq,CPQ,Proteins,0.00351,0.96236,0.00256,0.00144,,0.00166,4e-05,0.00122,0.02458,2e-05,,,0.00133,,,,0.0001,0.00112,6e-05,2e-10,,2.0000000000000002e-24,2e-06,,7e-18,0.2,1e-07,2e-235,0.3,,,1e-14,,,,0.5,1.0,0.1,cpq
cptp,CPTP,Proteins,0.00126,0.99073,0.00102,0.00186,,4e-05,0.00024,0.00034,0.00239,0.00021,,,8e-05,,,,0.00012,0.0017,0.0,3e-05,,2e-10,8e-09,,0.2,0.001,0.2,3e-23,0.003,,,0.07,,,,0.4,0.9,0.9,cptp
cpvl,CPVL,Proteins,0.00543,0.9812,0.00236,0.0015,,0.00273,0.0,0.00079,0.00368,0.00051,,,3e-05,,,,0.0001,0.001,0.00066,4e-17,,2e-19,9e-07,,8.000000000000001e-28,0.9,0.0003,4.999999999999999e-32,2e-06,,,0.3,,,,0.5,1.0,7e-08,cpvl
cpxm1,CPXM1,Proteins,0.00358,0.97323,0.00272,0.00266,,0.00145,0.00011,0.00082,0.00224,0.00333,,,0.00798,,,,5e-05,0.00181,0.0,5e-14,,9.999999999999999e-27,1e-15,,1e-15,0.03,0.0002,4e-22,1e-33,,,5e-78,,,,0.8,0.8,1.0,cpxm
cpxm2,CPXM2,Proteins,0.00478,0.87324,0.06108,0.00188,,0.04617,0.00112,0.00059,0.00548,0.00088,,,0.00084,,,,0.00012,0.00106,0.00276,3e-16,,0.0,3e-11,,0.0,1e-13,0.002,2.9999999999999996e-42,4e-11,,,1e-10,,,,0.3,1.0,2e-31,cpxm1
cr1,CR1,Proteins,0.00475,0.92051,0.00598,0.00159,,0.04872,0.0,0.00044,0.01256,0.0032,,,0.00013,,,,4e-05,0.0016,0.00049,1e-20,,7.999999999999999e-32,4e-08,,0.0,0.7,0.04,4e-98,3e-34,,,0.01,,,,0.9,0.7,2e-06,cr1
cr2,CR2,Proteins,0.00791,0.95518,0.0208,0.00091,,0.00994,0.0,0.00011,0.00143,0.00233,,,0.0,,,,3e-05,0.00136,0.0,8e-36,,7e-195,0.004,,5e-98,0.9,0.9,2e-08,2.0000000000000002e-24,,,0.8,,,,0.9,1.0,0.7,cr2
cracr2a,CRACR2A,Proteins,0.00071,0.9203,0.00021,0.05901,,0.00143,0.00017,0.01436,0.00039,6e-05,,,0.00032,,,,0.00019,0.00285,1e-05,0.004,,0.02,0.0,,8e-16,0.005,2.0000000000000002e-131,0.0002,0.1,,,0.0001,,,,0.1,0.007,0.6,crac
cradd,CRADD,Proteins,0.0034,0.95389,0.00169,0.02614,,0.00157,0.0,0.0031,0.00197,0.00017,,,0.00559,,,,0.00015,0.00229,3e-05,4.0000000000000004e-23,,0.0007,7.999999999999999e-230,,7e-17,0.7,6e-24,8e-07,0.007,,,1e-55,,,,0.2,0.2,0.2,crad
creb3,CREB3,Proteins,0.00059,0.99659,0.0,0.00061,,0.00026,7e-05,0.0003,1e-05,0.0,,,0.0,,,,0.00016,0.00138,3e-05,0.001,,0.7,0.2,,0.0009,0.08,0.3,0.6,0.8,,,0.8,,,,0.3,1.0,0.3,creb
crebzf,CREBZF,Proteins,0.00065,0.99188,0.00057,0.00053,,0.0039,6e-05,0.0003,6e-05,0.00011,,,3e-05,,,,0.00018,0.00168,6e-05,0.008,,3e-06,0.3,,3e-37,0.1,0.3,0.4,0.03,,,0.3,,,,0.2,0.7,0.1,creb1
creg1,CREG1,Proteins,0.00723,0.91867,0.00692,0.00232,,0.05026,0.00024,0.00166,0.00581,0.0037,,,0.00122,,,,3e-05,0.00152,0.00042,8e-43,,8e-65,9e-14,,0.0,0.001,9e-12,1e-53,1e-38,,,8e-14,,,,0.9,1.0,1e-05,creg
creld1,CRELD1,Proteins,0.00468,0.86313,0.01436,0.00283,,0.09147,0.00101,0.00073,0.01387,0.00499,,,0.00012,,,,0.00015,0.00144,0.00121,4e-22,,1e-147,1e-19,,0.0,2e-12,0.0002,9.999999999999999e-143,1.9999999999999998e-54,,,0.02,,,,0.2,0.8,2e-14,crel
creld2,CRELD2,Proteins,0.00827,0.94457,0.00411,0.00936,,0.02065,4e-05,0.00145,0.00373,0.00216,,,0.00403,,,,8e-05,0.00127,0.00029,3.0000000000000003e-31,,9e-27,1e-76,,9e-203,0.2,1e-09,5e-23,5e-23,,,2e-41,,,,0.6,1.0,0.0003,crel1
crh,CRH,Proteins,0.01364,0.93566,0.00738,0.00367,,0.02112,0.00197,0.0004,0.00667,0.00442,,,0.00253,,,,7e-05,0.00213,0.00032,6.9999999999999995e-115,,2e-08,2.0000000000000002e-24,,5e-204,7e-21,0.08,0.9,1e-44,,,3e-26,,,,0.7,0.4,0.0001,crh
crhbp,CRHBP,Proteins,0.02273,0.84186,0.01957,0.00367,,0.07482,0.00167,0.00081,0.01813,0.00398,,,0.01069,,,,0.00012,0.00163,0.00031,2e-133,,1e-176,9.000000000000001e-29,,0.0,4e-20,3e-05,5e-161,2.0000000000000003e-45,,,1e-118,,,,0.3,0.5,7e-05,crhb
crhr1,CRHR1,Proteins,0.00087,0.99534,0.00086,0.00048,,3e-05,6e-05,0.00031,0.00031,5e-05,,,3e-05,,,,0.0001,0.00152,3e-05,5e-06,,6e-09,0.5,,0.2,0.1,0.3,0.0009,0.2,,,0.3,,,,0.5,1.0,0.2,crhr
crim1,CRIM1,Proteins,0.00172,0.90404,0.06303,0.00324,,0.00838,0.0027,0.00159,0.00395,0.00329,,,0.00163,,,,3e-05,0.00127,0.00513,9e-07,,0.0,2e-22,,8.000000000000001e-88,1.0000000000000001e-29,1e-11,2.9999999999999996e-42,1e-35,,,2e-18,,,,0.9,1.0,1.9999999999999998e-54,crim
crip2,CRIP2,Proteins,0.0034,0.80667,0.06213,0.00717,,0.0652,0.00153,0.00308,0.03389,0.01055,,,0.00181,,,,0.00012,0.00175,0.00271,1e-09,,0.0,3e-67,,0.0,3e-19,7.000000000000001e-29,0.0,1e-121,,,2e-22,,,,0.3,0.4,9e-33,crip
crisp2,CRISP2,Proteins,0.00647,0.71591,0.00025,0.00243,,0.00513,0.00024,0.00055,0.26587,0.00144,,,0.0001,,,,0.00013,0.00149,0.0,1.9999999999999998e-32,,0.0003,4e-21,,6.999999999999999e-69,0.0002,0.0006,0.0,1e-20,,,0.01,,,,0.2,0.5,1.0,cris
crisp3,CRISP3,Proteins,0.03268,0.93844,0.01815,0.00268,,0.00288,0.00061,0.0003,0.00114,0.0012,,,0.00018,,,,6e-05,0.00125,0.00042,1e-239,,5e-170,1e-16,,3e-30,1e-07,0.2,0.005,2e-13,,,0.004,,,,0.7,1.0,1e-05,cris1
crkl,CRKL,Proteins,0.00279,0.94193,0.00096,0.03828,,0.00445,7e-05,0.00348,0.00145,0.00019,,,0.00373,,,,0.0001,0.00252,5e-05,2e-16,,0.02,0.0,,2.0000000000000003e-45,0.07,6e-28,2e-07,0.004,,,2e-38,,,,0.5,0.02,0.1,crkl
crlf1,CRLF1,Proteins,0.00394,0.87453,0.04198,0.00234,,0.04813,0.00082,0.00134,0.02268,0.00242,,,0.00047,,,,3e-05,0.00128,3e-05,7e-17,,0.0,3e-15,,0.0,2e-10,9e-10,3.9999999999999995e-174,2e-27,,,1e-06,,,,0.9,1.0,0.2,crlf
crnn,CRNN,Proteins,0.0062,0.88463,0.00197,0.00078,,0.00228,5e-05,0.0009,0.09996,0.00165,,,0.00027,,,,4e-05,0.00124,3e-05,6e-22,,0.9,0.01,,5e-25,0.1,2e-05,0.0,1e-18,,,0.0004,,,,0.9,1.0,0.3,crnn
crtac1,CRTAC1,Proteins,0.00323,0.86425,0.09352,0.00349,,7e-05,0.0,0.00405,0.02667,0.00224,,,0.00091,,,,5e-05,0.00151,0.0,7e-15,,0.0,1.9999999999999998e-26,,0.06,0.8,4e-37,2e-267,4.9999999999999996e-26,,,2e-11,,,,0.7,0.8,0.8,crta
crtam,CRTAM,Proteins,0.00343,0.94274,0.02208,0.00234,,0.01004,1e-05,0.00098,0.01199,0.00261,,,0.00029,,,,0.0002,0.0008,0.00251,5e-22,,1e-211,2e-13,,1e-99,0.5,7e-06,9e-115,2e-27,,,0.0003,,,,0.1,1.0,3e-26,crta1
crtap,CRTAP,Proteins,0.01247,0.97583,0.00154,0.00178,,0.00172,0.00016,0.0003,0.00422,0.00037,,,0.0,,,,4e-05,0.00131,0.00024,2e-52,,1e-12,2e-08,,8e-18,0.009,0.3,8e-38,6e-05,,,0.9,,,,0.9,1.0,0.001,crta2
crx,CRX,Proteins,0.00143,0.99403,0.00122,0.00075,,0.0,2e-05,0.00034,1e-05,0.00076,,,1e-05,,,,7e-05,0.00135,0.0,4e-07,,1e-12,0.05,,0.7,0.4,0.2,0.7,2e-08,,,0.5,,,,0.7,1.0,0.7,crx
crybb1,CRYBB1,Proteins,0.00306,0.95083,0.00087,0.02262,,0.01056,0.0,0.00274,0.00096,0.00016,,,0.00547,,,,7e-05,0.00262,5e-05,4e-12,,3e-06,1e-201,,3e-105,0.9,3e-21,4e-07,0.007,,,1e-55,,,,0.7,0.01,0.1,cryb
crybb2,CRYBB2,Proteins,0.00821,0.94046,0.03187,0.00114,,0.00975,2e-05,0.00089,0.00558,0.00027,,,1e-05,,,,0.00029,0.00109,0.00044,2e-46,,1e-306,0.0001,,2e-98,0.4,3e-05,1.9999999999999998e-50,0.0005,,,0.5,,,,0.02,1.0,8e-06,cryb1
crygd,CRYGD,Proteins,0.0065,0.96812,0.00051,0.01493,,0.00012,0.0,0.00144,0.00393,2e-05,,,0.0027,,,,9e-05,0.00166,0.0,2e-51,,0.0006,2.0000000000000002e-126,,0.02,0.8,2e-09,2e-37,0.4,,,8.000000000000001e-28,,,,0.6,0.7,0.9,cryg
crym,CRYM,Proteins,0.00214,0.97998,0.00083,0.00657,,0.00488,2e-05,0.00217,0.00019,2e-05,,,0.00101,,,,9e-05,0.00206,4e-05,3e-12,,1e-07,2e-47,,5.999999999999999e-47,0.4,7e-15,0.6,0.4,,,6e-11,,,,0.5,0.3,0.2,crym
cryzl1,CRYZL1,Proteins,0.00325,0.94094,0.00093,0.03856,,0.0033,0.00012,0.00438,0.00105,9e-05,,,0.00435,,,,3e-05,0.00295,5e-05,2e-20,,3e-05,0.0,,9e-34,0.02,1e-35,2e-06,0.05,,,7e-44,,,,0.9,0.001,0.1,cryz
csde1,CSDE1,Proteins,0.00315,0.97165,0.00026,0.01469,,0.00163,0.00084,0.00177,0.0006,0.00277,,,0.00065,,,,4e-05,0.00187,9e-05,2e-18,,0.4,2e-119,,7e-17,2e-09,1e-11,0.0001,1e-27,,,1e-07,,,,0.9,0.6,0.05,csde
csf1,CSF1,Proteins,0.01208,0.88201,0.01594,0.00409,,0.07556,4e-05,0.00109,0.00301,0.0001,,,0.00041,,,,9e-05,0.00144,0.00415,9.999999999999999e-64,,7.000000000000001e-168,3.0000000000000003e-31,,0.0,0.2,2e-07,8e-33,0.03,,,9e-06,,,,0.5,0.9,1.0000000000000001e-45,csf1
csf1r,CSF1R,Proteins,0.00496,0.90446,0.00693,0.00173,,0.03927,0.00029,0.00016,0.02771,0.01203,,,0.0,,,,7e-05,0.00134,0.00104,5.0000000000000004e-29,,9e-53,2e-09,,0.0,0.0002,0.7,6e-264,2e-125,,,0.8,,,,0.6,0.9,2e-12,csf11
csf2,CSF2,Proteins,0.00208,0.96038,0.00327,0.00228,,0.00798,0.00015,0.00044,0.02113,7e-05,,,4e-05,,,,0.00013,0.00188,0.00019,5e-15,,3e-29,2e-12,,7e-77,0.01,0.06,1e-195,0.09,,,0.2,,,,0.3,0.6,0.004,csf2
csf2ra,CSF2RA,Proteins,0.01206,0.96804,0.00265,0.002,,0.00846,3e-05,0.00073,0.00091,0.00301,,,0.0001,,,,0.0001,0.00134,0.00056,2e-99,,2.0000000000000002e-23,2e-10,,4.0000000000000004e-82,0.2,0.0007,1e-06,1.9999999999999998e-30,,,0.04,,,,0.5,1.0,7e-07,csf21
csf2rb,CSF2RB,Proteins,0.0202,0.9642,0.00049,0.00189,,0.00189,7e-05,0.00047,0.00921,0.00019,,,0.0,,,,5e-05,0.00107,0.00027,3e-108,,0.1,2e-09,,2e-19,0.09,0.04,3.9999999999999997e-84,0.004,,,0.7,,,,0.9,1.0,0.0006,csf22
csf3,CSF3,Proteins,0.02269,0.89503,0.00391,0.01952,,0.03086,0.00098,0.00063,0.02181,0.00182,,,0.00133,,,,6e-05,0.00134,1e-05,2e-200,,1.0000000000000001e-34,1e-178,,1e-310,1e-11,0.002,2.0000000000000002e-214,3e-20,,,3e-15,,,,0.7,1.0,0.4,csf3
csf3r,CSF3R,Proteins,0.00468,0.95427,0.00021,0.00115,,0.03128,0.00013,0.00028,0.00572,0.00023,,,4e-05,,,,5e-05,0.0013,0.00066,2e-16,,0.08,0.0002,,2e-294,0.02,0.3,9e-55,0.002,,,0.2,,,,0.8,1.0,8e-08,csf31
csh1,CSH1,Proteins,0.00052,0.99689,2e-05,0.00053,,7e-05,6e-05,0.00031,9e-05,0.0,,,1e-05,,,,0.00013,0.00135,3e-05,0.04,,0.4,0.3,,0.09,0.1,0.3,0.05,0.9,,,0.5,,,,0.4,1.0,0.2,csh1
csnk1d,CSNK1D,Proteins,0.00506,0.97497,0.00189,0.00756,,0.00041,0.00068,0.00059,0.00042,0.00651,,,3e-05,,,,8e-05,0.00176,3e-05,2e-27,,6e-17,1.9999999999999999e-56,,3e-05,6e-08,0.008,0.007,2e-62,,,0.2,,,,0.6,0.6,0.3,csnk
csnk2a1,CSNK2A1,Proteins,0.00123,0.95723,0.00175,0.02386,,0.00768,0.00031,0.00321,0.001,0.00023,,,0.00111,,,,0.0001,0.00228,0.0,0.0008,,6e-13,1e-211,,1e-76,0.0002,1.9999999999999998e-25,2e-05,0.001,,,2e-12,,,,0.5,0.05,0.6,csnk1
cspg4,CSPG4,Proteins,0.00602,0.84855,0.09865,0.00276,,0.00395,0.00023,0.00059,0.006,0.02886,,,2e-05,,,,4e-05,0.00106,0.00328,2.0000000000000002e-23,,0.0,6e-20,,3e-45,0.0006,0.002,3e-50,8e-315,,,0.4,,,,0.9,1.0,5e-38,cspg
cspg5,CSPG5,Proteins,0.00124,0.98399,0.00049,0.00069,,0.00715,0.0,0.00047,0.00353,0.00127,,,0.0,,,,0.00019,0.00097,1e-05,1e-06,,5e-05,0.08,,1e-67,0.8,0.05,2e-33,2e-13,,,0.9,,,,0.2,1.0,0.5,cspg1
csrp3,CSRP3,Proteins,0.00223,0.94629,0.0278,0.00172,,0.00299,5e-05,0.00026,0.01212,2e-05,,,0.00263,,,,0.0001,0.00162,0.00217,1e-07,,6e-263,2e-08,,1.9999999999999998e-30,0.1,0.4,4.9999999999999997e-116,0.4,,,6e-27,,,,0.5,0.9,1e-22,csrp
cst3,CST3,Proteins,0.00968,0.7479,0.08588,0.00285,,0.10028,0.00198,0.00052,0.02994,0.01335,,,0.00046,,,,5e-05,0.00134,0.00577,2e-64,,0.0,3e-24,,0.0,1.9999999999999998e-26,0.002,0.0,8e-166,,,3e-07,,,,0.7,0.8,4e-73,cst3
cst5,CST5,Proteins,0.02168,0.90978,0.05369,0.00269,,0.00321,8e-05,0.00032,0.00428,0.00116,,,0.0014,,,,8e-05,0.00148,0.00015,3e-180,,0.0,6e-17,,6e-34,0.05,0.2,1.9999999999999998e-42,3e-13,,,1e-15,,,,0.6,0.9,0.009,cst5
cst6,CST6,Proteins,0.01125,0.87809,0.02791,0.00184,,0.00287,0.00035,0.00143,0.07191,0.00123,,,0.00169,,,,2e-05,0.00133,9e-05,3e-52,,4.0000000000000004e-254,3e-10,,4e-31,5e-05,4e-10,0.0,3e-14,,,5e-19,,,,1.0,1.0,0.04,cst6
cst7,CST7,Proteins,0.00667,0.95145,0.0006,0.00125,,0.02912,0.00033,0.0014,0.00064,0.00667,,,0.00044,,,,5e-05,0.00123,0.00016,8.000000000000001e-39,,0.1,3e-05,,3e-281,0.0001,3e-09,0.06,1.0000000000000001e-66,,,9e-06,,,,0.8,1.0,0.007,cst7
cstb,CSTB,Proteins,0.01179,0.86925,0.02267,0.01342,,0.06628,0.00168,0.001,0.0006,0.00682,,,0.00153,,,,7e-05,0.00191,0.00297,4e-71,,6e-233,2e-123,,0.0,2e-19,1e-06,0.002,3e-73,,,9e-18,,,,0.7,0.3,5e-33,cstb
ctag1a_ctag1b,CTAG1A_CTAG1B,Proteins,0.00053,0.99727,0.00025,0.00028,,6e-05,7e-05,0.00015,4e-05,0.00018,,,9e-05,,,,6e-05,0.00096,6e-05,0.04,,0.002,0.9,,0.1,0.08,0.8,0.5,0.006,,,0.05,,,,0.8,1.0,0.1,ctag_ctag
ctbs,CTBS,Proteins,0.00622,0.92331,0.00285,0.00309,,0.03325,0.00028,0.00242,0.02062,0.00623,,,0.00032,,,,4e-05,0.00105,0.00032,3e-33,,6e-22,3e-20,,0.0,0.0004,1e-18,2e-197,6e-64,,,0.0001,,,,0.9,1.0,0.0001,ctbs
ctf1,CTF1,Proteins,0.00308,0.96962,0.00114,0.01491,,0.0036,0.00025,0.00152,0.00046,0.0001,,,0.00325,,,,0.0001,0.00191,5e-05,6e-23,,3e-08,3e-122,,1e-35,0.0009,9e-10,0.2,0.04,,,3e-32,,,,0.5,0.6,0.1,ctf1
cthrc1,CTHRC1,Proteins,0.00677,0.6975,0.08018,0.00349,,0.09135,0.00084,0.00521,0.10024,0.00117,,,0.00655,,,,5e-05,0.00195,0.00471,4.0000000000000004e-39,,0.0,1.0000000000000001e-34,,0.0,7e-13,5e-62,0.0,2e-17,,,2e-89,,,,0.7,0.007,7e-65,cthr
ctla4,CTLA4,Proteins,0.00035,0.99729,3e-05,0.00046,,1e-05,2e-05,0.00021,8e-05,3e-05,,,0.0,,,,5e-05,0.00144,2e-05,0.008,,0.5,0.5,,0.6,0.3,0.6,0.1,0.2,,,0.7,,,,0.8,1.0,0.4,ctla
ctnna1,CTNNA1,Proteins,0.00075,0.99427,8e-05,0.00033,,0.00082,1e-05,0.00059,0.00155,6e-05,,,4e-05,,,,0.00017,0.00132,1e-05,0.0003,,0.08,0.8,,5e-09,0.5,0.01,1e-15,0.1,,,0.2,,,,0.2,1.0,0.6,ctnn
ctrb1,CTRB1,Proteins,0.00505,0.98356,0.00261,0.0018,,0.00188,0.00039,0.00037,0.00271,1e-05,,,0.0003,,,,7e-05,0.00117,9e-05,9e-22,,2e-19,9e-09,,2e-19,4e-05,0.1,2e-20,0.5,,,0.0003,,,,0.7,1.0,0.05,ctrb
ctrc,CTRC,Proteins,0.00669,0.96007,0.0002,0.00169,,0.01312,0.00058,0.00042,0.01173,0.00384,,,0.00063,,,,3e-05,0.00097,2e-05,2e-44,,0.1,3e-08,,1e-127,4e-07,0.07,6e-113,8.000000000000001e-39,,,1e-07,,,,0.9,1.0,0.3,ctrc
ctrl,CTRL,Proteins,0.02101,0.94994,0.00011,0.00365,,0.02263,1e-05,0.00035,0.00062,9e-05,,,2e-05,,,,7e-05,0.00138,0.00013,1.0000000000000001e-162,,0.9,1.0000000000000001e-24,,5.999999999999999e-222,0.6,0.1,2e-06,0.05,,,0.3,,,,0.7,0.9,0.02,ctrl
ctsb,CTSB,Proteins,0.03422,0.90746,0.01055,0.00282,,0.0381,0.00088,0.00027,0.00061,0.00059,,,0.00211,,,,5e-05,0.00114,0.00121,3e-317,,1e-108,2e-18,,0.0,1e-10,0.3,3e-07,2e-07,,,3e-23,,,,0.8,1.0,5e-14,ctsb
ctsc,CTSC,Proteins,0.00739,0.93539,0.01556,0.00278,,0.01282,2e-05,0.00138,0.01951,0.00263,,,0.00023,,,,3e-05,0.00153,0.00073,1e-47,,4e-153,2e-17,,1e-127,0.4,3e-09,1.9999999999999997e-191,1e-27,,,0.001,,,,0.9,0.9,1e-08,ctsc
ctsd,CTSD,Proteins,0.00363,0.8124,0.04216,0.00373,,0.09142,0.00157,0.00136,0.02343,0.01556,,,0.00073,,,,0.00035,0.00213,0.00152,2e-15,,0.0,7e-28,,0.0,2e-18,7e-10,8e-220,8.000000000000001e-165,,,3e-09,,,,0.004,0.08,9e-18,ctsd
ctse,CTSE,Proteins,0.02164,0.91008,0.00634,0.00338,,0.00094,0.00634,0.00061,0.00302,0.00047,,,0.045,,,,0.00047,0.00152,0.00018,7e-133,,2e-48,5e-23,,4e-11,2e-65,0.003,5e-15,3e-06,,,0.0,,,,0.0006,0.8,0.004,ctse
ctsf,CTSF,Proteins,0.00424,0.91687,0.04026,0.00178,,0.01447,0.00015,0.00065,0.01513,0.00121,,,0.00318,,,,0.00015,0.00153,0.00038,2e-14,,0.0,1e-09,,8e-148,0.008,0.001,9.999999999999999e-153,5e-14,,,4.0000000000000006e-34,,,,0.2,0.9,3e-05,ctsf
ctsh,CTSH,Proteins,0.04578,0.91579,0.0103,0.00301,,0.00962,0.00048,0.00028,0.00918,0.00217,,,0.00066,,,,4e-05,0.00113,0.00155,0.0,,4e-103,2e-19,,8.999999999999999e-97,3e-06,0.3,4e-92,3e-23,,,4e-08,,,,0.8,1.0,5e-17,ctsh
ctsl,CTSL,Proteins,0.00174,0.90965,0.03863,0.00118,,0.02016,0.00105,0.00101,0.01795,0.00079,,,0.00033,,,,9e-05,0.00135,0.00608,9e-08,,0.0,4e-05,,1e-204,3e-12,2e-06,2e-168,1e-09,,,8e-05,,,,0.5,1.0,1.9999999999999999e-63,ctsl
ctso,CTSO,Proteins,0.0079,0.90208,0.01011,0.0033,,0.06175,0.00025,0.00125,0.00718,0.00305,,,0.00015,,,,9e-05,0.00126,0.00163,2.0000000000000003e-45,,2e-93,2.0000000000000002e-23,,0.0,0.0006,1e-08,3e-63,2e-33,,,0.007,,,,0.5,1.0,1e-18,ctso
ctsv,CTSV,Proteins,0.01943,0.85868,0.09864,0.00542,,0.00535,0.00262,0.00049,0.00261,0.00099,,,0.00081,,,,0.00014,0.00137,0.00344,4e-166,,0.0,1.0000000000000001e-45,,6e-60,3e-30,0.01,0.002,2e-12,,,2e-10,,,,0.2,1.0,3e-39,ctsv
ctsz,CTSZ,Proteins,0.01236,0.88646,0.02238,0.00289,,0.05419,0.00019,0.00084,0.01012,0.00427,,,0.00289,,,,5e-05,0.00148,0.0019,3e-61,,3e-228,1e-19,,0.0,0.002,3e-05,1e-102,3e-46,,,6e-32,,,,0.8,0.9,1e-21,ctsz
cuzd1,CUZD1,Proteins,0.00261,0.99142,0.00013,0.00117,,0.00267,8e-05,0.00036,0.00013,4e-05,,,0.0,,,,9e-05,0.00129,2e-05,2e-10,,0.02,0.0003,,3e-26,0.07,0.2,0.02,0.2,,,1.0,,,,0.6,1.0,0.3,cuzd
cwc15,CWC15,Proteins,0.00364,0.92514,0.00597,0.02276,,0.02874,0.00013,0.0022,0.00688,0.00108,,,0.00058,,,,9e-05,0.0014,0.00139,2e-19,,6e-51,7e-207,,2e-285,0.02,1e-16,4.0000000000000004e-60,2e-12,,,2e-07,,,,0.5,0.9,1e-15,cwc1
cx3cl1,CX3CL1,Proteins,0.0054,0.95886,0.01782,0.00164,,0.00202,0.00021,0.00037,0.00784,0.00169,,,0.00046,,,,4e-05,0.00132,0.00232,1e-15,,2.0000000000000002e-171,7e-08,,4e-21,0.002,0.1,9e-77,6e-18,,,6e-06,,,,0.9,1.0,4.0000000000000004e-24,cx3c
cxadr,CXADR,Proteins,0.00276,0.95998,0.00825,0.00116,,0.00848,0.0,0.0007,0.01186,0.00445,,,0.00026,,,,0.0001,0.00121,0.00078,2e-19,,4e-48,0.0001,,2e-83,0.8,0.001,9e-83,1e-44,,,0.0007,,,,0.5,1.0,4e-09,cxad
cxcl1,CXCL1,Proteins,0.02337,0.95026,0.00109,0.01089,,0.00172,0.00015,0.00147,0.00263,0.00105,,,0.00555,,,,5e-05,0.00177,0.0,4e-213,,1e-07,5e-90,,2e-18,0.01,8e-10,1e-22,7e-12,,,7.999999999999999e-56,,,,0.8,0.6,1.0,cxcl
cxcl10,CXCL10,Proteins,0.00422,0.85151,0.07854,0.00227,,0.04199,0.00148,0.00043,0.00272,0.00263,,,0.00806,,,,8e-05,0.0012,0.00488,5e-20,,0.0,4e-15,,0.0,7e-18,0.03,7e-17,1.9999999999999998e-30,,,1e-89,,,,0.5,1.0,4e-55,cxcl1
cxcl11,CXCL11,Proteins,0.00345,0.94599,0.01264,0.00522,,0.00944,8e-05,0.00089,0.01223,0.00095,,,0.00589,,,,0.00037,0.0016,0.00124,1e-12,,5e-126,5.0000000000000005e-39,,6e-95,0.05,3e-05,5e-122,5e-11,,,5e-60,,,,0.005,0.9,6e-14,cxcl2
cxcl12,CXCL12,Proteins,0.01054,0.96278,0.00178,0.0018,,0.01437,4e-05,0.00117,0.00389,0.00057,,,0.00076,,,,0.0001,0.00167,0.00054,5.9999999999999996e-92,,7e-18,8e-09,,6e-137,0.2,5e-07,7e-38,7e-07,,,1e-08,,,,0.5,0.8,1e-06,cxcl3
cxcl13,CXCL13,Proteins,0.00105,0.95734,0.0066,0.00161,,0.02214,4e-05,0.00086,0.00147,0.00065,,,0.00226,,,,0.00015,0.00144,0.00438,5e-05,,9.999999999999999e-55,8e-08,,7e-216,0.2,6e-05,0.0004,6e-08,,,7.000000000000001e-24,,,,0.2,1.0,1e-44,cxcl4
cxcl14,CXCL14,Proteins,0.07315,0.71999,0.10544,0.02168,,0.0,0.00019,0.05085,0.01891,0.00448,,,0.0003,,,,0.00012,0.0034,0.00149,0.0,,0.0,6e-251,,0.6,0.0009,0.0,9e-214,2e-58,,,3e-05,,,,0.2,4e-11,1e-20,cxcl5
cxcl16,CXCL16,Proteins,0.01771,0.88824,0.02392,0.00298,,0.0287,0.00142,0.00025,0.02048,0.01255,,,0.0003,,,,0.00014,0.00131,0.00199,1e-136,,3e-235,9e-21,,5e-299,1e-16,0.3,7e-200,5e-133,,,0.0002,,,,0.2,1.0,1e-22,cxcl6
cxcl17,CXCL17,Proteins,0.01104,0.62274,0.19963,0.00974,,0.00048,0.0023,0.00109,0.00095,0.14098,,,0.00533,,,,6e-05,0.00155,0.0041,4e-135,,0.0,9e-129,,8e-09,2e-36,1e-11,0.03,0.0,,,6e-82,,,,0.5,0.04,1.9999999999999999e-63,cxcl7
cxcl3,CXCL3,Proteins,0.00224,0.95705,0.00086,0.01941,,0.00259,5e-05,0.00366,0.00244,0.00176,,,0.00738,,,,3e-05,0.00237,0.00017,2e-08,,0.1,5e-168,,8e-27,0.1,5.0000000000000004e-29,2e-17,9e-19,,,5e-73,,,,0.9,0.06,0.006,cxcl8
cxcl5,CXCL5,Proteins,0.02668,0.89695,0.00466,0.02195,,0.00313,0.0,0.00333,0.03517,0.00026,,,0.00581,,,,5e-05,0.00188,0.00013,4e-240,,7e-41,3.0000000000000002e-204,,6e-34,0.6,6e-28,0.0,0.0004,,,2e-61,,,,0.8,0.4,0.01,cxcl9
cxcl6,CXCL6,Proteins,0.00169,0.9629,0.00397,0.00724,,0.01263,6e-05,0.00118,0.00241,0.00056,,,0.00604,,,,7e-05,0.00126,0.0,3e-11,,1e-17,1.9999999999999999e-56,,3e-124,0.1,2e-07,0.06,6e-07,,,1.0000000000000001e-60,,,,0.7,1.0,0.8,cxcl10
cxcl8,CXCL8,Proteins,0.00554,0.91569,0.02914,0.02283,,0.00199,0.00079,0.00397,0.00223,0.00397,,,0.01133,,,,9e-05,0.00156,0.00086,2e-27,,2.9999999999999996e-272,1e-208,,8e-22,1e-09,2e-33,0.0001,7.999999999999999e-42,,,1.9999999999999999e-115,,,,0.6,0.9,3e-10,cxcl11
cxcl9,CXCL9,Proteins,0.01461,0.82551,0.14222,0.00239,,0.00338,0.00032,0.00031,0.00285,0.0,,,1e-05,,,,9e-05,0.0012,0.0071,9.999999999999999e-143,,0.0,6e-17,,6.9999999999999995e-40,5e-05,0.1,2e-21,0.8,,,0.5,,,,0.4,1.0,1.0000000000000001e-81,cxcl12
cyb5a,CYB5A,Proteins,0.00075,0.99609,0.00011,0.00028,,0.00109,0.00014,0.00039,0.00023,0.0,,,1e-05,,,,5e-05,0.00084,3e-05,0.001,,0.05,0.9,,2e-11,0.01,0.1,0.003,0.8,,,0.6,,,,0.8,1.0,0.2,cyb5
cyb5r2,CYB5R2,Proteins,0.01672,0.93079,0.00662,0.01283,,0.00899,2e-05,0.00262,0.00752,0.00665,,,0.00506,,,,6e-05,0.00177,0.00035,1e-139,,7.999999999999999e-56,5e-110,,1e-90,0.4,3e-20,9e-65,2e-67,,,7e-52,,,,0.7,0.4,7e-05,cyb51
cyp24a1,CYP24A1,Proteins,0.00054,0.99649,0.00015,0.00043,,0.0,6e-05,0.0003,7e-05,5e-05,,,1e-05,,,,0.00016,0.00174,0.0,0.01,,0.03,0.6,,0.7,0.1,0.3,0.2,0.2,,,0.6,,,,0.2,0.8,0.8,cyp2
cyth3,CYTH3,Proteins,0.00243,0.99179,0.00183,0.00095,,2e-05,0.00013,0.00031,0.00063,0.00057,,,0.0001,,,,0.0001,0.00113,0.0,2e-17,,4e-18,0.005,,0.4,0.02,0.3,5e-07,9e-07,,,0.04,,,,0.5,1.0,1.0,cyth
cytl1,CYTL1,Proteins,0.00386,0.88954,2e-05,0.00135,,0.00483,0.00176,0.00093,0.09186,0.00407,,,0.00015,,,,4e-05,0.00136,0.00024,2e-20,,0.4,1e-06,,1e-52,3e-20,5e-06,0.0,1e-44,,,0.008,,,,0.9,0.9,0.0007,cytl
daam1,DAAM1,Proteins,0.00311,0.95508,0.00135,0.02256,,0.00627,0.00054,0.00522,0.00132,0.00022,,,0.00189,,,,0.00011,0.0022,0.00014,1e-08,,0.02,6e-195,,1e-61,1e-06,7e-43,0.04,0.002,,,8e-20,,,,0.4,0.1,0.01,daam
dab2,DAB2,Proteins,0.00202,0.95343,0.00078,0.02783,,0.00724,0.00019,0.00266,0.00131,9e-05,,,0.00168,,,,6e-05,0.0027,1e-05,9e-10,,0.5,3e-250,,9e-73,0.003,2e-20,7e-07,0.04,,,3e-18,,,,0.7,0.02,0.4,dab2
dag1,DAG1,Proteins,0.00305,0.9409,0.00391,0.01434,,0.01978,0.0,0.00193,0.0064,0.00081,,,0.00715,,,,4e-05,0.00166,3e-05,3e-12,,2e-22,4.0000000000000006e-124,,1e-195,0.7,4e-14,2.9999999999999997e-47,1e-09,,,2.0000000000000002e-72,,,,0.9,0.7,0.2,dag1
dand5,DAND5,Proteins,0.00021,0.99673,1e-05,0.00085,,0.00015,0.0,0.0005,5e-05,2e-05,,,0.0,,,,9e-05,0.00139,0.0,0.09,,0.5,0.02,,0.01,0.8,0.03,0.2,0.4,,,0.9,,,,0.6,1.0,0.9,dand
dapk2,DAPK2,Proteins,0.01071,0.96054,0.00053,0.01747,,0.00418,2e-05,0.00246,0.00145,0.00011,,,0.00102,,,,0.0001,0.00141,1e-05,8e-83,,0.8,2e-146,,3e-41,0.4,9e-18,3e-10,0.03,,,3e-11,,,,0.5,0.9,0.5,dapk
dapp1,DAPP1,Proteins,0.00234,0.96247,0.00094,0.02195,,0.00119,0.0001,0.00162,0.00139,1e-05,,,0.00481,,,,0.00024,0.00285,0.0001,8e-12,,0.9,9.999999999999999e-191,,4e-13,0.03,6e-11,8e-06,0.6,,,4e-48,,,,0.06,0.002,0.04,dapp
dars1,DARS1,Proteins,0.00073,0.94513,0.0007,0.0384,,0.00108,0.00012,0.00391,0.00312,0.0,,,0.00388,,,,0.0002,0.00261,0.00011,0.002,,0.7,0.0,,3e-12,0.02,1e-31,1.9999999999999998e-25,0.9,,,1.0000000000000001e-39,,,,0.1,0.02,0.03,dars
dbh,DBH,Proteins,0.01639,0.96244,0.00106,0.0028,,0.00555,0.00031,0.00029,0.00823,0.00159,,,0.00029,,,,8e-05,0.00096,0.0,1e-111,,1e-10,4e-17,,2e-55,0.0002,0.3,4e-80,4e-17,,,0.0004,,,,0.6,1.0,0.9,dbh
dbi,DBI,Proteins,0.0035,0.94174,0.00201,0.0211,,0.01746,0.0003,0.00307,0.00084,0.00088,,,0.00677,,,,5e-05,0.00215,0.00014,5e-14,,1e-13,2.0000000000000002e-186,,2.0000000000000002e-171,0.0002,4.0000000000000004e-24,0.2,3e-10,,,5.0000000000000005e-68,,,,0.8,0.2,0.01,dbi
dbn1,DBN1,Proteins,0.0019,0.94415,0.00055,0.03983,,0.00308,0.00039,0.00536,0.00043,0.00099,,,0.00091,,,,5e-05,0.00232,4e-05,1e-06,,0.01,0.0,,2e-31,4e-05,2e-44,0.3,4e-11,,,2e-10,,,,0.8,0.05,0.2,dbn1
dbnl,DBNL,Proteins,0.00192,0.94136,0.00075,0.04011,,0.00392,5e-05,0.00418,0.00172,0.00027,,,0.00318,,,,7e-05,0.00244,2e-05,3e-08,,0.1,0.0,,2e-40,0.1,1.0000000000000001e-34,1e-11,0.0004,,,3e-33,,,,0.7,0.03,0.3,dbnl
dcbld2,DCBLD2,Proteins,0.0111,0.90047,0.07177,0.00357,,0.00032,4e-05,0.00079,0.00585,0.00013,,,0.00186,,,,0.0001,0.00128,0.00272,2e-92,,0.0,9.999999999999999e-26,,0.0001,0.2,9e-05,1e-59,0.01,,,6e-21,,,,0.4,1.0,6.999999999999999e-30,dcbl
dcc,DCC,Proteins,0.00201,0.95602,0.02857,0.0017,,0.00056,7e-05,0.00058,0.00417,0.00433,,,8e-05,,,,3e-05,0.00132,0.00055,2e-07,,5e-269,3e-08,,8e-07,0.07,0.008,2e-40,5e-43,,,0.07,,,,0.9,1.0,9e-07,dcc
dcdc2c,DCDC2C,Proteins,0.00071,0.99659,3e-05,0.00053,,0.0,6e-05,0.0003,2e-05,0.0004,,,0.0,,,,0.00012,0.00125,0.0,0.02,,0.3,0.3,,0.9,0.1,0.3,0.6,4e-05,,,0.9,,,,0.4,1.0,1.0,dcdc
dclre1c,DCLRE1C,Proteins,0.00038,0.99686,2e-05,0.00066,,0.00029,2e-05,0.00029,3e-05,1e-05,,,1e-05,,,,0.00019,0.00124,1e-05,0.07,,0.4,0.1,,0.0005,0.4,0.3,0.3,0.6,,,0.6,,,,0.2,1.0,0.5,dclr
dcn,DCN,Proteins,0.00691,0.84829,0.12175,0.0029,,9e-05,0.00024,0.00181,0.01116,0.00192,,,0.00048,,,,7e-05,0.00128,0.0031,6.9999999999999995e-25,,0.0,2e-20,,0.04,0.0006,2e-14,8e-121,3e-22,,,1e-06,,,,0.7,1.0,6e-35,dcn
dctd,DCTD,Proteins,0.00174,0.9557,0.00072,0.02932,,0.0026,0.00016,0.00285,0.0006,0.0,,,0.0039,,,,0.00014,0.0022,8e-05,1e-06,,0.004,1e-256,,9.999999999999999e-27,0.009,2e-21,0.08,0.9,,,5.0000000000000005e-39,,,,0.3,0.1,0.05,dctd
dctn1,DCTN1,Proteins,0.00174,0.93056,0.0008,0.04371,,0.00431,0.00028,0.01002,0.00534,0.0,,,0.00132,,,,4e-05,0.00186,1e-05,1e-09,,0.1,0.0,,3e-45,0.0003,5.9999999999999996e-92,4e-48,0.9,,,5e-15,,,,0.9,0.7,0.5,dctn
dctn2,DCTN2,Proteins,0.00274,0.95822,0.00032,0.02896,,0.00013,0.00051,0.00519,0.00136,1e-05,,,0.00033,,,,0.00011,0.00212,1e-05,3e-23,,0.1,5e-256,,0.02,2e-06,4e-43,4e-12,0.4,,,0.0001,,,,0.4,0.4,0.5,dctn1
dctn6,DCTN6,Proteins,0.00192,0.96858,0.00056,0.01918,,0.00473,0.0001,0.00206,0.00031,0.0,,,0.00079,,,,8e-05,0.00169,1e-05,3e-09,,9e-05,2e-160,,4e-46,0.03,3e-14,0.03,0.9,,,5e-09,,,,0.6,0.9,0.6,dctn2
dctpp1,DCTPP1,Proteins,0.00347,0.91083,0.05753,0.00588,,0.00938,0.0,0.00268,0.00407,0.00142,,,0.00071,,,,8e-05,0.00124,0.00271,2e-19,,0.0,2e-46,,1e-96,1.0,2e-21,4e-07,4e-16,,,8e-09,,,,0.6,1.0,3e-29,dctp
dcun1d1,DCUN1D1,Proteins,0.00257,0.99011,0.00072,0.00059,,0.00087,0.00027,0.00011,0.00043,0.00266,,,1e-05,,,,0.00012,0.00154,0.0,1e-14,,2e-07,0.2,,2e-09,0.0008,1.0,9e-05,3.9999999999999996e-26,,,0.6,,,,0.4,0.9,0.8,dcun
dcun1d2,DCUN1D2,Proteins,0.00083,0.99424,0.00019,0.00064,,5e-05,0.00022,0.00021,0.00048,0.00172,,,0.00012,,,,4e-05,0.00121,6e-05,0.002,,0.005,0.1,,0.2,0.003,0.7,9e-06,2e-17,,,0.03,,,,0.9,1.0,0.1,dcun1
dcxr,DCXR,Proteins,0.00125,0.80597,0.01038,0.00377,,0.06865,0.0015,0.00388,0.09979,0.002,,,0.00088,,,,5e-05,0.00188,0.0,5e-05,,9.999999999999999e-43,1e-31,,0.0,5e-19,4e-38,0.0,6.9999999999999995e-25,,,8e-12,,,,0.7,0.3,0.6,dcxr
dda1,DDA1,Proteins,0.00062,0.99306,0.0003,0.00328,,0.00031,9e-05,0.00048,0.00014,0.0,,,0.00021,,,,0.00016,0.00134,0.0,0.009,,0.001,2e-19,,0.0003,0.05,0.05,0.04,0.9,,,0.003,,,,0.2,1.0,0.7,dda1
ddah1,DDAH1,Proteins,0.00848,0.923,0.01694,0.00879,,0.02808,0.00099,0.00221,0.00213,0.00488,,,0.00188,,,,4e-05,0.00151,0.00108,4e-74,,9.999999999999999e-153,5e-73,,5e-279,1e-11,8e-17,8e-05,9.999999999999999e-51,,,1e-20,,,,0.8,1.0,2e-12,ddah
ddc,DDC,Proteins,0.00617,0.94616,0.01009,0.00117,,0.026,0.00231,0.00082,0.00406,0.00106,,,0.00094,,,,3e-05,0.00114,5e-05,4.0000000000000006e-34,,1e-64,0.0001,,4e-252,3e-24,0.0001,2e-05,5e-12,,,9e-11,,,,0.9,1.0,0.1,ddc
ddhd2,DDHD2,Proteins,0.00186,0.92185,0.00167,0.05013,,0.00486,3e-05,0.00879,0.00515,6e-05,,,0.00256,,,,0.00011,0.0029,3e-05,2e-09,,0.05,0.0,,4e-51,0.3,1e-80,5e-38,0.09,,,8.000000000000001e-28,,,,0.4,0.0002,0.2,ddhd
ddi2,DDI2,Proteins,0.00139,0.88529,0.00069,0.07907,,0.00021,0.0012,0.00463,0.02384,0.00121,,,0.00041,,,,9e-05,0.00195,0.0,5e-08,,5e-05,0.0,,0.002,4e-14,8e-41,3e-241,3e-14,,,1e-05,,,,0.5,0.2,0.8,ddi2
ddr1,DDR1,Proteins,0.00251,0.95118,0.01383,0.00215,,0.00064,0.00069,0.00221,0.0217,0.00203,,,0.0,,,,0.00014,0.00127,0.00164,2e-12,,3.0000000000000005e-131,4e-12,,7e-08,2e-08,2e-16,3e-207,1e-21,,,0.8,,,,0.3,1.0,7e-18,ddr1
ddt,DDT,Proteins,0.00147,0.86739,0.00254,0.04427,,0.04058,0.00239,0.00482,0.02957,0.00216,,,0.00199,,,,0.00022,0.00231,0.00029,0.002,,3e-09,0.0,,0.0,2e-27,7e-45,2e-296,3.9999999999999997e-25,,,3e-23,,,,0.06,0.02,0.0002,ddt
ddx1,DDX1,Proteins,0.00243,0.9855,0.00412,0.00483,,0.00023,0.00023,0.00088,0.00033,0.00019,,,4e-05,,,,7e-05,0.00115,0.0,7e-17,,5.0000000000000005e-39,2e-33,,0.002,0.002,7e-05,0.01,0.004,,,0.2,,,,0.7,1.0,0.8,ddx1
ddx25,DDX25,Proteins,0.00123,0.98932,0.00118,0.00079,,0.00368,2e-05,0.00035,0.00125,0.00011,,,0.00043,,,,0.00012,0.00151,2e-05,7e-05,,6e-11,0.03,,1e-35,0.3,0.2,2e-11,0.03,,,2e-05,,,,0.4,0.9,0.3,ddx2
ddx39a,DDX39A,Proteins,0.001,0.99562,6e-05,0.00128,,6e-05,1e-05,0.00041,6e-05,1e-05,,,3e-05,,,,0.0002,0.00126,0.0,8e-05,,0.8,7e-05,,0.1,0.5,0.1,0.7,0.6,,,0.3,,,,0.1,1.0,0.7,ddx3
ddx4,DDX4,Proteins,0.00072,0.99523,0.00045,0.00065,,0.00012,0.0001,0.00027,2e-05,0.00132,,,3e-05,,,,0.00012,0.00097,2e-05,0.003,,2e-05,0.1,,0.03,0.04,0.4,0.7,9e-14,,,0.3,,,,0.4,1.0,0.4,ddx4
ddx53,DDX53,Proteins,0.00088,0.99603,6e-05,0.0004,,0.0005,0.00015,0.00013,0.00017,0.00015,,,2e-05,,,,4e-05,0.00147,1e-05,0.008,,1.0,0.7,,5e-06,0.01,0.9,0.03,0.01,,,0.4,,,,0.9,0.9,0.6,ddx5
ddx58,DDX58,Proteins,0.00236,0.95115,0.00163,0.024,,0.00599,5e-05,0.00846,0.0037,1e-05,,,0.0004,,,,3e-05,0.00165,0.00057,2e-09,,1e-10,1e-207,,6e-59,0.2,2.0000000000000002e-72,9.999999999999999e-31,0.4,,,3e-05,,,,0.9,0.9,6e-07,ddx51
decr1,DECR1,Proteins,0.00306,0.9614,0.00131,0.02131,,0.00357,1e-05,0.00326,0.00088,0.00038,,,0.00271,,,,0.00013,0.00191,6e-05,2e-11,,3e-06,6e-185,,4e-36,0.5,1.9999999999999998e-25,0.1,4e-05,,,6e-28,,,,0.3,0.5,0.1,decr
defa1_defa1b,DEFA1_DEFA1B,Proteins,0.01516,0.94636,0.00431,0.00478,,0.02237,0.00019,0.00058,0.00109,0.00133,,,5e-05,,,,3e-05,0.00163,0.00212,4.9999999999999997e-116,,6e-43,1e-33,,2e-213,0.003,0.008,5e-12,2e-14,,,0.1,,,,0.9,0.9,6e-22,defa_defa
defb103a_defb103b,DEFB103A_DEFB103B,Proteins,0.001,0.98365,0.00017,0.00126,,0.01009,9e-05,0.00057,0.00052,0.00056,,,6e-05,,,,6e-05,0.0016,0.00038,1e-05,,0.3,9e-05,,8e-94,0.05,0.01,8e-05,1e-06,,,0.1,,,,0.8,0.8,7e-05,defb_defb
defb104a_defb104b,DEFB104A_DEFB104B,Proteins,0.00621,0.86758,0.00354,0.00159,,4e-05,7e-05,0.00065,0.11836,0.00059,,,0.00011,,,,0.0001,0.00111,7e-05,2e-62,,2e-38,2e-08,,0.2,0.08,0.001,0.0,1e-07,,,0.02,,,,0.4,1.0,0.08,defb_defb1
defb116,DEFB116,Proteins,0.00048,0.99386,0.00121,0.00044,,0.00029,5e-05,0.00024,0.00168,0.0003,,,8e-05,,,,0.00013,0.00123,0.0,0.02,,3e-10,0.6,,0.0005,0.1,0.5,1e-14,0.0004,,,0.06,,,,0.4,1.0,1.0,defb
defb118,DEFB118,Proteins,0.00082,0.99647,0.00019,0.00074,,0.0,0.0,0.0004,6e-05,1e-05,,,1e-05,,,,5e-05,0.00123,1e-05,0.006,,0.009,0.06,,1.0,0.7,0.1,0.2,0.6,,,0.5,,,,0.8,1.0,0.4,defb1
defb4a_defb4b,DEFB4A_DEFB4B,Proteins,0.00187,0.84926,0.00293,0.00554,,0.02953,0.0,0.00586,0.08866,0.00911,,,0.00371,,,,0.00016,0.00211,0.00125,4e-12,,3e-23,1e-46,,4e-315,0.9,1e-55,0.0,1e-99,,,7.999999999999999e-42,,,,0.2,0.2,3e-15,defb_defb2
dennd2b,DENND2B,Proteins,0.00092,0.99583,2e-05,0.00113,,3e-05,3e-05,0.00026,0.00059,0.0,,,1e-05,,,,5e-05,0.00113,0.0,0.002,,0.9,0.0005,,0.3,0.3,0.5,1e-06,0.8,,,0.5,,,,0.8,1.0,0.8,denn
denr,DENR,Proteins,0.00174,0.95456,0.00071,0.03401,,0.00115,0.0,0.00228,0.00063,0.0002,,,0.00284,,,,0.00018,0.00169,1e-05,1e-09,,0.0001,1e-297,,1e-12,0.6,2e-16,0.0006,0.003,,,9.000000000000001e-29,,,,0.2,0.7,0.6,denr
dffa,DFFA,Proteins,0.00178,0.94961,0.00078,0.03158,,0.00537,0.0,0.00368,0.00044,0.00086,,,0.0034,,,,0.00011,0.00238,0.0,3e-06,,4e-05,6e-287,,9e-55,0.9,6e-30,0.3,4e-10,,,2e-35,,,,0.4,0.04,0.9,dffa
dgcr6,DGCR6,Proteins,0.00093,0.98249,0.0016,0.00545,,0.00559,0.0,0.00056,0.00069,0.00041,,,0.0002,,,,5e-05,0.00138,0.00065,0.009,,4e-15,9e-38,,3e-53,1.0,0.01,1e-06,3e-05,,,0.004,,,,0.8,1.0,2e-07,dgcr
dgka,DGKA,Proteins,0.00231,0.94348,0.00079,0.0359,,0.00639,2e-05,0.00446,0.00082,0.00105,,,0.00259,,,,0.00019,0.00201,0.0,3e-09,,0.6,1e-318,,3.9999999999999997e-63,0.4,4e-36,0.2,1e-11,,,9.999999999999999e-27,,,,0.1,0.2,0.7,dgka
dgkz,DGKZ,Proteins,0.00141,0.98626,0.00058,0.00648,,0.00042,0.00021,0.00206,0.00101,4e-05,,,1e-05,,,,6e-05,0.00144,0.0,8e-05,,0.004,1e-46,,2e-05,0.003,5e-14,3e-07,0.2,,,0.4,,,,0.8,1.0,0.7,dgkz
dhodh,DHODH,Proteins,0.00049,0.99715,5e-05,0.00039,,5e-05,5e-05,0.00017,9e-05,0.00057,,,0.0,,,,0.00016,0.00081,1e-05,0.009,,0.3,0.7,,0.2,0.1,0.8,0.09,1e-06,,,0.7,,,,0.2,1.0,0.5,dhod
dhps,DHPS,Proteins,0.00042,0.95995,0.00463,0.00662,,0.01865,4e-05,0.0014,0.00519,0.0001,,,0.00129,,,,0.00013,0.00107,0.00052,0.03,,7e-36,9.999999999999999e-51,,3.0000000000000003e-181,0.2,3e-09,2e-41,0.04,,,3e-14,,,,0.3,1.0,2e-06,dhps
dhrs4l2,DHRS4L2,Proteins,0.00811,0.97587,0.0002,0.00994,,0.00181,0.00021,0.00119,0.00034,7e-05,,,0.00023,,,,0.00033,0.0017,0.0,1e-68,,0.8,8e-80,,4e-19,0.002,2e-07,0.01,0.08,,,0.001,,,,0.01,0.7,0.7,dhrs
diablo,DIABLO,Proteins,0.0019,0.96102,0.00116,0.02344,,0.00131,0.00023,0.00293,0.00303,2e-05,,,0.00305,,,,6e-05,0.0017,0.00015,1e-07,,0.3,2e-203,,3e-14,0.002,3e-22,7e-20,0.4,,,5e-31,,,,0.7,0.8,0.01,diab
dipk1c,DIPK1C,Proteins,0.00096,0.99412,0.00037,0.00069,,0.00111,1e-05,0.0003,0.00071,0.00028,,,0.0,,,,0.00012,0.00117,0.00016,1e-05,,0.0001,0.09,,7e-12,0.6,0.3,7e-08,0.0006,,,0.7,,,,0.4,1.0,0.009,dipk
dipk2b,DIPK2B,Proteins,0.00594,0.86669,0.01471,0.00099,,0.0002,0.00078,0.00057,0.09679,0.00911,,,0.0024,,,,2e-05,0.0014,0.0004,7.0000000000000006e-34,,5e-147,0.0004,,0.002,7e-10,0.004,0.0,1.9999999999999998e-97,,,4e-27,,,,1.0,0.8,1e-05,dipk1
dkk1,DKK1,Proteins,0.00583,0.96997,0.00602,0.00295,,0.00736,0.00019,0.00088,0.00135,0.0008,,,0.00314,,,,0.00024,0.00127,0.0,9e-22,,4e-51,3e-18,,1.0000000000000001e-72,0.003,5e-05,8e-06,3e-09,,,3.9999999999999997e-32,,,,0.06,1.0,0.9,dkk1
dkk3,DKK3,Proteins,0.00316,0.86867,0.09118,0.00343,,0.027,0.0012,0.00026,0.00032,0.00039,,,0.00029,,,,8e-05,0.00139,0.00263,1e-09,,0.0,9.999999999999999e-26,,2e-288,1e-14,0.3,0.04,1e-05,,,0.0001,,,,0.6,0.9,3.9999999999999996e-30,dkk3
dkk4,DKK4,Proteins,0.00995,0.91955,0.03459,0.00183,,0.01473,2e-05,0.0004,0.00555,0.00505,,,0.00631,,,,0.00012,0.00099,0.0009,2e-68,,2e-315,8e-10,,3e-148,0.3,0.08,3e-30,2e-52,,,7e-65,,,,0.4,1.0,1e-10,dkk4
dkkl1,DKKL1,Proteins,0.01984,0.91875,0.02274,0.00128,,0.00313,0.00057,0.00069,0.02922,0.00198,,,9e-05,,,,6e-05,0.00152,0.00012,3e-120,,8e-227,9e-06,,3e-33,3e-07,0.0008,3e-290,1e-21,,,0.04,,,,0.7,1.0,0.02,dkkl
dlg4,DLG4,Proteins,0.00171,0.95054,0.00154,0.0346,,0.00175,0.00038,0.00425,0.00072,0.00057,,,0.00132,,,,0.00014,0.00242,6e-05,2e-08,,5e-12,6e-314,,6e-19,3e-05,4e-35,0.001,4e-07,,,1e-14,,,,0.3,0.02,0.1,dlg4
dlgap5,DLGAP5,Proteins,0.00093,0.99604,0.00017,0.00049,,0.0,3e-05,0.00026,0.00045,1e-05,,,0.0001,,,,0.00016,0.0013,7e-05,0.003,,0.01,0.4,,0.8,0.3,0.4,1e-05,0.5,,,0.04,,,,0.2,1.0,0.09,dlga
dlk1,DLK1,Proteins,0.01502,0.89053,0.05286,0.00304,,0.02458,0.00056,0.00098,0.00849,0.00201,,,4e-05,,,,5e-05,0.00152,0.00032,3.9999999999999997e-128,,0.0,3e-21,,8.999999999999999e-257,2e-07,2e-06,9e-11,8.000000000000001e-23,,,0.2,,,,0.8,0.8,8e-05,dlk1
dll1,DLL1,Proteins,0.00834,0.89529,0.03396,0.00257,,0.03569,0.00058,0.00079,0.01089,0.00196,,,0.00425,,,,9e-05,0.00148,0.0041,7e-45,,0.0,9e-17,,0.0,1e-07,8e-05,3e-108,4e-22,,,6e-46,,,,0.5,1.0,2e-44,dll1
dll4,DLL4,Proteins,0.00097,0.98716,0.00033,0.00084,,0.00014,2e-05,0.00025,0.00549,0.00267,,,0.00028,,,,2e-05,0.00183,0.0,0.0006,,0.05,0.02,,0.02,0.4,0.5,3e-50,1.9999999999999998e-26,,,0.0005,,,,1.0,0.7,1.0,dll4
dmd,DMD,Proteins,0.00177,0.93008,0.00976,0.02906,,0.01683,1e-05,0.0055,0.00406,1e-05,,,9e-05,,,,2e-05,0.00162,0.00119,1e-05,,9e-93,6e-261,,2.0000000000000003e-165,0.6,1e-46,3e-37,0.5,,,0.04,,,,1.0,0.8,3e-13,dmd
dmp1,DMP1,Proteins,0.00437,0.87159,0.00873,0.00163,,0.04636,0.00033,0.00051,0.04456,0.01439,,,0.00521,,,,0.0001,0.00199,0.00022,1.0000000000000001e-23,,0.03,8e-09,,0.0,6e-05,0.01,0.0,2.9999999999999998e-151,,,3e-56,,,,0.4,0.2,0.001,dmp1
dnaja1,DNAJA1,Proteins,0.00041,0.99755,0.00018,0.00027,,4e-05,1e-05,0.00022,0.00014,4e-05,,,0.0,,,,6e-05,0.00109,0.0,0.05,,0.007,0.9,,0.2,0.6,0.6,0.02,0.2,,,1.0,,,,0.8,1.0,0.7,dnaj
dnaja2,DNAJA2,Proteins,0.00193,0.94305,0.00109,0.03218,,0.01079,0.00027,0.00394,0.00315,0.00015,,,0.00148,,,,9e-05,0.00188,1e-05,7e-08,,0.8,1e-293,,3e-108,0.0005,1.9999999999999998e-32,3e-22,0.008,,,2e-16,,,,0.6,0.4,0.4,dnaj1
dnaja4,DNAJA4,Proteins,0.00239,0.89721,0.00092,0.08239,,0.00117,0.00055,0.0039,0.00818,0.00085,,,0.00032,,,,0.00011,0.00176,0.00025,6e-09,,8e-09,0.0,,8e-14,3e-07,5e-34,1.9999999999999998e-84,2e-10,,,9e-05,,,,0.4,0.4,0.0006,dnaj2
dnajb1,DNAJB1,Proteins,0.00339,0.92851,0.00277,0.03306,,0.01022,7e-05,0.0049,0.01355,0.00104,,,0.00033,,,,0.00029,0.00187,0.0,7e-15,,0.005,1e-303,,3e-103,0.07,6.999999999999999e-42,1.9999999999999998e-110,5e-12,,,0.0001,,,,0.02,0.7,1.0,dnaj3
dnajb14,DNAJB14,Proteins,0.00318,0.95519,0.00049,0.02188,,0.00709,3e-05,0.00373,0.00075,0.00063,,,0.00506,,,,7e-05,0.00189,0.0,3e-14,,0.001,6e-193,,7e-71,0.3,3.9999999999999996e-30,3e-06,1e-07,,,4e-51,,,,0.7,0.3,1.0,dnaj4
dnajb2,DNAJB2,Proteins,0.00181,0.89396,0.00132,0.06635,,0.00904,0.00062,0.00694,0.01411,0.00084,,,0.00253,,,,0.00022,0.00227,0.0,1e-09,,0.4,0.0,,7e-94,8e-08,5e-63,6e-132,3e-10,,,1e-27,,,,0.07,0.03,0.8,dnaj5
dnajb6,DNAJB6,Proteins,0.00467,0.95096,0.00153,0.02788,,0.00428,0.00015,0.00306,0.00195,0.00019,,,0.00294,,,,5e-05,0.0023,3e-05,2.0000000000000002e-28,,0.3,3e-242,,1.9999999999999998e-42,0.01,3e-23,1e-05,0.004,,,9e-30,,,,0.8,0.06,0.2,dnaj6
dnajb8,DNAJB8,Proteins,0.00326,0.98174,0.001,0.0092,,0.0003,0.00019,0.00108,0.001,2e-05,,,0.00048,,,,0.00018,0.00154,1e-05,3e-27,,7e-09,2e-70,,0.0003,0.004,3e-06,7e-09,0.3,,,7e-06,,,,0.2,1.0,0.4,dnaj7
dnajc21,DNAJC21,Proteins,0.00132,0.95311,0.00083,0.03378,,0.00202,0.0003,0.004,0.00091,5e-05,,,0.00133,,,,0.00017,0.00218,2e-05,2e-06,,9e-05,2.0000000000000002e-305,,2e-21,0.0003,9.999999999999999e-33,1e-05,0.2,,,9e-15,,,,0.2,0.09,0.3,dnaj8
dnajc6,DNAJC6,Proteins,0.01291,0.93297,0.00105,0.03232,,0.0069,0.00026,0.00461,0.00327,0.00085,,,0.00242,,,,8e-05,0.00235,0.0,1e-102,,0.0001,1.9999999999999999e-290,,4e-69,0.0006,3e-38,9.999999999999999e-27,6e-10,,,1.9999999999999998e-25,,,,0.6,0.06,0.7,dnaj9
dnajc9,DNAJC9,Proteins,0.00289,0.91316,0.00248,0.05112,,0.00599,0.00035,0.00585,0.01177,0.00186,,,0.00228,,,,0.00012,0.00199,0.00014,2e-12,,4e-17,0.0,,6e-63,6e-05,3e-52,1e-111,1e-20,,,5e-25,,,,0.3,0.1,0.009,dnaj10
dner,DNER,Proteins,0.04023,0.84324,0.01175,0.00789,,0.05591,0.0011,0.00544,0.03071,0.00058,,,2e-05,,,,0.00012,0.00147,0.00153,0.0,,9e-16,2e-71,,0.0,1e-13,5e-52,7e-221,6e-08,,,0.4,,,,0.3,0.8,2e-18,dner
dnlz,DNLZ,Proteins,0.00157,0.99247,0.00033,0.00057,,0.00062,0.0,0.00013,0.00246,0.0004,,,1e-05,,,,8e-05,0.00136,0.0,5e-09,,0.0004,0.3,,3e-07,0.7,0.9,6e-24,4e-05,,,0.5,,,,0.6,1.0,0.8,dnlz
dnm1,DNM1,Proteins,0.00575,0.96815,0.00065,0.01441,,0.00083,3e-05,0.00191,0.00238,0.00081,,,0.00282,,,,0.00018,0.00191,0.00018,1.0000000000000001e-23,,0.005,3e-121,,1e-09,0.3,2e-13,3e-20,2e-09,,,7.000000000000001e-29,,,,0.2,0.3,0.005,dnm1
dnm3,DNM3,Proteins,0.00571,0.94532,0.00983,0.01092,,0.01977,0.0,0.00255,0.00133,0.00126,,,0.00116,,,,5e-05,0.00168,0.00042,4.999999999999999e-44,,8.999999999999999e-94,5.9999999999999996e-92,,2e-195,0.7,1e-19,1e-09,4e-14,,,4e-13,,,,0.8,0.6,1e-05,dnm3
dnmbp,DNMBP,Proteins,0.00141,0.90744,0.00244,0.05417,,0.01731,7e-05,0.01007,0.00074,0.00057,,,0.00271,,,,0.00011,0.00278,0.00018,6e-05,,5e-21,0.0,,4e-176,0.08,2.9999999999999997e-93,0.002,2e-07,,,2.0000000000000002e-29,,,,0.4,0.002,0.004,dnmb
dnpep,DNPEP,Proteins,0.00135,0.93582,0.01295,0.02006,,0.01383,1e-05,0.00642,0.00468,0.0022,,,0.00104,,,,3e-05,0.00132,0.00028,6e-06,,1e-120,3e-180,,4e-139,0.6,1.9999999999999999e-56,1e-38,1.0000000000000001e-23,,,5e-12,,,,0.9,1.0,0.0004,dnpe
dnph1,DNPH1,Proteins,0.00105,0.90623,0.00115,0.05887,,0.00449,0.0007,0.00476,0.01422,0.00162,,,0.00465,,,,6e-05,0.00219,0.0,0.002,,0.9,0.0,,9e-48,9e-09,1e-41,6e-135,2e-18,,,2.0000000000000003e-49,,,,0.7,0.08,0.9,dnph
doc2b,DOC2B,Proteins,0.0002,0.99552,3e-05,0.00131,,0.00058,9e-05,0.00066,7e-05,0.0,,,0.0,,,,0.00013,0.00139,0.0,0.1,,0.4,4e-05,,7e-07,0.05,0.003,0.1,0.9,,,0.7,,,,0.3,1.0,1.0,doc2
dock9,DOCK9,Proteins,0.00226,0.99423,0.00022,0.00078,,8e-05,8e-05,0.00016,0.00021,5e-05,,,0.0,,,,8e-05,0.00184,1e-05,2e-17,,0.002,0.04,,0.07,0.06,0.8,0.003,0.1,,,0.8,,,,0.6,0.6,0.5,dock
dok1,DOK1,Proteins,0.00252,0.94133,0.00095,0.03863,,0.00166,0.00015,0.00622,0.00086,0.00016,,,0.00427,,,,0.00011,0.00299,0.00014,2e-13,,0.0002,0.0,,3e-18,0.01,2.9999999999999995e-54,0.002,0.007,,,4e-44,,,,0.4,0.0001,0.01,dok1
dok2,DOK2,Proteins,0.00272,0.94348,0.00088,0.03478,,0.00491,0.00025,0.00448,0.00189,0.00037,,,0.00405,,,,5e-05,0.00208,9e-05,2e-13,,0.004,2e-314,,7e-50,0.0008,4e-37,3e-13,5e-05,,,2e-41,,,,0.8,0.3,0.04,dok2
dpep1,DPEP1,Proteins,0.00437,0.93584,0.00109,0.00099,,0.00861,7e-05,0.0003,0.04679,0.00046,,,2e-05,,,,2e-05,0.00126,0.00017,3e-14,,3e-09,0.001,,3e-86,0.08,0.3,0.0,5e-06,,,0.3,,,,1.0,1.0,0.005,dpep
dpep2,DPEP2,Proteins,0.00626,0.93302,0.00297,0.03131,,0.00021,2e-05,0.00471,0.01117,0.00095,,,0.00765,,,,0.00014,0.0015,0.00011,2e-37,,5e-16,2e-285,,0.002,0.4,9e-40,3.9999999999999996e-97,5e-11,,,2e-77,,,,0.3,1.0,0.03,dpep1
dpp10,DPP10,Proteins,0.03211,0.91231,0.00476,0.00451,,0.01391,0.00052,0.00054,0.02734,0.00228,,,2e-05,,,,4e-05,0.0013,0.00035,2.0000000000000002e-307,,1e-46,1e-33,,3.9999999999999994e-142,8e-07,0.009,5.999999999999999e-272,6e-25,,,0.3,,,,0.9,1.0,5e-05,dpp1
dpp4,DPP4,Proteins,0.00444,0.90427,0.04294,0.00238,,6e-05,2e-05,0.00088,0.04072,0.00196,,,1e-05,,,,3e-05,0.00144,0.00085,4e-17,,1e-93,2e-14,,0.08,0.3,3e-05,1e-71,2e-21,,,0.5,,,,0.9,0.9,4e-10,dpp4
dpp6,DPP6,Proteins,0.0127,0.85194,0.01934,0.01198,,0.02772,7e-05,0.00123,0.03508,0.03774,,,0.00026,,,,1e-05,0.00176,0.00016,7e-114,,2e-196,5e-113,,4.0000000000000005e-298,0.06,5e-09,0.0,0.0,,,0.0003,,,,1.0,0.6,0.005,dpp6
dpp7,DPP7,Proteins,0.00512,0.9636,0.00088,0.00346,,0.00493,2e-05,0.00129,0.00969,0.00814,,,0.00131,,,,3e-05,0.00143,9e-05,4e-21,,1e-09,3e-22,,8.000000000000001e-49,0.4,4e-08,1e-93,3e-79,,,4e-14,,,,0.9,1.0,0.05,dpp7
dpt,DPT,Proteins,0.00569,0.7094,0.1417,0.00246,,0.11601,0.00084,0.00038,0.0118,0.00563,,,0.00064,,,,8e-05,0.00163,0.00374,9.999999999999999e-27,,0.0,1e-21,,0.0,9e-13,0.02,4e-09,5.999999999999999e-76,,,5e-10,,,,0.4,0.2,4e-51,dpt
dpy30,DPY30,Proteins,0.00454,0.88374,0.01063,0.01772,,0.06646,0.00027,0.00288,0.00472,0.00357,,,0.00226,,,,0.00019,0.00175,0.00126,9.999999999999999e-26,,1e-92,1e-167,,0.0,0.0003,2.0000000000000002e-24,1.9999999999999998e-30,2.0000000000000002e-39,,,9.999999999999999e-26,,,,0.1,0.7,5e-15,dpy3
draxin,DRAXIN,Proteins,0.00754,0.93001,0.02572,0.001,,0.00446,6e-05,0.0003,0.01966,0.00772,,,0.00062,,,,6e-05,0.0015,0.00133,1e-46,,2.9999999999999998e-245,0.0009,,5e-46,0.09,0.2,1.0000000000000001e-186,4e-78,,,1e-07,,,,0.7,0.9,7e-15,drax
drg2,DRG2,Proteins,0.00209,0.95325,0.00081,0.03109,,0.00181,0.00011,0.00284,0.00201,0.0002,,,0.00287,,,,0.00013,0.00278,2e-05,3e-11,,1.0,4e-277,,3e-19,0.03,9e-22,3e-13,0.003,,,1.0000000000000001e-29,,,,0.3,0.02,0.3,drg2
dsc2,DSC2,Proteins,0.02445,0.88822,0.05345,0.0025,,0.02264,0.00068,0.00049,0.00055,4e-05,,,0.00069,,,,9e-05,0.00127,0.00494,9.999999999999999e-210,,0.0,5e-16,,6e-233,1e-08,0.02,5e-07,0.2,,,1e-08,,,,0.5,1.0,9e-53,dsc2
dscam,DSCAM,Proteins,0.00424,0.96287,0.00488,0.00156,,0.01544,4e-05,0.0004,0.00212,0.00697,,,0.0002,,,,0.00012,0.00094,0.00022,9e-31,,6.0000000000000005e-31,2e-07,,1e-150,0.2,0.09,0.001,2e-69,,,0.003,,,,0.4,1.0,0.002,dsca
dsg2,DSG2,Proteins,0.00594,0.89529,0.00148,0.00348,,0.02613,0.0005,0.00118,0.05267,0.01115,,,0.00021,,,,5e-05,0.00161,0.00031,2e-33,,2e-15,6e-25,,6.999999999999999e-269,1e-06,5e-08,0.0,7e-117,,,0.001,,,,0.8,0.8,0.0001,dsg2
dsg3,DSG3,Proteins,0.00776,0.86172,0.01592,0.00289,,0.00479,0.00012,0.00463,0.09457,0.00051,,,0.00559,,,,3e-05,0.00143,2e-05,1.9999999999999998e-32,,1.9999999999999998e-172,9e-21,,1e-53,0.02,4e-43,0.0,4e-07,,,2.9999999999999997e-62,,,,0.9,0.9,0.3,dsg3
dsg4,DSG4,Proteins,0.04223,0.8972,0.03071,0.00306,,0.01824,0.00035,0.00075,0.00408,8e-05,,,0.00085,,,,9e-05,0.00148,0.00087,0.0,,8e-304,6e-21,,9e-188,5e-05,0.0002,1.0000000000000001e-34,0.05,,,2e-10,,,,0.5,1.0,1e-10,dsg4
dtd1,DTD1,Proteins,0.00485,0.95735,0.00149,0.02437,,0.00101,0.00025,0.00246,0.00157,0.00018,,,0.00386,,,,6e-05,0.00241,0.00013,7.999999999999999e-30,,8e-11,5e-211,,3e-11,0.0009,5e-18,1e-11,0.005,,,1e-38,,,,0.7,0.03,0.02,dtd1
dtnb,DTNB,Proteins,0.0039,0.8321,0.05697,0.01729,,0.04591,0.00017,0.00327,0.03406,0.00102,,,0.00016,,,,0.00013,0.00155,0.00348,3e-18,,0.0,2e-173,,0.0,0.004,3e-30,0.0,5e-13,,,0.005,,,,0.2,0.4,1e-40,dtnb
dtx2,DTX2,Proteins,0.00281,0.98465,0.00118,0.00111,,0.00068,5e-05,0.00013,0.00601,0.00161,,,0.0,,,,0.00019,0.00125,0.00032,8e-22,,1e-12,0.0006,,7e-08,0.1,0.9,2e-57,1e-16,,,0.7,,,,0.2,1.0,0.0002,dtx2
dtx3,DTX3,Proteins,0.01732,0.8098,0.12781,0.00477,,0.00865,0.00036,0.00104,0.02172,0.00176,,,0.00206,,,,0.00019,0.00142,0.0031,9e-134,,0.0,1e-41,,3e-100,1e-05,9e-08,3e-197,7e-22,,,1.9999999999999998e-25,,,,0.07,0.9,3e-37,dtx3
dtymk,DTYMK,Proteins,0.00322,0.92423,0.00301,0.02985,,0.01686,1e-05,0.004,0.01172,0.00162,,,0.00373,,,,9e-05,0.00165,0.0,5e-13,,2e-05,9.000000000000001e-278,,4.0000000000000004e-171,0.5,6e-34,1e-93,4e-18,,,1.0000000000000001e-39,,,,0.5,0.7,0.9,dtym
duox2,DUOX2,Proteins,0.00111,0.99512,0.00087,0.00032,,0.0002,1e-05,0.00014,0.00066,6e-05,,,1e-05,,,,0.00017,0.0013,3e-05,0.0005,,1e-08,0.9,,0.004,0.5,0.9,1e-06,0.1,,,0.6,,,,0.2,1.0,0.2,duox
dusp13,DUSP13,Proteins,0.00688,0.95155,0.00307,0.00175,,0.00236,2e-05,0.00039,0.02988,9e-05,,,0.00263,,,,0.00011,0.00114,0.00012,1e-53,,8e-20,7e-09,,6e-25,0.4,0.09,2.0000000000000002e-278,0.04,,,1e-27,,,,0.4,1.0,0.02,dusp
dusp29,DUSP29,Proteins,0.00217,0.9511,0.01038,0.00108,,0.00875,0.00023,0.00026,0.02174,0.0,,,0.00218,,,,0.00012,0.00106,0.00093,5e-12,,1e-100,0.0005,,2e-85,0.001,0.4,1e-207,0.9,,,1e-22,,,,0.4,1.0,1e-10,dusp1
dusp3,DUSP3,Proteins,0.00184,0.97702,0.00019,0.0129,,0.0001,0.00052,0.00093,0.00119,0.00037,,,0.00241,,,,0.00064,0.00186,4e-05,7e-14,,0.02,3e-103,,0.04,3e-06,4e-05,3e-12,7e-05,,,4.0000000000000004e-24,,,,5e-05,0.7,0.2,dusp2
dut,DUT,Proteins,0.00577,0.95152,0.00064,0.01217,,0.01621,4e-05,0.00286,0.00631,0.00057,,,0.00226,,,,4e-05,0.00161,2e-05,3e-21,,7e-07,1e-102,,2.0000000000000002e-159,0.2,3e-22,1e-62,4e-07,,,7.000000000000001e-24,,,,0.9,0.7,0.3,dut
dxo,DXO,Proteins,0.00157,0.95119,0.0008,0.03095,,0.00258,8e-05,0.00356,0.00262,0.00108,,,0.00352,,,,5e-05,0.002,0.0,5e-06,,0.3,1.9999999999999997e-279,,4e-27,0.06,1.0000000000000001e-28,7e-20,3e-12,,,2e-36,,,,0.8,0.2,1.0,dxo
dync1h1,DYNC1H1,Proteins,0.00085,0.9919,6e-05,0.00382,,0.00066,2e-05,0.00114,6e-05,9e-05,,,2e-05,,,,0.00016,0.00117,5e-05,0.02,,0.2,1.0000000000000001e-24,,9e-08,0.3,8e-07,0.2,0.05,,,0.4,,,,0.2,1.0,0.2,dync
dynlt1,DYNLT1,Proteins,0.00256,0.95269,0.00246,0.01563,,0.01748,0.0,0.00648,0.00091,9e-05,,,0.0,,,,3e-05,0.00159,8e-05,1e-07,,9e-17,1.0000000000000001e-131,,1e-167,0.7,1.9999999999999998e-54,0.4,0.04,,,0.8,,,,1.0,0.8,0.07,dynl
dynlt3,DYNLT3,Proteins,0.00268,0.96648,0.00045,0.02153,,0.00271,8e-05,0.0035,0.00043,2e-05,,,0.00047,,,,6e-05,0.00157,2e-05,3e-18,,0.2,3e-187,,6e-28,0.06,2e-27,0.4,0.4,,,5e-06,,,,0.8,0.7,0.3,dynl1
ebag9,EBAG9,Proteins,0.00135,0.95229,0.00064,0.03133,,0.00653,0.00016,0.00276,0.00046,4e-05,,,0.00212,,,,7e-05,0.00224,0.0,4e-05,,0.0008,1.0000000000000001e-278,,7e-65,0.008,5e-21,0.07,0.2,,,3e-22,,,,0.7,0.2,0.6,ebag
ebi3_il27,EBI3_IL27,Proteins,0.00395,0.91109,0.05223,0.00141,,0.00259,0.0,0.00024,0.00765,0.01357,,,0.00029,,,,3e-05,0.00135,0.0056,3e-21,,0.0,7e-07,,2.0000000000000002e-28,0.8,0.4,8e-67,2.9999999999999997e-140,,,0.0002,,,,0.9,1.0,3e-59,ebi3_il27
ece1,ECE1,Proteins,0.00137,0.98793,0.00348,0.00098,,0.0001,0.00017,0.00053,0.00118,0.00205,,,0.00077,,,,0.0001,0.00132,3e-05,1e-07,,4.0000000000000004e-23,0.003,,0.04,0.008,0.02,0.3,1e-20,,,1e-08,,,,0.5,1.0,0.3,ece1
echdc3,ECHDC3,Proteins,0.00852,0.93444,0.0029,0.00153,,0.03439,0.00172,0.00134,0.01325,0.00013,,,8e-05,,,,4e-05,0.00161,7e-05,8e-67,,0.1,2e-07,,0.0,6e-19,5e-09,1e-105,0.02,,,0.06,,,,0.9,0.8,0.08,echd
echs1,ECHS1,Proteins,0.0111,0.94886,0.00127,0.00799,,0.02005,0.0002,0.00195,0.00479,0.00046,,,0.00116,,,,0.00017,0.00195,6e-05,3e-72,,0.2,2e-62,,1.9999999999999998e-192,0.003,9e-14,5.9999999999999996e-36,7e-06,,,8e-13,,,,0.2,0.4,0.1,echs
eci2,ECI2,Proteins,0.00218,0.97854,0.00019,0.00903,,0.0048,0.0,0.00111,0.00036,0.0006,,,0.00028,,,,0.00024,0.0025,0.00018,2e-15,,0.9,1e-68,,3e-46,0.7,2e-06,0.008,5e-07,,,0.0005,,,,0.07,0.06,0.006,eci2
ecm1,ECM1,Proteins,0.00945,0.97333,0.00306,0.0023,,0.00608,9e-05,0.00071,0.00279,0.00079,,,8e-05,,,,0.00012,0.00117,4e-05,4e-59,,3e-07,2e-12,,1e-58,0.05,0.001,0.0001,6e-09,,,0.07,,,,0.4,1.0,0.2,ecm1
ecscr,ECSCR,Proteins,0.0018,0.99491,0.0,0.00076,,2e-05,0.0,0.00017,8e-05,0.00094,,,2e-05,,,,3e-05,0.00122,6e-05,1e-09,,0.7,0.05,,0.4,1.0,0.8,0.07,4e-10,,,0.3,,,,1.0,1.0,0.1,ecsc
eda2r,EDA2R,Proteins,0.01237,0.58058,0.36566,0.00316,,0.01664,0.0014,0.00092,0.00115,0.00274,,,0.0,,,,4e-05,0.00148,0.01388,1.0000000000000001e-75,,0.0,2e-38,,1e-266,2.0000000000000002e-24,3e-10,0.01,6e-46,,,0.6,,,,0.7,0.1,3e-223,eda2
edar,EDAR,Proteins,0.00268,0.9743,0.00151,0.01055,,0.0,0.0003,0.00182,0.00221,0.00067,,,0.00375,,,,5e-05,0.00144,0.00072,2e-16,,0.002,9.999999999999999e-85,,0.8,0.0003,2e-12,2e-10,6e-08,,,2e-37,,,,0.8,1.0,2e-08,edar
eddm3b,EDDM3B,Proteins,0.00312,0.39615,0.00021,0.00116,,0.00065,0.0013,0.00103,0.57923,0.00643,,,0.0,,,,0.00044,0.01029,0.0,7.999999999999999e-26,,0.06,2e-17,,6e-17,3e-32,8e-19,0.0,6e-152,,,0.6,,,,5e-09,4e-180,0.6,eddm
edem2,EDEM2,Proteins,0.00044,0.99561,4e-05,0.00092,,2e-05,1e-05,0.00033,0.00071,0.0,,,0.00013,,,,0.00027,0.00145,7e-05,0.02,,0.2,0.007,,0.3,0.6,0.2,6e-08,0.7,,,0.02,,,,0.05,1.0,0.09,edem
edf1,EDF1,Proteins,0.00116,0.9794,0.00015,0.0085,,0.00537,9e-05,0.00116,0.00022,0.00018,,,0.00199,,,,3e-05,0.00173,0.0,0.0005,,0.1,2.0000000000000002e-66,,4e-53,0.05,4e-07,0.03,0.005,,,9e-21,,,,0.9,0.6,1.0,edf1
edil3,EDIL3,Proteins,0.00323,0.863,0.04378,0.00733,,0.02082,0.00095,0.00084,0.00793,0.0476,,,0.00281,,,,2e-05,0.00125,0.00043,2e-12,,0.0,9e-63,,9.999999999999999e-219,1e-11,3e-05,1.0000000000000001e-66,0.0,,,2e-31,,,,1.0,1.0,5e-06,edil
edn1,EDN1,Proteins,0.01509,0.84431,0.05029,0.00275,,0.03162,0.00362,0.00132,0.00301,0.01547,,,0.02676,,,,0.00023,0.00208,0.00346,2e-139,,0.0,3e-19,,0.0,8e-41,9e-10,4.0000000000000003e-28,2e-167,,,3e-286,,,,0.04,0.09,4.0000000000000004e-39,edn1
ednrb,EDNRB,Proteins,0.00187,0.99464,0.00015,0.0005,,9e-05,4e-05,0.00015,9e-05,0.00093,,,7e-05,,,,2e-05,0.00139,7e-05,4e-12,,0.09,0.4,,0.05,0.2,0.9,0.5,4e-10,,,0.08,,,,1.0,1.0,0.09,ednr
eef1d,EEF1D,Proteins,0.00167,0.91847,0.00061,0.04984,,0.01325,3e-05,0.0101,0.00075,0.00058,,,0.00131,,,,0.00016,0.00323,0.0,5e-07,,0.5,0.0,,4.9999999999999994e-136,0.2,6e-94,0.007,2e-07,,,5e-15,,,,0.2,1e-05,0.9,eef1
efcab14,EFCAB14,Proteins,0.0287,0.87417,0.05202,0.00507,,0.02818,0.00029,0.00088,0.00562,0.00149,,,2e-05,,,,0.00012,0.00116,0.0023,7e-270,,0.0,3e-41,,1e-297,0.0002,1e-05,5e-42,1e-17,,,0.4,,,,0.3,1.0,1.9999999999999998e-26,efca
efcab2,EFCAB2,Proteins,0.00156,0.9765,0.00029,0.01274,,0.00284,0.0,0.0016,0.00044,8e-05,,,0.00209,,,,9e-05,0.00178,0.0,8e-06,,0.1,2e-103,,2.0000000000000002e-28,1.0,2e-10,0.002,0.07,,,2e-21,,,,0.6,0.5,0.9,efca1
efemp1,EFEMP1,Proteins,0.00712,0.76782,0.14654,0.00247,,0.04264,0.00045,0.00043,0.02401,5e-05,,,0.00051,,,,2e-05,0.00161,0.00634,5.999999999999999e-42,,0.0,2e-19,,0.0,6e-07,0.01,3e-275,0.1,,,1e-07,,,,0.9,0.4,4e-78,efem
efhd1,EFHD1,Proteins,0.01419,0.85043,0.08304,0.00603,,0.02071,0.00063,0.00087,0.01863,1e-05,,,0.00154,,,,0.00012,0.00117,0.00263,4e-120,,0.0,1e-52,,6e-227,2e-08,8e-06,7.999999999999999e-191,0.6,,,1e-18,,,,0.3,1.0,9e-31,efhd
efna1,EFNA1,Proteins,0.03156,0.8635,0.02205,0.0024,,0.04052,0.00326,0.00068,0.0095,0.00319,,,0.0188,,,,0.00011,0.00145,0.003,1.9999999999999999e-292,,2e-235,6e-16,,0.0,1e-36,0.0004,3e-103,5e-36,,,2e-201,,,,0.3,0.9,6e-34,efna
efna4,EFNA4,Proteins,0.01072,0.85146,0.04831,0.00229,,0.06697,0.00312,0.0008,0.0009,0.00847,,,0.00035,,,,0.00017,0.0017,0.00474,2.9999999999999998e-55,,0.0,5e-15,,0.0,2e-35,4e-05,2e-06,5e-93,,,3e-05,,,,0.1,0.6,5e-53,efna1
efnb2,EFNB2,Proteins,0.00486,0.98859,0.00119,0.00077,,0.00015,2e-05,0.00032,0.0021,0.00012,,,0.00042,,,,7e-05,0.00122,0.00017,4.0000000000000004e-39,,1e-12,0.04,,0.01,0.3,0.3,4e-21,0.03,,,2e-05,,,,0.7,1.0,0.008,efnb
egf,EGF,Proteins,0.00222,0.96709,0.00044,0.0116,,0.0021,0.00029,0.00248,0.00046,0.00065,,,0.01079,,,,0.00015,0.00167,6e-05,9e-10,,0.6,2e-94,,8e-22,0.0004,3e-18,0.3,9e-08,,,2e-104,,,,0.2,0.8,0.1,egf
egfl7,EGFL7,Proteins,0.01239,0.90134,0.03855,0.00569,,0.021,3e-05,0.00104,0.01567,0.00023,,,0.00014,,,,0.00018,0.00174,0.002,2e-71,,0.0,2.9999999999999997e-44,,7e-211,0.3,1e-06,9.999999999999999e-153,0.001,,,0.01,,,,0.1,0.8,7e-22,egfl
egflam,EGFLAM,Proteins,0.00598,0.96519,0.00837,0.00322,,6e-05,0.00012,0.00092,0.01297,0.00014,,,0.00162,,,,1e-05,0.00099,0.00041,5e-36,,2.0000000000000002e-82,2e-20,,0.09,0.02,3e-05,2.0000000000000002e-126,0.01,,,2e-17,,,,1.0,1.0,2e-05,egfl1
egfr,EGFR,Proteins,0.00607,0.91721,0.03802,0.00467,,0.0026,5e-05,0.00036,0.01797,0.00662,,,0.0,,,,4e-05,0.00119,0.00519,2e-46,,3e-265,2e-35,,2.0000000000000002e-28,0.1,0.1,4e-64,3e-69,,,0.6,,,,0.8,1.0,9e-55,egfr
egln1,EGLN1,Proteins,0.00195,0.85268,0.00627,0.05274,,0.05766,0.00103,0.00766,0.00912,0.00628,,,0.00167,,,,5e-05,0.00207,0.00082,5e-08,,2.0000000000000002e-66,0.0,,0.0,8e-13,7.000000000000001e-75,3.9999999999999996e-97,7e-70,,,8e-20,,,,0.8,0.08,1e-10,egln
ehbp1,EHBP1,Proteins,0.00198,0.92799,0.0011,0.04771,,0.00785,0.0002,0.00713,0.00113,0.00011,,,0.00167,,,,0.00016,0.00295,1e-05,7e-07,,0.1,0.0,,8.000000000000001e-81,0.002,6e-64,0.05,0.03,,,2e-18,,,,0.2,0.0003,0.5,ehbp
ehd3,EHD3,Proteins,0.00234,0.96186,0.00195,0.0209,,0.00071,0.0002,0.00403,0.00132,0.0001,,,0.00416,,,,4e-05,0.00207,0.00032,2e-08,,1e-13,5e-178,,3e-08,0.003,1e-31,2e-07,0.04,,,3e-41,,,,0.9,0.3,0.0002,ehd3
eif1ax,EIF1AX,Proteins,0.00112,0.98473,4e-05,0.00305,,0.00034,0.0,0.00065,0.00761,0.00033,,,0.00046,,,,0.00025,0.00139,2e-05,2e-06,,0.8,1e-18,,0.0001,0.9,0.003,1e-73,0.0001,,,7e-06,,,,0.05,1.0,0.3,eif1
eif2ak2,EIF2AK2,Proteins,0.00213,0.93854,0.00101,0.04064,,0.00504,0.00022,0.00664,0.00086,0.00048,,,0.00218,,,,7e-05,0.00218,1e-05,9e-06,,3e-05,0.0,,1e-51,0.002,6e-58,0.001,3e-06,,,2.0000000000000002e-23,,,,0.7,0.05,0.5,eif2
eif2ak3,EIF2AK3,Proteins,0.00152,0.94214,0.00069,0.04238,,0.00016,0.00012,0.00924,0.00076,0.0,,,7e-05,,,,0.00011,0.00279,1e-05,5e-12,,4e-06,0.0,,0.007,0.02,3e-80,7e-07,0.7,,,0.09,,,,0.4,0.004,0.6,eif21
eif2s2,EIF2S2,Proteins,0.00267,0.97701,0.00054,0.01219,,0.0017,0.00015,0.00162,0.00149,0.00037,,,0.00055,,,,8e-05,0.00156,6e-05,7e-17,,0.1,1.9999999999999998e-97,,1e-17,0.01,2e-10,6e-11,6e-05,,,1e-06,,,,0.7,0.9,0.1,eif22
eif4b,EIF4B,Proteins,0.00343,0.94286,0.00107,0.03056,,0.00708,3e-05,0.00338,0.00503,0.00029,,,0.00406,,,,8e-05,0.00209,3e-05,3e-23,,0.009,2.0000000000000002e-274,,7e-71,0.2,6e-27,3.9999999999999995e-42,0.0003,,,2e-41,,,,0.6,0.3,0.2,eif4
eif4e,EIF4E,Proteins,0.00222,0.94734,0.0007,0.03271,,0.00433,0.0,0.00365,0.00113,0.00021,,,0.00503,,,,0.00013,0.00252,2e-05,2e-06,,0.0003,4e-288,,3e-43,0.7,1.0000000000000001e-28,1e-08,0.002,,,6e-50,,,,0.3,0.01,0.4,eif41
eif4ebp1,EIF4EBP1,Proteins,0.00232,0.89086,0.00074,0.05964,,0.01401,0.00091,0.00659,0.01548,0.00367,,,0.0031,,,,0.00039,0.00206,0.00022,1e-11,,1e-06,0.0,,3e-146,4e-11,1.0000000000000001e-60,8.000000000000001e-159,6.9999999999999995e-40,,,6e-34,,,,0.002,0.2,0.001,eif42
eif4g1,EIF4G1,Proteins,0.0014,0.92527,0.00046,0.04833,,0.01258,0.0,0.00558,0.00085,0.00035,,,0.00262,,,,0.00021,0.00234,0.0,6e-06,,0.9,0.0,,9.999999999999999e-129,0.8,3e-49,2e-05,5e-05,,,2.0000000000000002e-28,,,,0.09,0.03,0.7,eif43
eif4g3,EIF4G3,Proteins,0.00113,0.94597,0.00054,0.03922,,0.00256,0.00013,0.00705,0.00053,0.0,,,0.00035,,,,8e-05,0.00237,4e-05,0.0001,,0.004,0.0,,4e-27,0.01,6.999999999999999e-62,0.005,0.9,,,6e-05,,,,0.6,0.02,0.2,eif44
eif5,EIF5,Proteins,0.00134,0.9849,0.00045,0.00858,,0.00043,4e-05,0.00095,0.00021,0.00022,,,0.00112,,,,0.0003,0.00145,1e-05,0.0001,,0.0002,2e-64,,2e-05,0.2,3e-05,0.05,0.002,,,6e-12,,,,0.03,1.0,0.6,eif5
eif5a,EIF5A,Proteins,0.00061,0.99647,2e-05,0.00066,,0.0,3e-05,0.00023,0.00074,5e-05,,,8e-05,,,,3e-05,0.00107,2e-05,0.0003,,0.4,0.1,,0.7,0.3,0.6,3e-08,0.1,,,0.07,,,,0.9,1.0,0.4,eif51
elac1,ELAC1,Proteins,0.00418,0.95742,0.00086,0.02323,,0.00331,9e-05,0.00256,0.00191,1e-05,,,0.00349,,,,0.00011,0.00277,4e-05,9e-24,,0.3,1e-205,,4.0000000000000006e-34,0.04,2e-19,4e-12,0.4,,,7e-36,,,,0.4,0.001,0.2,elac
elavl4,ELAVL4,Proteins,0.00101,0.99418,0.00057,0.00059,,0.00104,1e-05,0.00036,0.0004,0.00013,,,4e-05,,,,4e-05,0.00114,0.0005,0.002,,3e-06,0.2,,4e-11,0.6,0.2,0.0001,0.02,,,0.2,,,,0.9,1.0,5e-06,elav
eln,ELN,Proteins,0.04621,0.52031,0.37525,0.00788,,0.00452,0.00055,0.00081,0.0354,0.00032,,,0.00079,,,,4e-05,0.00108,0.00683,0.0,,0.0,4.0000000000000006e-124,,5.9999999999999995e-83,2e-11,4e-10,0.0,3e-07,,,7e-16,,,,0.6,0.4,4.0000000000000006e-124,eln
eloa,ELOA,Proteins,0.00275,0.86486,0.00235,0.06009,,0.04213,0.00108,0.00427,0.01154,0.00778,,,0.00021,,,,4e-05,0.00243,0.00048,1e-11,,2e-18,0.0,,0.0,3e-13,9e-39,2.9999999999999997e-116,8e-85,,,0.001,,,,0.9,0.03,1e-06,eloa
elob,ELOB,Proteins,0.00159,0.97452,0.00084,0.01262,,0.00421,0.0,0.00173,0.00065,0.00013,,,0.00144,,,,7e-05,0.0018,0.0004,4e-07,,5e-07,9e-101,,6e-41,1.0,2e-11,3e-05,0.02,,,5e-15,,,,0.7,0.7,4e-05,elob
enah,ENAH,Proteins,0.00244,0.93413,0.01282,0.0093,,0.03649,0.0001,0.00108,0.00067,2e-05,,,0.00039,,,,0.00016,0.00142,0.00097,1e-07,,5e-121,2.0000000000000002e-75,,0.0,0.04,1e-06,0.01,0.4,,,3e-05,,,,0.2,1.0,4e-11,enah
endou,ENDOU,Proteins,0.00917,0.7584,0.013,0.00145,,0.00138,0.00026,0.00116,0.21348,0.0001,,,3e-05,,,,1e-05,0.00154,3e-05,4e-61,,9e-123,2e-08,,2e-17,0.0002,7e-09,0.0,0.02,,,0.2,,,,1.0,0.4,0.2,endo
eng,ENG,Proteins,0.00453,0.96086,0.00529,0.00149,,0.01357,0.00022,0.00048,0.00755,0.00484,,,3e-05,,,,0.00011,0.00095,9e-05,4e-36,,6e-06,7e-07,,2.9999999999999998e-133,0.002,0.03,3e-28,6e-49,,,0.3,,,,0.4,1.0,0.05,eng
eno1,ENO1,Proteins,0.00157,0.95154,0.00096,0.02974,,0.00127,3e-05,0.00282,0.00015,3e-05,,,0.00939,,,,0.00027,0.00221,2e-05,3e-07,,2e-09,4e-265,,5e-14,0.3,1e-21,0.5,0.2,,,9e-93,,,,0.03,0.2,0.3,eno1
eno2,ENO2,Proteins,0.00173,0.95156,0.00166,0.02936,,0.00292,2e-05,0.00284,0.00198,1e-05,,,0.00542,,,,0.00014,0.0023,5e-05,4e-05,,0.004,6.999999999999999e-265,,1.9999999999999998e-30,0.4,4e-22,2e-06,0.4,,,4e-55,,,,0.3,0.1,0.1,eno2
eno3,ENO3,Proteins,0.02185,0.80295,0.00881,0.00181,,0.05364,0.00049,0.00069,0.10489,0.00059,,,0.00246,,,,7e-05,0.00154,0.00021,1e-223,,4e-13,1e-11,,0.0,4e-07,0.0002,0.0,3e-08,,,9e-30,,,,0.6,0.6,0.0008,eno3
enoph1,ENOPH1,Proteins,0.00243,0.99098,0.00017,0.00128,,3e-05,0.00015,0.00062,0.00019,0.002,,,0.0005,,,,0.00013,0.00152,1e-05,2e-09,,0.8,4e-05,,0.3,0.01,0.005,0.3,1e-20,,,3e-06,,,,0.4,0.8,0.6,enop
enox2,ENOX2,Proteins,0.00112,0.97397,0.00039,0.01656,,0.00185,8e-05,0.00405,0.00054,4e-05,,,0.0,,,,0.00012,0.00128,1e-05,3e-08,,0.3,1e-135,,7e-19,0.07,3.0000000000000003e-31,0.007,0.2,,,0.9,,,,0.4,1.0,0.5,enox
enpep,ENPEP,Proteins,0.00067,0.99534,0.00145,0.00067,,0.00011,5e-05,7e-05,0.00017,3e-05,,,3e-05,,,,8e-05,0.00123,0.00011,0.008,,2e-14,0.1,,0.03,0.1,1.0,0.03,0.2,,,0.3,,,,0.6,1.0,0.03,enpe
enpp2,ENPP2,Proteins,0.00178,0.63307,0.00433,0.00109,,0.00249,0.00025,0.00074,0.35111,0.00239,,,0.00079,,,,4e-05,0.00148,0.00046,3e-07,,7e-58,4e-08,,1e-38,4e-05,6e-07,0.0,4e-37,,,3e-13,,,,0.7,0.1,2e-08,enpp
enpp5,ENPP5,Proteins,0.01795,0.81644,0.02882,0.00208,,0.01546,8e-05,0.00033,0.1137,0.00164,,,0.00072,,,,2e-05,0.00097,0.00177,5e-168,,3e-277,3e-14,,2e-176,0.04,0.1,0.0,2e-20,,,8e-10,,,,0.9,1.0,6e-22,enpp1
enpp6,ENPP6,Proteins,0.00285,0.8122,0.00942,0.00255,,0.10589,0.00419,0.00044,0.05031,2e-05,,,0.00801,,,,8e-05,0.00191,0.00213,4e-11,,0.2,2e-18,,0.0,1e-48,0.02,0.0,0.3,,,1.9999999999999998e-91,,,,0.6,0.1,9.999999999999999e-26,enpp2
enpp7,ENPP7,Proteins,0.00416,0.94717,0.00714,0.00093,,0.03144,0.00207,0.00031,0.00048,0.00434,,,0.00013,,,,8e-05,0.00172,2e-05,4e-20,,3e-67,0.004,,3e-294,3e-21,0.3,0.0006,8e-43,,,0.02,,,,0.6,0.7,0.4,enpp3
ensa,ENSA,Proteins,0.00202,0.98159,0.00061,0.00925,,0.00069,5e-05,0.0008,0.00028,0.00014,,,0.00255,,,,0.00018,0.00185,1e-05,1e-11,,0.0001,8e-73,,4e-08,0.1,0.0003,0.4,0.01,,,6e-26,,,,0.2,0.4,0.4,ensa
entpd2,ENTPD2,Proteins,0.00265,0.97298,0.00747,0.00093,,4e-05,0.00029,0.00155,0.0124,0.00057,,,6e-05,,,,5e-05,0.00095,4e-05,3e-15,,3e-14,0.005,,0.2,0.0004,5e-10,3e-60,7e-07,,,0.1,,,,0.8,1.0,0.2,entp
entpd5,ENTPD5,Proteins,0.00557,0.96267,0.00286,0.00223,,0.00098,0.00051,0.00062,0.02257,0.0,,,0.00079,,,,7e-05,0.00101,0.00013,1.9999999999999998e-25,,2e-17,5e-12,,7e-11,3e-06,0.005,1e-201,1.0,,,5e-09,,,,0.7,1.0,0.02,entp1
entpd6,ENTPD6,Proteins,0.00166,0.97339,0.01619,0.00071,,0.00042,0.00034,0.00085,0.00044,0.0,,,0.00308,,,,5e-05,0.00143,0.00143,4e-07,,4e-148,0.06,,2e-05,0.0001,0.0001,0.3,0.9,,,9.999999999999999e-31,,,,0.8,1.0,5e-15,entp2
entr1,ENTR1,Proteins,0.00106,0.90452,0.00613,0.03083,,0.03564,0.00109,0.00736,0.00888,0.00015,,,0.00136,,,,0.0001,0.00272,0.00015,0.003,,2e-44,1e-285,,0.0,1e-12,4.0000000000000004e-66,5.000000000000001e-72,0.008,,,2e-15,,,,0.4,0.003,0.007,entr
ep300,EP300,Proteins,0.00107,0.99273,9e-05,0.0035,,0.00039,7e-05,0.00078,8e-05,9e-05,,,0.0,,,,0.00011,0.00105,4e-05,8e-06,,0.5,2e-21,,6e-05,0.08,0.0005,0.9,0.05,,,0.7,,,,0.5,1.0,0.2,ep30
epb41l5,EPB41L5,Proteins,0.00077,0.99544,0.00017,0.00061,,0.00105,4e-05,0.0002,1e-05,0.0,,,3e-05,,,,0.00013,0.00132,0.00022,0.0009,,0.007,0.2,,3e-11,0.2,0.7,0.5,0.8,,,0.3,,,,0.4,1.0,0.002,epb4
epcam,EPCAM,Proteins,0.00504,0.95238,0.00119,0.00266,,0.00948,0.0,0.00036,0.02602,0.0005,,,7e-05,,,,5e-05,0.00219,4e-05,4.0000000000000004e-23,,0.08,5e-16,,1e-93,0.7,0.1,1e-240,2e-06,,,0.07,,,,0.8,0.1,0.2,epca
epgn,EPGN,Proteins,0.00091,0.99419,0.00131,0.00098,,0.0008,0.0,0.00041,7e-05,0.00028,,,8e-05,,,,9e-05,0.00086,2e-05,0.004,,3e-13,0.003,,4e-09,0.9,0.09,0.9,0.0006,,,0.07,,,,0.6,1.0,0.3,epgn
epha1,EPHA1,Proteins,0.01324,0.76033,0.01288,0.00389,,0.08513,0.00117,0.00062,0.09705,0.00251,,,0.02058,,,,7e-05,0.00179,0.00074,1.9999999999999998e-91,,2e-155,3e-35,,0.0,5e-16,0.0003,0.0,1.9999999999999998e-32,,,7.000000000000001e-250,,,,0.6,0.1,1e-10,epha
epha10,EPHA10,Proteins,0.00053,0.99664,4e-05,0.00082,,5e-05,7e-05,0.00014,0.00027,0.0,,,0.0,,,,8e-05,0.00126,0.0001,0.01,,0.2,0.02,,0.1,0.1,0.9,0.001,0.8,,,0.9,,,,0.6,1.0,0.04,epha1
epha2,EPHA2,Proteins,0.00604,0.87179,0.09422,0.0019,,0.01364,2e-05,0.00128,0.00061,0.00163,,,0.00104,,,,0.00013,0.00133,0.00638,6e-24,,0.0,7e-11,,7e-142,0.3,7e-09,0.007,2e-18,,,2e-12,,,,0.3,1.0,1e-67,epha2
epha4,EPHA4,Proteins,0.00456,0.98142,0.00108,0.0013,,3e-05,0.0,0.00121,0.00207,0.00636,,,0.00024,,,,0.00018,0.00147,7e-05,9.999999999999999e-27,,6e-07,3e-05,,0.2,0.8,3e-07,2e-16,6e-61,,,0.001,,,,0.2,0.9,0.09,epha3
ephb4,EPHB4,Proteins,0.01396,0.94602,0.01131,0.0018,,0.01,0.00022,0.00091,0.00862,0.0004,,,0.00302,,,,7e-05,0.00147,0.00219,4e-92,,5e-108,2e-09,,2e-100,0.001,2e-05,1.0000000000000001e-81,2e-05,,,1e-31,,,,0.7,0.9,2.0000000000000002e-23,ephb
ephb6,EPHB6,Proteins,0.01317,0.95332,0.00275,0.00117,,0.00012,0.0001,0.0007,0.02086,0.00152,,,0.00405,,,,8e-05,0.0012,0.00097,3e-101,,6e-26,0.0001,,0.02,0.04,0.001,9e-199,2e-16,,,8e-41,,,,0.6,1.0,5e-11,ephb1
ephx2,EPHX2,Proteins,0.00057,0.98488,0.00049,0.00155,,0.00579,0.00013,0.00038,0.00403,0.0,,,0.00045,,,,8e-05,0.00166,1e-05,0.03,,0.8,1e-06,,2.9999999999999998e-55,0.02,0.1,2.0000000000000003e-34,1.0,,,1e-05,,,,0.7,0.9,0.6,ephx
epn1,EPN1,Proteins,0.00066,0.99492,0.0006,0.00093,,0.00016,1e-05,0.00021,0.00013,0.00104,,,7e-05,,,,0.0001,0.00112,5e-05,0.008,,5e-07,0.006,,0.009,0.4,0.6,0.02,3e-11,,,0.09,,,,0.5,1.0,0.1,epn1
epo,EPO,Proteins,0.01073,0.93126,0.00246,0.00113,,0.01905,0.00081,0.00041,0.00424,0.00361,,,0.02309,,,,0.00026,0.00156,0.00139,1e-87,,7e-11,0.0001,,2e-189,1e-09,0.07,1.0000000000000001e-28,1e-37,,,9e-229,,,,0.04,0.8,2e-15,epo
eppk1,EPPK1,Proteins,0.00577,0.96268,0.00377,0.01091,,0.00104,1e-05,0.00305,0.00204,0.00912,,,0.00012,,,,2e-05,0.00104,0.00044,7.000000000000001e-29,,3e-28,2e-87,,2e-11,0.6,6e-23,1e-11,6e-88,,,0.02,,,,1.0,1.0,1e-05,eppk
eps8l2,EPS8L2,Proteins,0.00685,0.88325,0.03832,0.00162,,0.05451,0.00013,0.00045,0.01023,0.00174,,,0.00033,,,,5e-05,0.0012,0.00133,8.000000000000001e-45,,0.0,6e-09,,0.0,0.01,0.03,1.0000000000000001e-49,3e-20,,,6e-05,,,,0.8,1.0,9e-16,eps8
erbb2,ERBB2,Proteins,0.00509,0.81537,0.02341,0.00204,,0.06715,0.00288,0.0012,0.07311,0.0081,,,0.00015,,,,9e-05,0.00141,0.0,6e-27,,2.0000000000000002e-81,6e-14,,0.0,1.0000000000000001e-34,3e-09,0.0,5e-94,,,0.005,,,,0.5,0.9,0.7,erbb
erbb3,ERBB3,Proteins,0.00247,0.86379,0.02037,0.00142,,0.0018,0.00049,0.0004,0.10608,6e-05,,,0.00041,,,,6e-05,0.0016,0.00103,1e-14,,1e-27,2e-07,,6e-21,9e-07,0.05,0.0,0.08,,,7e-06,,,,0.7,0.7,1e-12,erbb1
erbb4,ERBB4,Proteins,0.01294,0.90487,0.0308,0.00291,,0.03223,1e-05,0.0004,0.01406,0.00027,,,2e-05,,,,8e-05,0.00133,9e-05,4e-87,,6.999999999999999e-302,1e-19,,0.0,0.6,0.06,1e-133,0.0003,,,0.4,,,,0.6,1.0,0.04,erbb2
erbin,ERBIN,Proteins,0.00241,0.95209,0.00159,0.03008,,0.00396,0.00038,0.00394,0.00086,0.00019,,,0.00215,,,,0.00015,0.00211,0.0001,2e-09,,3e-09,4.0000000000000004e-268,,2.9999999999999998e-40,4e-05,7.999999999999999e-32,0.09,0.004,,,1e-22,,,,0.2,0.4,0.04,erbi
erc2,ERC2,Proteins,0.00155,0.99194,0.00099,0.00304,,0.00012,5e-05,0.00058,0.00011,0.0,,,5e-05,,,,7e-05,0.00142,8e-05,2e-09,,1e-10,9e-18,,0.03,0.1,0.01,0.05,0.9,,,0.1,,,,0.7,1.0,0.07,erc2
ercc1,ERCC1,Proteins,0.0007,0.99674,5e-05,0.00047,,0.00048,2e-05,0.00013,7e-05,6e-05,,,1e-05,,,,9e-05,0.00114,3e-05,0.008,,0.9,0.5,,7e-06,0.4,0.9,0.4,0.1,,,0.5,,,,0.6,1.0,0.3,ercc
ereg,EREG,Proteins,0.00298,0.96847,0.00093,0.00639,,0.00875,9e-05,0.00283,0.00117,0.00092,,,0.0056,,,,0.00014,0.00169,5e-05,8e-12,,0.8,2e-47,,9.999999999999999e-85,0.05,4e-21,0.001,2e-10,,,5.9999999999999996e-55,,,,0.3,0.9,0.1,ereg
eri1,ERI1,Proteins,0.00152,0.95758,0.00071,0.00908,,0.00234,7e-05,0.00228,0.01583,0.00845,,,3e-05,,,,5e-05,0.00202,5e-05,5e-08,,0.4,4.0000000000000004e-72,,3e-24,0.09,1e-16,3e-146,1.0000000000000001e-82,,,0.3,,,,0.8,0.2,0.1,eri1
ermap,ERMAP,Proteins,0.00481,0.8846,0.00173,0.01811,,0.04401,4e-05,0.00225,0.04205,6e-05,,,1e-05,,,,0.00015,0.00152,0.00066,5e-18,,2e-19,3e-166,,0.0,0.2,1e-17,0.0,0.09,,,0.6,,,,0.2,0.7,3e-08,erma
ern1,ERN1,Proteins,0.00614,0.93781,0.00252,0.00185,,0.02085,0.00019,0.00298,0.02592,0.00061,,,0.0,,,,0.00011,0.001,3e-05,7e-48,,2e-09,7e-10,,7e-207,0.003,1.0000000000000001e-23,3.0000000000000002e-239,1e-07,,,0.9,,,,0.4,1.0,0.3,ern1
erp29,ERP29,Proteins,0.00219,0.95668,0.00097,0.02495,,0.00496,7e-05,0.00258,0.00075,8e-05,,,0.0039,,,,3e-05,0.00278,6e-05,4e-08,,1e-06,2e-216,,4.0000000000000005e-49,0.08,4e-19,0.0002,0.07,,,5.0000000000000005e-39,,,,0.9,0.002,0.1,erp2
erp44,ERP44,Proteins,0.00816,0.9298,0.00598,0.01079,,0.03369,6e-05,0.00137,0.00566,0.00018,,,0.00248,,,,1e-05,0.00182,0.0,3e-60,,1e-33,3.9999999999999995e-91,,0.0,0.1,3e-09,1.9999999999999998e-30,0.004,,,1.9999999999999998e-26,,,,1.0,0.7,0.8,erp4
ervv_1,ERVV_1,Proteins,0.00095,0.99605,0.00044,0.00069,,0.00042,0.0,0.00018,0.00113,7e-05,,,0.0,,,,7e-05,,0.0,1e-05,,4e-05,0.09,,3e-05,0.7,0.8,1e-11,0.09,,,0.9,,,,0.7,,0.7,ervv_1
esam,ESAM,Proteins,0.0338,0.9152,0.01487,0.00345,,0.00587,0.0005,0.00118,0.01631,0.00145,,,0.00566,,,,0.00016,0.00092,0.00064,1e-303,,1e-144,3e-24,,8e-62,1e-06,6e-08,3e-159,2e-16,,,1e-59,,,,0.2,1.0,5e-08,esam
esm1,ESM1,Proteins,0.02083,0.89354,0.02304,0.00293,,0.03045,0.00134,0.00079,0.0017,0.02245,,,0.00018,,,,4e-05,0.00145,0.00129,2e-166,,6e-233,8e-20,,1e-311,1e-15,0.0001,1e-14,2e-231,,,0.004,,,,0.9,0.9,5e-15,esm1
espl1,ESPL1,Proteins,0.0005,0.99611,1e-05,0.00075,,0.00068,0.0,0.00014,0.00055,1e-05,,,5e-05,,,,4e-05,0.00112,2e-05,0.03,,0.5,0.05,,9e-08,0.7,0.9,2e-06,0.5,,,0.1,,,,0.9,1.0,0.4,espl
esr1,ESR1,Proteins,0.00101,0.99463,0.00031,0.00058,,0.00013,4e-05,0.00017,1e-05,0.00222,,,5e-05,,,,8e-05,0.0007,7e-05,0.0001,,0.0003,0.2,,0.02,0.2,0.8,0.6,5e-22,,,0.2,,,,0.6,1.0,0.08,esr1
esyt2,ESYT2,Proteins,0.00416,0.94833,0.00042,0.02485,,0.01093,3e-05,0.00628,0.00187,3e-05,,,0.00064,,,,0.00021,0.00224,1e-05,2e-15,,0.3,6e-223,,4e-109,0.2,1.9999999999999998e-54,4e-16,0.2,,,8e-08,,,,0.09,0.06,0.6,esyt
evi2b,EVI2B,Proteins,0.00033,0.99629,0.00043,0.00075,,0.00032,6e-05,0.00013,0.0001,4e-05,,,4e-05,,,,0.00012,0.00133,5e-05,0.04,,2e-05,0.05,,0.0002,0.1,0.9,0.04,0.2,,,0.2,,,,0.4,1.0,0.1,evi2
evi5,EVI5,Proteins,0.00218,0.94328,0.00074,0.03688,,0.0064,0.00032,0.00567,0.00071,5e-05,,,0.00195,,,,5e-05,0.00174,2e-05,7e-09,,0.2,0.0,,3e-63,0.0002,2.9999999999999997e-47,0.6,0.2,,,2e-20,,,,0.8,0.6,0.3,evi5
evpl,EVPL,Proteins,0.00111,0.99568,2e-05,0.0008,,1e-05,2e-05,0.00033,1e-05,0.00021,,,0.0,,,,4e-05,0.0016,0.00016,2e-05,,0.4,0.03,,0.6,0.4,0.2,0.8,0.003,,,0.8,,,,0.9,0.8,0.008,evpl
exosc10,EXOSC10,Proteins,0.00101,0.99506,0.00025,0.00077,,0.0001,2e-05,0.00011,0.00099,1e-05,,,0.0001,,,,0.00012,0.00145,2e-05,7e-07,,0.001,0.04,,0.04,0.4,0.9,1e-10,0.5,,,0.04,,,,0.4,1.0,0.4,exos
extl1,EXTL1,Proteins,0.00511,0.96929,0.00242,0.0015,,0.00505,0.00022,0.00063,0.0043,0.00802,,,0.00249,,,,7e-05,0.00074,0.00015,1e-36,,4e-11,1e-06,,6e-49,0.002,0.004,8.000000000000001e-29,1e-76,,,5e-25,,,,0.7,1.0,0.01,extl
ezr,EZR,Proteins,0.01172,0.88982,0.01516,0.0052,,0.04642,0.00148,0.00214,0.00446,0.01551,,,0.00622,,,,3e-05,0.00133,0.00052,3e-101,,2e-121,7.999999999999999e-42,,0.0,3e-17,4e-17,3e-09,1.0000000000000001e-163,,,4e-67,,,,0.9,1.0,6e-07,ezr
f10,F10,Proteins,0.0031,0.94367,0.01369,0.00124,,0.02215,0.00088,0.00057,0.00859,0.00277,,,4e-05,,,,1e-05,0.00105,0.00224,2e-11,,6.999999999999999e-62,3e-05,,9e-219,2e-10,0.006,3e-11,3e-29,,,0.2,,,,1.0,1.0,7.000000000000001e-24,f10
f11,F11,Proteins,0.00481,0.90783,0.0126,0.00109,,0.01267,1e-05,0.0002,0.05845,2e-05,,,0.00059,,,,3e-05,0.00111,0.00058,2e-21,,4e-14,0.0002,,1e-129,0.4,0.6,0.0,0.4,,,2e-07,,,,0.9,1.0,2e-07,f11
f11r,F11R,Proteins,0.00505,0.94742,0.00111,0.00946,,0.01718,0.0004,0.0059,0.00173,0.00132,,,0.0086,,,,4e-05,0.0018,0.0,6e-19,,0.05,2e-77,,9.000000000000001e-169,2e-05,1.9999999999999998e-50,2e-08,1e-14,,,7e-86,,,,0.9,0.7,1.0,f11r
f12,F12,Proteins,0.02148,0.95684,0.00265,0.00152,,0.00479,7e-05,0.00029,0.01007,1e-05,,,0.00061,,,,0.00018,0.00124,0.00024,2e-113,,1e-07,3e-07,,1e-48,0.07,0.3,2e-80,0.4,,,2e-07,,,,0.2,1.0,0.001,f12
f13b,F13B,Proteins,0.00826,0.9358,0.02065,0.00463,,0.01081,0.0,0.00459,0.01123,0.00216,,,0.00035,,,,0.00023,0.00122,7e-05,2e-51,,8.999999999999999e-139,7.0000000000000006e-34,,7e-109,0.8,9e-39,6e-46,3e-23,,,6e-05,,,,0.06,1.0,0.07,f13b
f2,F2,Proteins,0.00105,0.97786,0.00357,0.00107,,0.00519,0.00023,0.00028,0.009,8e-05,,,0.0,,,,0.00013,0.0012,0.00036,4e-06,,0.0002,0.0006,,2e-51,0.002,0.4,8e-57,0.06,,,0.9,,,,0.4,1.0,8e-05,f2
f2r,F2R,Proteins,0.00486,0.96276,0.00111,0.01237,,0.00641,5e-05,0.00234,0.00046,0.00058,,,0.00719,,,,0.00011,0.00176,1e-05,6e-21,,3e-08,9e-103,,1.9999999999999999e-63,0.1,4e-17,0.2,4e-07,,,5e-71,,,,0.4,0.7,0.4,f2r
f3,F3,Proteins,0.00518,0.87294,0.10261,0.00149,,0.00673,4e-05,0.00045,0.00666,9e-05,,,0.00018,,,,5e-05,0.00136,0.00222,3e-19,,0.0,6e-08,,2e-73,0.2,0.02,0.09,0.03,,,0.003,,,,0.8,1.0,1.9999999999999998e-25,f3
f7,F7,Proteins,0.00481,0.89148,0.01484,0.00298,,0.051,0.00072,0.0004,0.02997,1e-05,,,0.00197,,,,7e-05,0.00121,0.00055,3e-38,,8e-79,2e-20,,0.0,5e-09,0.06,2.0000000000000001e-233,0.4,,,3e-22,,,,0.7,1.0,3e-07,f7
f9,F9,Proteins,0.00691,0.81444,0.01694,0.00398,,0.1386,0.001,0.00058,0.00624,0.00945,,,7e-05,,,,6e-05,0.0017,2e-05,9.999999999999999e-33,,1.0000000000000001e-165,3e-33,,0.0,5e-13,0.002,4.0000000000000006e-45,9e-109,,,0.06,,,,0.7,0.4,0.3,f9
fabp1,FABP1,Proteins,0.00492,0.8236,0.03751,0.00346,,0.06458,0.03368,0.0004,0.01697,0.0109,,,3e-05,,,,0.00012,0.00136,0.00244,6e-27,,0.0,2e-27,,0.0,0.0,0.03,2.9999999999999998e-174,1e-123,,,0.2,,,,0.3,0.9,3e-29,fabp
fabp2,FABP2,Proteins,0.00218,0.93172,0.01784,0.00464,,2e-05,0.03073,0.00064,0.00198,0.00591,,,0.0019,,,,0.0001,0.00137,0.00096,5e-08,,3e-166,7.0000000000000006e-34,,0.3,6.999999999999999e-302,0.002,6e-10,2.0000000000000002e-60,,,1e-20,,,,0.4,1.0,4e-11,fabp1
fabp3,FABP3,Proteins,0.00825,0.72534,0.10829,0.00267,,0.09012,0.00657,0.00049,0.04488,0.00655,,,0.0,,,,4e-05,0.00124,0.00553,1.9999999999999998e-26,,0.0,2.0000000000000002e-23,,0.0,1.9999999999999998e-86,0.002,0.0,3.9999999999999996e-86,,,0.6,,,,0.8,0.8,4e-73,fabp2
fabp4,FABP4,Proteins,0.00434,0.51782,0.03138,0.00317,,0.29455,0.00244,0.00174,0.13877,9e-05,,,0.00035,,,,4e-05,0.00277,0.00255,4.0000000000000003e-28,,0.0,4e-44,,0.0,7e-46,1.9999999999999998e-25,0.0,0.007,,,6e-08,,,,0.6,5e-15,8e-48,fabp3
fabp5,FABP5,Proteins,0.00341,0.91484,0.00199,0.02168,,0.04186,0.00048,0.00321,0.0015,0.00325,,,0.00517,,,,0.00013,0.00216,0.00033,7e-12,,9e-07,6e-200,,0.0,2e-06,1.9999999999999998e-26,0.3,6e-35,,,1.9999999999999998e-54,,,,0.3,0.2,9e-05,fabp4
fabp6,FABP6,Proteins,0.00304,0.96245,0.01415,0.00207,,0.00076,0.00994,0.0004,0.00186,0.00023,,,0.00303,,,,2e-05,0.00145,0.00059,3e-10,,3.0000000000000002e-123,8e-11,,1e-08,2e-95,0.1,1e-07,0.001,,,1.9999999999999998e-30,,,,1.0,1.0,4e-07,fabp5
fabp9,FABP9,Proteins,0.01319,0.93151,0.02892,0.00141,,0.00713,0.00048,0.00142,0.01091,0.00016,,,0.00308,,,,0.00013,0.00132,0.00034,4e-59,,1.9999999999999998e-284,2e-06,,2.0000000000000002e-72,3e-06,1e-09,3e-109,0.007,,,1.9999999999999998e-32,,,,0.3,1.0,8e-05,fabp6
fadd,FADD,Proteins,0.00157,0.95472,0.00058,0.02827,,0.00329,7e-05,0.00319,0.00056,0.00022,,,0.00549,,,,0.00013,0.0019,0.0,3e-06,,0.2,2e-250,,1e-33,0.08,6.9999999999999995e-25,0.5,0.002,,,5.9999999999999996e-55,,,,0.3,0.5,0.7,fadd
fam13a,FAM13A,Proteins,0.00204,0.93632,0.00224,0.04036,,0.00621,3e-05,0.00757,0.00066,0.00046,,,0.00202,,,,0.0001,0.00199,0.0,6e-07,,2e-18,0.0,,1.9999999999999999e-63,0.3,3e-67,0.03,5e-06,,,7e-22,,,,0.5,0.1,0.8,fam1
fam171a2,FAM171A2,Proteins,0.00064,0.99504,0.00124,0.00052,,0.00028,7e-05,0.00027,5e-05,2e-05,,,2e-05,,,,4e-05,0.00179,0.0,0.007,,8e-13,0.3,,0.0005,0.08,0.4,0.8,0.3,,,0.3,,,,0.9,0.6,1.0,fam11
fam171b,FAM171B,Proteins,0.00093,0.98348,0.00182,0.00116,,0.00275,0.0,0.00032,0.00662,0.00162,,,1e-05,,,,0.00018,0.00091,0.0002,0.007,,6e-12,0.0002,,8.000000000000001e-28,1.0,0.2,2e-57,5e-17,,,0.4,,,,0.2,1.0,0.003,fam12
fam172a,FAM172A,Proteins,0.00141,0.954,0.00125,0.02876,,0.00111,0.00023,0.00293,0.00229,0.00034,,,0.00414,,,,6e-05,0.00335,0.00012,3e-05,,0.004,2e-251,,3e-12,0.002,4e-22,2e-13,0.0001,,,2e-41,,,,0.7,4e-05,0.02,fam13
fam20a,FAM20A,Proteins,0.00484,0.8141,0.04686,0.00397,,0.10079,0.00214,0.00187,0.00727,0.01226,,,0.00261,,,,4e-05,0.00158,0.00165,2.0000000000000002e-29,,0.0,1e-33,,0.0,1.9999999999999998e-26,3e-16,2e-19,7e-142,,,7.999999999999999e-32,,,,0.8,0.5,1e-20,fam2
fam3b,FAM3B,Proteins,0.01825,0.90495,0.01798,0.00353,,0.00098,0.00636,0.00031,0.00284,0.00544,,,0.03675,,,,6e-05,0.0017,0.00085,5e-166,,9e-176,6.9999999999999995e-25,,1e-11,1.0000000000000001e-66,0.2,2e-22,2e-57,,,0.0,,,,0.7,0.8,2e-10,fam3
fam3c,FAM3C,Proteins,0.01605,0.87724,0.06084,0.00145,,0.01725,0.00193,0.0008,0.01461,0.00366,,,0.00208,,,,3e-05,0.00111,0.00293,8e-133,,0.0,2e-07,,1e-181,4e-22,5e-05,3.9999999999999994e-142,2e-40,,,1.0000000000000001e-23,,,,0.9,1.0,9.999999999999999e-33,fam31
fam3d,FAM3D,Proteins,0.01114,0.96231,0.01332,0.00191,,3e-05,0.0028,0.00028,0.00019,0.00053,,,0.00443,,,,0.00014,0.00166,0.00125,1.9999999999999998e-50,,9e-129,6e-10,,0.2,6e-29,0.3,0.2,1e-06,,,1e-44,,,,0.3,0.6,9e-14,fam32
fap,FAP,Proteins,0.01374,0.93315,0.02073,0.00257,,0.00582,7e-05,0.00052,0.01362,0.00753,,,0.00042,,,,8e-05,0.00151,0.00025,2e-104,,1e-158,5e-16,,4.0000000000000004e-60,0.06,0.01,3e-88,4e-77,,,1e-05,,,,0.6,0.9,0.0008,fap
farsa,FARSA,Proteins,0.00157,0.96292,0.00082,0.0205,,0.00597,0.00021,0.00278,0.002,3e-05,,,0.00112,,,,7e-05,0.00201,0.0,2e-05,,0.9,3.9999999999999995e-174,,3e-58,0.002,1e-20,7e-13,0.2,,,3e-12,,,,0.7,0.3,0.9,fars
fas,FAS,Proteins,0.01499,0.76156,0.09553,0.00207,,0.05688,7e-05,0.00118,0.02685,0.00297,,,0.03252,,,,0.00019,0.00208,0.00311,1e-147,,0.0,1e-15,,0.0,0.04,6e-10,6e-277,4e-38,,,0.0,,,,0.06,0.01,6.9999999999999995e-40,fas
faslg,FASLG,Proteins,0.01239,0.85579,0.032,0.00372,,0.00838,0.0021,0.00011,0.05388,0.02554,,,0.00342,,,,1e-05,0.00144,0.00122,2.0000000000000001e-88,,5e-319,4.0000000000000003e-29,,2.9999999999999997e-93,8.999999999999998e-25,0.9,0.0,1e-277,,,3e-39,,,,1.0,0.8,5e-15,fasl
fbln2,FBLN2,Proteins,0.03243,0.8532,0.04303,0.00474,,0.03734,0.00015,0.00104,0.01287,0.0102,,,6e-05,,,,0.0001,0.00097,0.00387,1e-309,,0.0,3e-39,,0.0,0.005,2e-07,5e-133,4e-113,,,0.09,,,,0.4,1.0,2.9999999999999997e-44,fbln
fbn2,FBN2,Proteins,0.00067,0.99533,1e-05,0.00054,,4e-05,4e-05,0.00015,0.00155,0.0,,,0.00014,,,,1e-05,0.00151,1e-05,0.03,,0.9,0.3,,0.2,0.2,0.8,8e-16,1.0,,,0.01,,,,1.0,0.9,0.4,fbn2
fbp1,FBP1,Proteins,0.00098,0.90212,0.02679,0.00235,,0.05251,0.00129,0.00104,0.00681,0.00407,,,8e-05,,,,5e-05,0.00153,0.00037,2e-07,,2.9999999999999997e-231,1e-14,,0.0,7e-15,9e-07,4.0000000000000003e-29,2e-43,,,0.06,,,,0.8,0.9,3e-05,fbp1
fcamr,FCAMR,Proteins,0.00863,0.80834,0.03346,0.00163,,0.11582,0.00022,0.00042,0.02679,0.00113,,,0.00011,,,,3e-05,0.00138,0.00204,2e-71,,0.0,3e-10,,0.0,0.0006,0.02,6e-299,8e-15,,,0.02,,,,0.9,0.8,1.9999999999999998e-25,fcam
fcar,FCAR,Proteins,0.01001,0.95637,0.00139,0.00379,,0.02567,0.0001,0.0003,0.00012,0.00019,,,1e-05,,,,1e-05,0.00122,0.00082,6e-56,,2e-14,1.9999999999999998e-25,,3.0000000000000004e-247,0.03,0.3,0.1,0.003,,,0.4,,,,1.0,1.0,2e-09,fcar
fcer1a,FCER1A,Proteins,0.00149,0.99271,0.00042,0.00074,,7e-05,1e-05,0.00015,0.00283,0.00024,,,3e-05,,,,5e-05,0.00116,0.0001,5e-08,,0.0001,0.04,,0.08,0.5,0.8,1e-27,0.001,,,0.3,,,,0.8,1.0,0.03,fcer
fcer2,FCER2,Proteins,0.00178,0.9217,0.01109,0.00202,,0.05465,1e-05,0.00046,0.00266,0.003,,,1e-05,,,,0.00012,0.00124,0.00126,2e-07,,3.0000000000000003e-107,2e-11,,0.0,0.4,0.03,9.000000000000001e-23,4.999999999999999e-32,,,0.5,,,,0.4,1.0,2e-14,fcer1
fcgr2a,FCGR2A,Proteins,0.03055,0.93555,0.00794,0.00243,,0.01145,0.00054,0.00015,0.00778,0.00082,,,5e-05,,,,0.00012,0.00137,0.00123,1e-248,,2e-79,2e-14,,8e-114,7e-07,0.8,6e-78,1e-09,,,0.1,,,,0.3,1.0,9e-14,fcgr
fcgr2b,FCGR2B,Proteins,0.00212,0.97556,0.00195,0.00266,,0.00973,4e-05,0.0009,0.0051,1e-05,,,0.0,,,,5e-05,0.00154,0.00033,3e-07,,0.007,4e-15,,5e-92,0.2,7e-05,9.999999999999999e-33,0.4,,,0.7,,,,0.8,1.0,0.0002,fcgr1
fcgr3b,FCGR3B,Proteins,0.00636,0.96113,0.00236,0.00065,,0.00221,0.00014,0.00037,0.02487,0.00014,,,1e-05,,,,4e-05,0.00135,0.00034,1.9999999999999998e-30,,4.0000000000000004e-24,0.09,,5e-23,0.01,0.1,9e-238,0.01,,,0.5,,,,0.9,1.0,0.0001,fcgr2
fcn1,FCN1,Proteins,0.03579,0.90872,0.00058,0.00382,,0.03445,7e-05,0.00102,0.00882,0.00551,,,7e-05,,,,0.00011,0.00096,8e-05,0.0,,2e-07,1e-27,,0.0,0.07,1e-06,5e-92,3e-58,,,0.07,,,,0.4,1.0,0.05,fcn1
fcn2,FCN2,Proteins,0.00532,0.94447,0.00766,0.00114,,0.02907,0.00034,0.00048,0.00624,0.00316,,,0.00062,,,,9e-05,0.00131,9e-05,2.9999999999999998e-40,,5e-16,0.0002,,2e-280,9e-05,0.03,0.1,1.9999999999999998e-32,,,1e-07,,,,0.5,1.0,0.04,fcn2
fcrl1,FCRL1,Proteins,0.00739,0.92242,0.00215,0.00144,,0.02546,0.0,0.00019,0.03429,0.00534,,,9e-05,,,,1e-05,0.00119,4e-05,6e-64,,0.9,7e-07,,1e-253,0.9,0.7,2e-318,2.9999999999999998e-55,,,0.05,,,,1.0,1.0,0.2,fcrl
fcrl2,FCRL2,Proteins,0.00266,0.96658,0.01841,0.00105,,0.00683,0.0,0.0003,0.0014,0.00117,,,6e-05,,,,9e-05,0.00083,0.00063,1e-10,,3.0000000000000003e-165,0.0006,,8e-68,1.0,0.3,1.0,6e-13,,,0.1,,,,0.6,1.0,1e-07,fcrl1
fcrl3,FCRL3,Proteins,0.00588,0.97322,0.00604,0.00078,,0.00641,6e-05,0.00056,0.00375,0.00135,,,1e-05,,,,6e-05,0.00132,0.00055,9e-34,,1e-52,0.03,,9e-62,0.1,0.01,3.0000000000000003e-31,3e-14,,,0.5,,,,0.7,1.0,1e-06,fcrl2
fcrl5,FCRL5,Proteins,0.03681,0.86175,0.00421,0.00285,,0.02426,0.00173,0.00082,0.06267,0.00059,,,0.00198,,,,0.00011,0.00169,0.00052,0.0,,2e-19,3e-20,,1e-259,2e-20,3e-05,0.0,6e-08,,,5e-23,,,,0.3,0.6,4e-07,fcrl3
fcrl6,FCRL6,Proteins,0.00887,0.95543,0.01633,0.00123,,0.00379,0.0,0.00058,0.00938,0.00289,,,0.0,,,,6e-05,0.00096,0.00048,1e-47,,7e-158,4e-05,,2e-38,1.0,0.007,1.9999999999999998e-91,7.999999999999999e-30,,,0.9,,,,0.7,1.0,4e-06,fcrl4
fcrlb,FCRLB,Proteins,0.0065,0.94117,0.01376,0.00148,,0.00519,0.0,0.00041,0.02687,0.00161,,,7e-05,,,,2e-05,0.00158,0.00134,3e-35,,2.0000000000000002e-131,9e-07,,8e-52,0.9,0.08,4e-255,3e-17,,,0.07,,,,1.0,1.0,1e-14,fcrl5
fdx1,FDX1,Proteins,0.0012,0.96699,0.00332,0.00136,,0.02261,0.00036,0.00034,0.00071,0.00029,,,2e-05,,,,2e-05,0.00154,0.00122,4e-06,,1.9999999999999998e-30,1e-05,,3e-211,8e-05,0.2,1e-05,0.0004,,,0.3,,,,1.0,0.9,4e-13,fdx1
fdx2,FDX2,Proteins,0.0027,0.98057,0.00035,0.00287,,0.00854,0.0003,0.00075,0.0004,0.0006,,,0.00124,,,,0.00018,0.00098,0.0005,1e-09,,0.0002,1e-16,,2e-80,0.0003,0.0009,7e-05,5e-07,,,4e-13,,,,0.2,1.0,4e-06,fdx2
fen1,FEN1,Proteins,0.00232,0.92058,0.00077,0.04424,,0.00788,3e-05,0.00559,0.01221,0.00343,,,0.00034,,,,1e-05,0.00248,0.00011,1e-17,,1e-06,0.0,,3e-79,0.3,8e-48,4e-119,1e-35,,,9e-05,,,,1.0,0.07,0.02,fen1
fes,FES,Proteins,0.00257,0.97512,0.00723,0.00702,,0.00278,0.00029,0.0014,0.0015,5e-05,,,0.00028,,,,8e-05,0.00154,0.00015,4e-18,,8e-62,1e-51,,1e-27,0.0005,9e-09,2e-08,0.2,,,0.0005,,,,0.7,1.0,0.01,fes
fetub,FETUB,Proteins,0.01879,0.88469,0.0066,0.0021,,0.02832,0.00033,0.0004,0.05725,0.00013,,,5e-05,,,,5e-05,0.00128,0.0,5.0000000000000004e-163,,8e-69,9e-13,,1e-293,7e-05,0.05,0.0,0.01,,,0.1,,,,0.8,1.0,0.7,fetu
fga,FGA,Proteins,0.0023,0.84516,0.05683,0.0029,,0.05963,0.00036,0.00239,0.02642,0.00031,,,0.00067,,,,8e-05,0.00118,0.00177,3e-05,,0.0,1e-20,,0.0,2e-05,3e-20,2.9999999999999996e-272,8e-05,,,9e-09,,,,0.5,1.0,8e-21,fga
fgd3,FGD3,Proteins,0.0023,0.94655,0.00123,0.03547,,0.00289,0.00018,0.00496,0.00084,0.00051,,,0.00296,,,,6e-05,0.00192,0.00013,5e-13,,9e-07,1e-323,,1.9999999999999998e-30,0.005,5e-42,0.01,2e-06,,,5e-31,,,,0.8,0.3,0.01,fgd3
fgf12,FGF12,Proteins,0.00101,0.98996,0.00046,0.00196,,0.00269,9e-05,0.00051,0.00139,0.00049,,,2e-05,,,,0.00012,0.00108,0.00023,0.003,,0.0001,1e-09,,1.9999999999999998e-26,0.05,0.03,3e-13,6e-06,,,0.4,,,,0.4,1.0,0.002,fgf1
fgf16,FGF16,Proteins,0.00077,0.99271,0.00188,0.00065,,0.00144,0.0,0.0003,0.00056,0.00024,,,0.00029,,,,9e-05,0.00108,0.0,0.02,,7e-14,0.1,,7e-15,0.8,0.3,0.5,0.002,,,0.0005,,,,0.6,1.0,1.0,fgf11
fgf19,FGF19,Proteins,0.00276,0.92539,0.00943,0.00726,,0.01031,0.01331,0.00019,0.00252,0.00037,,,0.02637,,,,4e-05,0.00193,0.00013,2e-08,,3e-95,8e-59,,5.0000000000000004e-105,8e-135,0.6,3.9999999999999996e-26,3e-05,,,3e-263,,,,0.9,0.3,0.01,fgf12
fgf2,FGF2,Proteins,0.01562,0.96118,0.00134,0.01283,,0.00193,9e-05,0.00132,0.00085,0.00018,,,0.00211,,,,0.00031,0.0022,5e-05,1.9999999999999998e-138,,2e-11,9e-107,,3e-20,0.04,2e-08,2e-06,0.005,,,5e-22,,,,0.02,0.1,0.1,fgf2
fgf20,FGF20,Proteins,0.00145,0.99495,0.00027,0.00079,,0.0009,6e-05,0.00017,0.00011,0.00019,,,0.0,,,,1e-05,0.00109,0.0,3e-10,,0.001,0.03,,8e-10,0.1,0.8,0.04,0.004,,,0.7,,,,1.0,1.0,0.9,fgf21
fgf21,FGF21,Proteins,0.00927,0.85906,0.00699,0.00315,,0.08511,0.00842,0.00033,0.00383,0.02084,,,0.00113,,,,0.0001,0.00131,0.00046,4e-41,,4e-70,2.0000000000000002e-23,,0.0,2.9999999999999997e-93,0.1,8e-36,5.0000000000000005e-226,,,6e-14,,,,0.4,1.0,1e-06,fgf22
fgf23,FGF23,Proteins,0.00466,0.89464,0.00588,0.00253,,0.04601,0.00045,0.00233,0.03618,0.00108,,,0.00184,,,,3e-05,0.00158,0.00281,7e-12,,2e-61,2e-16,,0.0,4e-06,8e-19,0.0,7e-13,,,5e-21,,,,0.9,0.9,4e-31,fgf23
fgf3,FGF3,Proteins,0.00037,0.99693,6e-05,0.00074,,1e-05,1e-05,0.00037,0.00013,0.00013,,,1e-05,,,,4e-05,0.00114,5e-05,0.02,,0.1,0.05,,0.5,0.5,0.2,0.02,0.02,,,0.6,,,,0.9,1.0,0.1,fgf3
fgf5,FGF5,Proteins,0.02023,0.82637,0.10825,0.00115,,0.01836,0.00047,0.00028,0.0218,1e-05,,,0.0,,,,8e-05,0.00103,0.00198,1.0000000000000001e-186,,0.0,1e-05,,4.0000000000000006e-202,1e-06,0.2,4.0000000000000004e-226,0.5,,,0.7,,,,0.6,1.0,2.0000000000000002e-23,fgf5
fgf6,FGF6,Proteins,0.00069,0.99714,6e-05,0.00026,,0.00011,7e-05,0.00058,0.00013,0.00019,,,0.0,,,,1e-05,0.00076,1e-05,2e-05,,0.2,1.0,,0.03,0.08,0.01,0.03,0.005,,,0.8,,,,1.0,1.0,0.5,fgf6
fgf7,FGF7,Proteins,0.00124,0.9953,0.0002,0.00059,,3e-05,0.0,0.00033,0.00054,0.00025,,,9e-05,,,,8e-05,0.00134,0.0,1e-06,,0.009,0.2,,0.3,0.7,0.2,5e-06,0.001,,,0.05,,,,0.7,1.0,0.7,fgf7
fgf9,FGF9,Proteins,0.0005,0.99303,0.00079,0.0007,,0.0003,0.00104,0.00025,0.00039,6e-05,,,0.00184,,,,3e-05,0.00105,0.0,0.0009,,6e-08,0.08,,0.0004,4e-11,0.5,0.0004,0.1,,,2e-18,,,,0.9,1.0,1.0,fgf9
fgfbp1,FGFBP1,Proteins,0.0094,0.89568,0.01421,0.00479,,0.01888,0.00018,0.00814,0.04023,0.00596,,,0.00037,,,,0.0001,0.00133,0.00073,7e-79,,2.0000000000000002e-23,2e-37,,3.0000000000000004e-196,0.004,2.9999999999999996e-76,9.999999999999999e-290,9.999999999999999e-64,,,3e-05,,,,0.5,1.0,3e-09,fgfb
fgfbp2,FGFBP2,Proteins,0.01597,0.95878,0.01087,0.00167,,0.00513,0.00019,0.00035,0.00364,0.0003,,,0.00082,,,,0.0001,0.0016,0.00055,8e-117,,3e-102,3e-08,,7e-52,0.003,0.1,4.999999999999999e-32,0.0002,,,1e-09,,,,0.5,0.8,6e-07,fgfb1
fgfbp3,FGFBP3,Proteins,0.00245,0.93687,0.04032,0.00159,,0.00815,0.00034,0.0006,0.00548,0.00229,,,0.0,,,,0.00024,0.00135,0.00032,1e-06,,0.0,6e-08,,6.999999999999999e-83,8e-05,0.004,1.9999999999999998e-26,1.0000000000000001e-24,,,0.7,,,,0.05,0.9,0.0001,fgfb2
fgfr2,FGFR2,Proteins,0.00555,0.81247,0.05014,0.00428,,0.06598,0.00282,0.00108,0.0529,0.0013,,,0.00053,,,,0.00011,0.00116,0.00168,3e-32,,0.0,1e-36,,0.0,4.0000000000000006e-34,4e-08,0.0,1e-16,,,1e-07,,,,0.3,1.0,5e-21,fgfr
fgfr4,FGFR4,Proteins,0.02869,0.95453,0.00027,0.00194,,0.00236,0.00068,0.00053,0.00783,0.00025,,,0.00146,,,,5e-05,0.0014,0.0,8e-231,,0.02,5e-10,,2.0000000000000002e-24,5e-08,0.01,4.0000000000000003e-75,0.0009,,,1e-15,,,,0.8,0.9,0.8,fgfr1
fgl1,FGL1,Proteins,0.00424,0.84794,0.02203,0.00068,,0.00884,0.0001,0.001,0.10679,0.00337,,,0.00019,,,,5e-05,0.00121,0.00356,1e-15,,2e-228,0.02,,6e-99,0.02,5e-07,0.0,6e-39,,,0.002,,,,0.8,0.9,5e-41,fgl1
fgr,FGR,Proteins,0.00134,0.89229,0.00028,0.06761,,0.02043,0.0002,0.00417,0.00532,0.00197,,,0.00323,,,,9e-05,0.00254,0.00052,1e-05,,0.001,0.0,,2e-207,0.002,8.999999999999999e-36,2.9999999999999998e-55,9e-22,,,1.0000000000000001e-34,,,,0.5,0.02,8e-07,fgr
fh,FH,Proteins,0.001,0.99429,0.0008,0.00051,,3e-05,4e-05,0.00018,0.00186,0.00017,,,1e-05,,,,8e-05,0.00097,6e-05,6e-05,,1e-08,0.4,,0.3,0.2,0.7,2e-18,0.007,,,0.5,,,,0.6,1.0,0.1,fh
fhip2a,FHIP2A,Proteins,0.00069,0.9968,2e-05,0.00078,,0.0,0.0,0.00014,5e-05,4e-05,,,0.00014,,,,4e-05,0.00127,2e-05,0.001,,0.4,0.04,,0.8,0.8,0.9,0.1,0.2,,,0.01,,,,0.9,1.0,0.3,fhip
fhit,FHIT,Proteins,0.00324,0.95026,0.0016,0.02883,,0.00289,0.0,0.00282,0.00186,0.00026,,,0.00596,,,,0.00012,0.00208,0.0001,3e-20,,7e-05,4.999999999999999e-252,,2.0000000000000002e-29,0.8,3e-21,2e-07,0.0007,,,1e-58,,,,0.4,0.4,0.04,fhit
fis1,FIS1,Proteins,0.00175,0.9584,0.00335,0.0214,,0.00272,4e-05,0.00199,0.00255,0.00041,,,0.00536,,,,4e-05,0.00197,1e-05,5e-07,,4e-11,3e-186,,5e-28,0.2,4e-14,0.003,2e-05,,,1e-53,,,,0.9,0.4,0.6,fis1
fkbp14,FKBP14,Proteins,0.00258,0.96102,0.00066,0.021,,0.00484,9e-05,0.00203,0.00084,0.00012,,,0.00446,,,,9e-05,0.00225,2e-05,2e-10,,0.2,5e-184,,7e-49,0.04,1e-14,0.002,0.02,,,4.0000000000000006e-45,,,,0.6,0.07,0.3,fkbp
fkbp1b,FKBP1B,Proteins,0.00172,0.96526,0.00179,0.01876,,0.0014,0.00031,0.00233,0.00225,2e-05,,,0.0023,,,,0.00076,0.0031,0.0,1e-08,,2e-06,6e-162,,3e-15,0.0002,4e-17,7e-11,0.4,,,6e-24,,,,3e-06,0.0002,0.7,fkbp1
fkbp4,FKBP4,Proteins,0.00363,0.95273,0.00067,0.021,,0.01049,0.00014,0.00303,0.00118,0.00149,,,0.00389,,,,0.00011,0.00159,5e-05,2e-27,,9e-07,6.0000000000000005e-183,,6e-103,0.01,2.0000000000000002e-23,7e-12,4e-16,,,2.0000000000000002e-39,,,,0.5,0.9,0.1,fkbp2
fkbp5,FKBP5,Proteins,0.00267,0.95223,0.00235,0.0326,,0.00079,8e-05,0.00332,0.00054,0.00046,,,0.00255,,,,0.0002,0.00222,0.0,1e-12,,4.0000000000000004e-24,1.9999999999999999e-290,,3e-09,0.06,4.9999999999999996e-26,3e-06,6e-06,,,1.9999999999999998e-26,,,,0.1,0.2,0.9,fkbp3
fkbp7,FKBP7,Proteins,0.00097,0.98188,0.00025,0.0114,,0.00163,8e-05,0.00086,0.00032,0.00033,,,0.00076,,,,0.00013,0.00137,1e-05,0.003,,0.6,3e-89,,9e-17,0.06,0.0001,0.08,0.0002,,,1e-08,,,,0.4,1.0,0.6,fkbp4
fkbpl,FKBPL,Proteins,0.00161,0.94961,0.00227,0.0281,,0.00505,0.0,0.00347,0.00421,0.00064,,,0.00305,,,,0.00015,0.00185,0.0,5e-07,,6e-08,1e-252,,2e-51,0.7,8.000000000000001e-28,3e-27,8e-08,,,1e-31,,,,0.3,0.3,0.9,fkbp5
fli1,FLI1,Proteins,0.00301,0.95771,0.00184,0.01882,,0.00797,0.00033,0.00222,0.00384,0.00017,,,0.00127,,,,0.00028,0.00247,6e-05,2e-10,,0.2,4.0000000000000005e-159,,4e-77,0.0001,8e-16,5e-21,0.006,,,1e-13,,,,0.03,0.1,0.1,fli1
flrt2,FLRT2,Proteins,0.00325,0.96168,0.00816,0.00365,,0.00478,5e-05,0.00131,0.01129,0.00232,,,0.00075,,,,1e-05,0.00111,0.00164,4e-07,,2.0000000000000002e-75,6e-24,,1e-47,0.2,3e-08,3e-105,5e-24,,,8e-09,,,,1.0,1.0,2e-17,flrt
flt1,FLT1,Proteins,0.00248,0.95429,0.01225,0.00392,,0.00114,0.00211,0.00078,0.01324,0.0006,,,0.00626,,,,7e-05,0.00122,0.00162,3e-13,,3e-109,9.999999999999999e-27,,1e-12,4e-22,0.0003,1e-118,2e-07,,,2e-62,,,,0.7,1.0,2e-17,flt1
flt3,FLT3,Proteins,0.00316,0.95629,0.01783,0.00174,,0.00866,4e-05,0.00068,0.00373,0.00641,,,3e-05,,,,0.0001,0.00123,0.00012,5e-17,,8e-160,2e-08,,1e-83,0.2,0.002,3e-27,1e-62,,,0.2,,,,0.5,1.0,0.02,flt3
flt3lg,FLT3LG,Proteins,0.00455,0.88706,0.07594,0.00225,,0.00461,0.00055,0.00065,0.0132,0.00456,,,0.00226,,,,7e-05,0.00134,0.00296,1e-21,,0.0,3e-14,,1.9999999999999998e-50,2e-07,0.0009,2e-140,6e-50,,,9.999999999999999e-26,,,,0.7,0.9,4e-33,flt31
flt4,FLT4,Proteins,0.02665,0.91713,0.00424,0.0032,,0.04401,0.00141,0.00021,0.0009,0.00021,,,0.00015,,,,6e-05,0.00162,0.00022,3e-227,,1.0000000000000001e-39,9e-22,,0.0,5e-16,0.6,2e-05,0.002,,,0.007,,,,0.7,0.9,0.001,flt4
fmnl1,FMNL1,Proteins,0.00122,0.91862,0.00064,0.02755,,0.02966,0.00017,0.00595,0.00826,0.00371,,,0.00257,,,,0.00012,0.00141,0.00012,2e-07,,0.001,6e-249,,1.9999999999999999e-290,0.006,2e-51,3e-79,2e-38,,,4e-27,,,,0.4,1.0,0.02,fmnl
fmr1,FMR1,Proteins,0.00086,0.98573,3e-05,0.00917,,0.00088,2e-05,0.00139,0.00026,0.0001,,,1e-05,,,,7e-05,0.00148,0.0,0.0009,,0.3,1e-69,,1e-09,0.4,1e-08,0.001,0.04,,,0.6,,,,0.7,1.0,0.7,fmr1
fn1,FN1,Proteins,0.00157,0.90761,0.01215,0.00268,,0.05655,0.00179,0.00098,0.01271,0.00014,,,0.00223,,,,0.00015,0.00141,2e-05,0.0003,,3e-78,2e-17,,0.0,3e-20,3e-06,4.999999999999999e-84,0.009,,,8.999999999999998e-25,,,,0.2,0.9,0.3,fn1
fndc1,FNDC1,Proteins,0.00844,0.91391,0.0163,0.00395,,0.04955,3e-05,0.00076,0.00357,0.00118,,,0.00069,,,,9e-05,0.0014,0.00012,4e-35,,9e-132,9.000000000000001e-29,,0.0,0.2,0.0002,0.2,9e-14,,,1e-08,,,,0.5,0.9,0.02,fndc
fnta,FNTA,Proteins,0.00182,0.95193,0.00262,0.01618,,0.0176,9e-05,0.00254,0.00447,0.00061,,,0.0002,,,,0.00014,0.00161,0.00019,6e-11,,2e-13,4e-140,,9.999999999999999e-173,0.05,2e-19,1e-31,2e-07,,,0.003,,,,0.3,0.7,0.004,fnta
folh1,FOLH1,Proteins,0.00131,0.98362,0.00167,0.00135,,0.00252,1e-05,0.00045,0.00444,0.00278,,,4e-05,,,,0.0002,0.00145,0.00014,0.0002,,3e-09,2e-05,,5e-25,0.5,0.06,5e-35,2e-27,,,0.2,,,,0.1,0.9,0.01,folh
folr1,FOLR1,Proteins,0.01047,0.85446,0.0516,0.00129,,0.02181,0.00027,0.00094,0.04929,0.00158,,,0.0026,,,,4e-05,0.0013,0.00435,5.999999999999999e-91,,0.0,1e-06,,8e-236,0.0003,2e-06,0.0,7e-19,,,5e-30,,,,0.9,1.0,5.000000000000001e-49,folr
folr2,FOLR2,Proteins,0.00454,0.86635,0.015,0.00293,,0.04109,6e-05,0.00098,0.06226,0.00035,,,0.00159,,,,0.00012,0.00131,0.00343,3.9999999999999997e-25,,9.000000000000001e-147,5e-21,,0.0,0.08,1e-06,0.0,3e-05,,,7e-19,,,,0.3,1.0,7e-39,folr1
folr3,FOLR3,Proteins,0.00838,0.91928,0.00859,0.00338,,0.0183,4e-05,0.00076,0.02136,3e-05,,,0.00031,,,,0.00028,0.01805,0.00122,1e-70,,1e-83,3e-23,,3e-185,0.2,0.0002,9e-211,0.2,,,0.0001,,,,0.03,1e-119,5e-14,folr2
fos,FOS,Proteins,0.00046,0.99415,0.00039,0.00067,,0.00119,4e-05,0.00018,0.00102,7e-05,,,2e-05,,,,7e-05,0.00133,0.00042,0.03,,8e-05,0.1,,2e-12,0.2,0.8,1e-10,0.09,,,0.4,,,,0.7,1.0,3e-05,fos
fosb,FOSB,Proteins,0.00031,0.99446,0.00013,0.0005,,0.00188,1e-05,0.00025,0.00049,1e-05,,,0.0003,,,,0.0001,0.0012,0.00037,0.09,,0.1,0.4,,6e-19,0.6,0.5,3e-05,0.4,,,0.0004,,,,0.5,1.0,9e-05,fosb
foxj3,FOXJ3,Proteins,0.00195,0.95437,0.00097,0.02925,,0.00485,2e-05,0.00528,0.00097,0.00021,,,5e-05,,,,0.00011,0.00192,4e-05,1e-08,,0.9,1.0000000000000001e-254,,6e-48,0.3,4e-43,1.0,0.002,,,0.1,,,,0.4,0.4,0.2,foxj
foxo1,FOXO1,Proteins,0.00181,0.95201,0.00244,0.03166,,0.00126,9e-05,0.00532,0.0009,0.00082,,,0.00163,,,,0.00017,0.00176,0.00013,2e-08,,6e-22,4.0000000000000003e-283,,7e-14,0.05,1e-44,1e-06,1e-09,,,1e-17,,,,0.2,0.6,0.02,foxo
foxo3,FOXO3,Proteins,0.00159,0.96205,0.00214,0.02432,,0.00093,1e-05,0.00276,0.0025,0.00039,,,0.00107,,,,0.00024,0.002,1e-05,2e-05,,3e-20,6e-208,,2e-10,0.6,2e-20,1.0000000000000001e-23,4e-05,,,1e-11,,,,0.06,0.6,0.6,foxo1
frmd4b,FRMD4B,Proteins,0.00106,0.93009,0.00175,0.05375,,2e-05,0.0003,0.00859,0.00051,6e-05,,,0.00036,,,,0.00018,0.00329,3e-05,0.0002,,1e-14,0.0,,0.3,0.0003,3.0000000000000004e-75,0.03,0.1,,,6e-05,,,,0.1,3e-05,0.2,frmd
frmd7,FRMD7,Proteins,0.00261,0.99441,6e-05,0.00078,,9e-05,0.0,0.00017,0.00051,4e-05,,,0.0,,,,2e-05,0.00121,9e-05,1e-17,,0.3,0.04,,0.05,0.8,0.8,7e-06,0.2,,,0.7,,,,1.0,1.0,0.06,frmd1
frzb,FRZB,Proteins,0.05288,0.88746,0.00561,0.00686,,0.01456,0.00011,0.00068,0.02806,0.00186,,,3e-05,,,,0.00019,0.00154,0.00017,0.0,,2e-52,6e-57,,2e-151,0.02,0.0007,2e-280,6e-21,,,0.3,,,,0.1,0.9,0.005,frzb
fshb,FSHB,Proteins,0.00438,0.42716,0.11252,0.00141,,0.00713,0.00052,0.0008,0.42764,0.00575,,,2e-05,,,,0.0009,0.0112,0.00056,4e-41,,0.0,1e-19,,7e-153,8e-13,4e-12,0.0,8.000000000000001e-124,,,0.2,,,,2e-17,3e-173,1e-13,fshb
fst,FST,Proteins,0.00797,0.90361,0.0374,0.00147,,0.01278,0.00399,0.00061,0.01623,0.00084,,,0.01273,,,,8e-05,0.00179,0.0005,6e-66,,0.0,2e-07,,2e-132,8e-43,0.002,1e-149,3e-10,,,7e-132,,,,0.6,0.5,1e-06,fst
fstl1,FSTL1,Proteins,0.00593,0.95255,0.00897,0.00247,,0.02158,0.00025,0.0012,0.00171,0.00118,,,3e-05,,,,3e-05,0.00118,0.00292,5e-33,,1e-79,4e-14,,5e-206,0.0008,2e-07,3e-10,6e-13,,,0.2,,,,0.9,1.0,9e-30,fstl
fstl3,FSTL3,Proteins,0.02584,0.72749,0.08347,0.00365,,0.14188,0.00127,0.00038,0.0027,0.00392,,,0.00244,,,,5e-05,0.00135,0.00556,2.0000000000000002e-278,,0.0,4.0000000000000006e-34,,0.0,7e-18,0.02,4e-33,2e-51,,,9.999999999999999e-33,,,,0.7,0.6,3e-72,fstl1
ftcd,FTCD,Proteins,0.00455,0.8266,0.00985,0.00293,,0.12109,0.001,0.00201,0.02955,0.00086,,,1e-05,,,,7e-05,0.00148,2e-05,6e-18,,2e-59,3e-22,,0.0,6e-13,3e-17,1e-277,3e-11,,,0.5,,,,0.6,0.6,0.4,ftcd
fuca1,FUCA1,Proteins,0.03097,0.94383,0.00395,0.00268,,0.00507,0.00125,0.00108,0.00618,0.00087,,,6e-05,,,,0.00022,0.00366,0.00017,2e-252,,4e-35,2e-16,,7e-52,5e-14,9e-07,3e-57,3e-10,,,0.1,,,,0.08,5e-07,0.005,fuca
fuom,FUOM,Proteins,0.00306,0.82955,0.02464,0.00217,,0.10103,0.00231,0.0025,0.03134,0.00117,,,1e-05,,,,5e-05,0.00167,0.00049,4e-22,,2.0000000000000003e-202,2e-14,,0.0,3e-27,1e-21,3.0000000000000003e-274,2e-14,,,0.5,,,,0.8,0.3,6e-07,fuom
furin,FURIN,Proteins,0.0058,0.74234,0.02733,0.00192,,0.18462,0.0,0.00059,0.00666,0.00445,,,0.02323,,,,0.00019,0.00222,0.00064,4e-43,,1e-285,1e-14,,0.0,1.0,0.0004,1.9999999999999998e-30,1e-57,,,7e-289,,,,0.05,0.007,1e-09,furi
fus,FUS,Proteins,0.00326,0.92674,0.00216,0.02737,,0.02681,2e-05,0.00268,0.00594,0.00305,,,9e-05,,,,0.0001,0.00165,0.00014,1e-17,,7e-14,2e-244,,4e-260,0.4,2e-20,6e-51,1e-31,,,0.04,,,,0.5,0.9,0.01,fus
fut1,FUT1,Proteins,0.00232,0.99321,0.00061,0.00084,,1e-05,0.00015,9e-05,0.00101,0.00035,,,0.00025,,,,8e-05,0.00103,5e-05,1e-10,,1e-05,0.02,,0.5,0.01,1.0,2e-09,0.0001,,,0.001,,,,0.7,1.0,0.2,fut1
fut3_fut5,FUT3_FUT5,Proteins,0.04615,0.8561,0.03889,0.00557,,0.00931,0.00016,0.00136,0.02004,0.01845,,,0.00045,,,,7e-05,0.00119,0.00228,0.0,,0.0,2e-47,,4e-103,0.005,2e-10,1e-215,2e-201,,,2e-06,,,,0.6,1.0,9.999999999999999e-27,fut3_fut5
fut8,FUT8,Proteins,0.01095,0.97478,0.00123,0.00455,,0.00093,0.0,0.00086,0.00087,0.00035,,,0.00379,,,,0.00016,0.00152,2e-05,8.000000000000001e-82,,6e-09,4e-31,,2e-10,0.9,0.0001,2e-05,9e-05,,,1e-37,,,,0.2,1.0,0.4,fut8
fxn,FXN,Proteins,0.00324,0.96406,0.00063,0.01522,,0.00605,4e-05,0.00206,0.00096,0.00048,,,0.00503,,,,3e-05,0.0022,1e-05,1e-14,,0.7,5e-130,,2.0000000000000002e-60,0.2,7e-15,0.0001,4e-06,,,9.999999999999999e-51,,,,0.9,0.3,0.6,fxn
fxyd5,FXYD5,Proteins,0.00271,0.97149,0.00048,0.01425,,0.0024,0.0001,0.00148,0.00056,2e-05,,,0.00447,,,,0.00014,0.00189,0.0,2e-19,,0.007,2e-116,,3e-24,0.04,2e-09,0.001,0.4,,,1e-43,,,,0.3,0.6,0.6,fxyd
fyb1,FYB1,Proteins,0.00304,0.94367,0.00078,0.02787,,0.00979,0.00038,0.0065,0.00108,0.00061,,,0.00422,,,,4e-05,0.00188,0.00015,1e-10,,0.4,3e-250,,1.9999999999999998e-97,4e-05,3.9999999999999997e-56,0.0001,1e-07,,,3e-43,,,,0.9,0.6,0.009,fyb1
fzd10,FZD10,Proteins,0.00081,0.99588,0.00018,0.00082,,1e-05,2e-05,0.00038,0.00047,0.00011,,,1e-05,,,,3e-05,0.00128,1e-05,0.0003,,0.009,0.02,,0.6,0.4,0.1,1e-05,0.03,,,0.5,,,,0.9,1.0,0.6,fzd1
fzd8,FZD8,Proteins,0.0026,0.99256,0.00088,0.00094,,0.00025,1e-05,0.00035,0.00101,0.0001,,,0.0,,,,0.00012,0.00103,0.00017,2e-16,,8e-08,0.006,,0.001,0.5,0.2,5e-09,0.05,,,0.9,,,,0.4,1.0,0.008,fzd8
gabarap,GABARAP,Proteins,0.00203,0.97775,0.00694,0.00104,,0.00138,8e-05,0.00022,0.00351,0.00023,,,0.0042,,,,6e-05,0.0013,0.00127,3e-07,,2e-67,0.001,,7e-15,0.06,0.5,7e-35,0.002,,,7.999999999999999e-42,,,,0.8,1.0,1e-13,gaba
gabarapl1,GABARAPL1,Proteins,0.00111,0.99478,0.00012,0.00046,,3e-05,0.00043,0.00025,5e-05,0.00145,,,0.0,,,,5e-05,0.0011,0.00016,0.003,,0.03,0.5,,0.3,2e-05,0.5,0.2,4e-15,,,0.9,,,,0.8,1.0,0.01,gaba1
gabra4,GABRA4,Proteins,0.00097,0.99505,0.00041,0.00057,,0.00015,6e-05,0.00037,0.00092,0.00013,,,7e-05,,,,0.0001,0.00117,2e-05,0.0003,,0.0002,0.2,,0.01,0.1,0.2,3e-09,0.02,,,0.08,,,,0.5,1.0,0.4,gabr
gad1,GAD1,Proteins,0.0005,0.99517,3e-05,0.00055,,0.00146,9e-05,0.00028,0.00019,8e-05,,,0.0,,,,6e-05,0.00151,8e-05,0.01,,0.5,0.3,,6e-15,0.06,0.4,0.008,0.07,,,0.9,,,,0.8,0.9,0.06,gad1
gad2,GAD2,Proteins,0.00057,0.99456,0.00017,0.00082,,0.00075,0.00014,0.00029,9e-05,0.00132,,,2e-05,,,,6e-05,0.00108,0.00011,0.008,,0.007,0.02,,2e-08,0.01,0.4,0.05,9e-14,,,0.4,,,,0.8,1.0,0.03,gad2
gadd45b,GADD45B,Proteins,0.00074,0.99647,0.00017,0.00046,,2e-05,2e-05,0.00038,0.00025,0.00029,,,8e-05,,,,0.00016,0.00092,4e-05,0.01,,0.01,0.5,,0.4,0.4,0.1,0.002,0.0005,,,0.07,,,,0.2,1.0,0.2,gadd
gadd45gip1,GADD45GIP1,Proteins,0.0023,0.97056,0.00062,0.00947,,0.00965,0.0,0.00147,0.00052,0.00042,,,0.00263,,,,0.00025,0.00207,4e-05,3e-10,,0.008,8e-74,,4e-92,0.8,2e-09,0.1,2e-05,,,1.9999999999999998e-26,,,,0.06,0.4,0.2,gadd1
gage2a,GAGE2A,Proteins,0.00073,0.9961,1e-05,0.00069,,7e-05,7e-05,0.00031,1e-05,0.00084,,,2e-05,,,,4e-05,0.00111,1e-05,0.0001,,1.0,0.09,,0.09,0.09,0.3,0.9,3e-09,,,0.3,,,,0.9,1.0,0.6,gage
gal,GAL,Proteins,0.00688,0.87493,0.01743,0.0015,,0.02452,0.0001,0.00058,0.06263,0.0072,,,0.00173,,,,5e-05,0.00151,0.00094,2e-46,,5e-153,5e-08,,5.0000000000000003e-259,0.03,0.003,0.0,3e-78,,,4e-20,,,,0.8,0.8,1e-11,gal
galnt10,GALNT10,Proteins,0.01279,0.92125,0.03096,0.00209,,0.0171,0.00029,0.00102,0.00789,0.00178,,,0.00188,,,,1e-05,0.00151,0.00145,1e-121,,4e-291,5e-12,,4.9999999999999993e-172,0.0003,2e-06,6.999999999999999e-64,1e-19,,,1e-20,,,,1.0,1.0,3e-16,galn
galnt2,GALNT2,Proteins,0.00669,0.93522,0.00238,0.00331,,0.00243,1e-05,0.00042,0.04663,0.00068,,,0.00063,,,,0.00015,0.00144,3e-05,9e-38,,4e-14,3e-22,,3.9999999999999996e-26,0.5,0.05,0.0,2e-08,,,7e-08,,,,0.2,1.0,0.3,galn1
galnt3,GALNT3,Proteins,0.00474,0.98667,0.0008,0.00129,,0.00228,0.00092,0.00035,0.00078,0.00093,,,1e-05,,,,0.0001,0.00088,0.00024,2e-18,,1e-07,4e-05,,8.000000000000001e-23,4e-10,0.2,1e-07,3e-10,,,0.6,,,,0.5,1.0,0.001,galn2
galnt5,GALNT5,Proteins,0.0388,0.92298,0.01884,0.0031,,0.00161,8e-05,0.0006,0.00826,0.00182,,,0.00098,,,,3e-05,0.00122,0.00168,0.0,,2e-181,8e-21,,4e-18,0.05,0.003,1.0000000000000001e-75,3e-20,,,1e-11,,,,0.9,1.0,9e-19,galn3
galnt7,GALNT7,Proteins,0.00235,0.977,0.0034,0.00115,,0.00047,0.00075,0.00031,0.01259,4e-05,,,0.00025,,,,0.00013,0.00132,0.00023,3e-11,,4e-21,0.0002,,6e-06,1e-08,0.3,1e-107,0.2,,,0.0009,,,,0.3,1.0,0.002,galn4
gamt,GAMT,Proteins,0.00056,0.99477,0.00041,0.00073,,0.00056,0.00011,0.00022,0.00098,2e-05,,,0.0,,,,4e-05,0.00159,0.0,0.03,,4e-05,0.06,,1e-06,0.04,0.6,2e-10,0.3,,,0.7,,,,0.9,0.9,0.7,gamt
gapdh,GAPDH,Proteins,0.0017,0.92657,0.00088,0.03627,,0.01489,0.00034,0.00697,0.00395,0.00129,,,0.00171,,,,0.00078,0.00465,0.0,2e-08,,0.7,9e-323,,2e-144,0.0001,2e-59,2e-31,4e-14,,,3e-18,,,,2e-06,5e-13,1.0,gapd
gart,GART,Proteins,0.00676,0.98099,0.00031,0.00131,,0.00048,7e-05,0.00032,0.00694,0.0016,,,1e-05,,,,6e-05,0.00113,2e-05,7.999999999999999e-56,,0.1,2e-05,,4e-06,0.08,0.2,2e-65,6e-17,,,0.6,,,,0.7,1.0,0.3,gart
gas2,GAS2,Proteins,0.00164,0.96911,0.00059,0.00094,,0.02245,0.00046,0.00018,0.00294,0.00013,,,5e-05,,,,6e-05,0.00142,4e-05,4e-11,,0.9,0.004,,2.0000000000000002e-212,8e-06,0.7,5e-24,0.02,,,0.1,,,,0.8,0.9,0.2,gas2
gas6,GAS6,Proteins,0.00632,0.93343,0.00122,0.00198,,0.00613,5e-05,0.0026,0.04583,0.00039,,,0.0004,,,,3e-05,0.0012,0.00042,3e-38,,1e-13,6e-11,,1e-62,0.1,3e-20,0.0,3e-05,,,2e-05,,,,0.9,1.0,1e-05,gas6
gask1a,GASK1A,Proteins,0.00745,0.94105,0.00351,0.00225,,0.04121,0.00056,0.00015,0.00149,3e-05,,,0.0005,,,,0.00017,0.00155,8e-05,3.9999999999999995e-42,,2e-21,2e-12,,0.0,6e-07,0.8,0.3,0.2,,,3e-06,,,,0.2,0.9,0.06,gask
gast,GAST,Proteins,0.01384,0.89128,0.0421,0.00566,,0.00292,0.00471,0.00038,0.01795,0.01112,,,0.00374,,,,0.00018,0.0013,0.0048,3e-99,,0.0,4e-46,,1.9999999999999998e-32,3e-51,0.08,2e-188,7.0000000000000006e-118,,,5e-41,,,,0.1,0.9,4e-52,gast
gata3,GATA3,Proteins,0.00067,0.99577,9e-05,0.00118,,0.0,0.0,0.00022,8e-05,0.00012,,,0.00043,,,,4e-05,0.00135,4e-05,0.02,,0.5,0.0003,,0.7,0.7,0.6,1.0,0.03,,,2e-05,,,,0.9,1.0,0.2,gata
gatd3,GATD3,Proteins,0.00307,0.96352,0.00142,0.01055,,0.01021,0.0002,0.0012,0.00253,0.00165,,,0.00319,,,,0.00026,0.00215,5e-05,2e-12,,7e-07,3.9999999999999997e-84,,5e-98,0.003,2e-07,1e-17,3e-17,,,6e-32,,,,0.05,0.2,0.1,gatd
gba,GBA,Proteins,0.00215,0.98722,0.00118,0.00157,,0.00341,3e-05,0.00113,0.00029,0.00148,,,1e-05,,,,0.00012,0.00138,5e-05,1e-15,,2e-12,6e-07,,3e-33,0.3,2e-06,0.0005,3e-15,,,0.6,,,,0.4,1.0,0.1,gba
gbp1,GBP1,Proteins,0.00289,0.93566,0.01076,0.0059,,0.02885,0.00264,0.00421,0.00662,0.00012,,,0.00014,,,,6e-05,0.00121,0.00093,2e-11,,1e-77,1.0000000000000001e-45,,4e-285,4.0000000000000003e-28,2e-35,2e-36,0.02,,,0.01,,,,0.7,1.0,7e-11,gbp1
gbp2,GBP2,Proteins,0.00125,0.9846,0.00217,0.00403,,0.00228,0.00015,0.00093,0.00248,6e-05,,,0.00055,,,,5e-05,0.00126,0.00018,2e-06,,6e-21,4.9999999999999996e-26,,8.000000000000001e-23,0.01,5e-05,7.000000000000001e-24,0.1,,,1e-06,,,,0.8,1.0,0.005,gbp2
gbp4,GBP4,Proteins,0.00491,0.98437,0.00018,0.0072,,0.00025,6e-05,0.00091,0.00038,2e-05,,,0.00039,,,,5e-05,0.00125,2e-05,1e-36,,0.04,1e-52,,0.001,0.1,6e-05,0.0003,0.4,,,4e-05,,,,0.8,1.0,0.4,gbp4
gbp6,GBP6,Proteins,0.00067,0.99624,0.00052,0.0007,,0.00013,9e-05,0.00022,4e-05,0.00014,,,1e-05,,,,5e-05,0.0012,0.0,0.002,,5e-06,0.08,,0.02,0.06,0.6,0.5,0.02,,,0.5,,,,0.8,1.0,1.0,gbp6
gc,GC,Proteins,0.00692,0.97582,0.00109,0.00104,,0.00138,0.0,0.00056,0.01033,9e-05,,,0.0,,,,0.00023,0.00235,0.00019,1e-55,,2e-06,0.0009,,6e-15,0.8,0.01,4e-95,0.05,,,0.7,,,,0.07,0.04,0.004,gc
gcc1,GCC1,Proteins,0.00249,0.94253,0.00123,0.03334,,0.00832,0.00015,0.00404,0.00169,0.00019,,,0.00351,,,,0.0001,0.00237,4e-05,3e-09,,0.1,8.000000000000001e-305,,3.9999999999999997e-84,0.008,2e-33,1e-06,0.003,,,1e-36,,,,0.5,0.02,0.2,gcc1
gcg,GCG,Proteins,0.00305,0.87737,0.0053,0.01382,,0.02142,0.03749,0.00323,0.01115,0.00059,,,0.02399,,,,0.00011,0.00212,0.00035,3e-14,,9.999999999999999e-55,3.0000000000000004e-125,,7.999999999999999e-221,0.0,3e-27,1e-114,1e-07,,,1e-246,,,,0.4,0.2,4e-05,gcg
gchfr,GCHFR,Proteins,0.00343,0.83448,0.02359,0.01615,,0.02766,0.00515,0.00332,0.04005,0.03773,,,0.00456,,,,0.00017,0.00184,0.00187,1.0000000000000001e-24,,1e-210,2e-153,,1.9999999999999999e-292,9.999999999999999e-57,4.0000000000000003e-29,0.0,0.0,,,1.9999999999999998e-50,,,,0.1,0.2,1e-21,gchf
gclm,GCLM,Proteins,0.00061,0.95413,0.00095,0.02846,,0.00146,5e-05,0.00472,0.00522,0.00097,,,0.0009,,,,0.00018,0.00233,4e-05,0.004,,4e-08,7e-247,,2e-15,0.2,6e-38,8.000000000000001e-49,8e-11,,,4e-10,,,,0.2,0.1,0.2,gclm
gcnt1,GCNT1,Proteins,0.01691,0.91237,0.03011,0.00244,,0.00992,4e-05,0.00099,0.01156,0.00073,,,0.01189,,,,6e-05,0.00132,0.00166,2e-147,,4e-300,4e-15,,5e-102,0.2,3e-06,2.9999999999999997e-116,5e-09,,,9e-122,,,,0.8,1.0,2e-18,gcnt
gdf15,GDF15,Proteins,0.01058,0.61023,0.25422,0.00431,,0.03835,0.00307,0.00041,0.00962,0.0385,,,0.01602,,,,6e-05,0.00192,0.01271,2e-111,,0.0,2e-52,,0.0,7e-49,0.003,7e-143,0.0,,,2e-244,,,,0.5,0.0005,6e-195,gdf1
gdf2,GDF2,Proteins,0.00153,0.83275,0.00663,0.00348,,0.03196,0.00014,0.00069,0.11076,0.00857,,,0.00144,,,,0.00013,0.00143,0.00049,1e-07,,4e-65,4e-27,,0.0,0.008,0.0002,0.0,1e-96,,,1e-17,,,,0.2,0.8,5e-07,gdf2
gdnf,GDNF,Proteins,0.00708,0.9096,0.01499,0.00069,,0.01501,0.00026,0.00066,0.04639,0.00053,,,0.00118,,,,0.00012,0.00098,0.00251,7e-58,,2e-149,0.05,,1e-150,0.0005,0.001,0.0,9e-07,,,2e-13,,,,0.4,1.0,7e-27,gdnf
get3,GET3,Proteins,0.00495,0.98271,0.0004,0.0056,,0.00301,2e-05,0.00093,0.00042,0.00026,,,6e-05,,,,0.00011,0.00153,0.0,2.0000000000000002e-39,,0.02,1e-40,,1.9999999999999998e-30,0.4,3e-05,0.01,0.0007,,,0.1,,,,0.4,0.9,0.7,get3
gfap,GFAP,Proteins,0.00376,0.79253,0.16173,0.00187,,0.00716,0.00057,0.00038,0.01752,0.00502,,,0.00099,,,,0.00012,0.00153,0.00681,2e-16,,0.0,3e-12,,2e-83,5e-08,0.04,2e-188,4e-59,,,5e-13,,,,0.3,0.8,2e-79,gfap
gfer,GFER,Proteins,0.00429,0.90366,0.00342,0.03736,,0.0267,6e-05,0.00481,0.01216,0.00301,,,0.00206,,,,4e-05,0.00239,3e-05,1e-27,,7e-13,0.0,,4e-266,0.1,2e-41,2e-100,4.999999999999999e-32,,,2e-22,,,,0.9,0.09,0.3,gfer
gfod2,GFOD2,Proteins,0.00093,0.99351,0.00159,0.00046,,2e-05,8e-05,0.00021,0.00019,0.00027,,,5e-05,,,,0.00023,0.00243,4e-05,9e-06,,3e-16,0.5,,0.4,0.06,0.6,0.005,0.0008,,,0.2,,,,0.08,0.2,0.2,gfod
gfra1,GFRA1,Proteins,0.02594,0.8078,0.06873,0.00618,,0.06375,0.00042,0.00203,0.01568,0.00222,,,0.00266,,,,0.00011,0.0016,0.0029,1e-258,,0.0,2e-57,,0.0,2e-06,4e-18,3.9999999999999996e-110,2e-27,,,9.999999999999999e-33,,,,0.3,0.7,2e-35,gfra
gfra2,GFRA2,Proteins,0.00419,0.97657,0.00647,0.00216,,0.00109,0.0,0.00164,0.00261,0.0021,,,2e-05,,,,0.00013,0.00157,0.00143,3e-35,,1.9999999999999998e-54,2e-11,,5e-12,0.7,6e-11,6e-18,1e-21,,,0.3,,,,0.3,1.0,3e-15,gfra1
gfra3,GFRA3,Proteins,0.00175,0.90379,0.03824,0.00205,,0.02041,0.00194,0.00057,0.02426,0.00504,,,0.00041,,,,6e-05,0.00137,0.0001,4e-07,,0.0,7e-12,,5e-207,2e-21,0.005,2e-238,6e-53,,,1e-05,,,,0.7,1.0,0.03,gfra2
gfral,GFRAL,Proteins,0.00474,0.89986,0.04332,0.0021,,0.02229,0.00034,0.00031,0.01061,0.01484,,,0.00016,,,,0.0001,0.00133,1e-05,3e-16,,0.0,4e-12,,9e-224,8e-05,0.2,9e-81,3e-150,,,0.006,,,,0.5,0.9,0.6,gfra3
gga1,GGA1,Proteins,0.00258,0.98613,0.00662,0.00104,,0.00016,0.00014,0.00023,0.00116,0.00038,,,0.00015,,,,0.0001,0.00099,0.00033,3e-20,,1e-62,0.002,,0.009,0.02,0.5,4e-12,6e-05,,,0.01,,,,0.5,1.0,0.0002,gga1
ggact,GGACT,Proteins,0.00345,0.95814,0.00102,0.02246,,0.0029,2e-05,0.00314,0.00172,0.00034,,,0.00459,,,,8e-05,0.00212,0.0,3e-22,,0.02,2e-198,,3.9999999999999996e-30,0.4,1.0000000000000001e-24,1e-09,0.0001,,,1e-46,,,,0.6,0.2,0.9,ggac
ggct,GGCT,Proteins,0.00204,0.94755,0.00206,0.03058,,0.00312,2e-05,0.00435,0.00226,0.00016,,,0.0055,,,,0.0002,0.00213,4e-05,2e-07,,7e-14,6e-277,,1.9999999999999998e-32,0.3,4e-36,7e-16,0.007,,,6e-56,,,,0.1,0.2,0.2,ggct
ggh,GGH,Proteins,0.02911,0.85499,0.00291,0.00367,,0.09517,0.0022,0.001,0.00213,0.00706,,,5e-05,,,,4e-05,0.00148,0.00019,3e-264,,4e-27,2e-27,,0.0,3.9999999999999997e-25,1e-06,9e-19,1e-76,,,0.1,,,,0.9,0.8,0.002,ggh
ggt1,GGT1,Proteins,0.00783,0.76248,0.01168,0.00231,,0.08667,0.00296,0.00185,0.11015,0.01197,,,0.0,,,,0.00017,0.00162,0.0003,7e-70,,3.9999999999999995e-91,6e-18,,0.0,1e-37,4e-17,0.0,3e-146,,,0.7,,,,0.09,0.4,5e-05,ggt1
ggt5,GGT5,Proteins,0.03032,0.94091,0.01933,0.00204,,9e-05,5e-05,0.00039,0.0026,6e-05,,,0.0011,,,,5e-05,0.0009,0.00217,5e-283,,5e-168,4e-11,,0.05,0.2,0.1,4e-05,0.1,,,2e-12,,,,0.8,1.0,5e-23,ggt5
gh1,GH1,Proteins,0.00484,0.82584,0.00808,0.00376,,0.04247,0.00083,0.00132,0.10629,0.00326,,,0.00092,,,,0.0001,0.00215,0.00014,4e-17,,4.9999999999999996e-26,3e-30,,0.0,7e-11,3e-10,0.0,3e-38,,,6e-12,,,,0.4,0.04,0.008,gh1
gh2,GH2,Proteins,0.00092,0.98378,0.00339,0.00053,,1e-05,0.00012,0.00047,0.00712,0.00106,,,1e-05,,,,5e-05,0.00239,0.00017,0.003,,3e-32,0.3,,0.6,0.03,0.05,1.0000000000000001e-66,2e-11,,,0.5,,,,0.8,0.2,0.007,gh2
ghr,GHR,Proteins,0.0062,0.81495,0.00685,0.00263,,0.15545,0.00024,0.00038,0.00906,0.00142,,,0.00019,,,,3e-05,0.00171,0.00088,9e-19,,9e-35,4e-19,,0.0,0.0004,0.05,2e-59,1e-17,,,0.002,,,,0.9,0.2,2e-11,ghr
ghrhr,GHRHR,Proteins,0.00063,0.99638,0.00016,0.00058,,0.00011,2e-05,0.00016,0.0001,0.0,,,0.00023,,,,0.00023,0.00132,9e-05,0.0003,,0.01,0.2,,0.03,0.4,0.8,0.06,0.8,,,0.002,,,,0.09,1.0,0.05,ghrh
ghrl,GHRL,Proteins,0.04474,0.81337,0.0016,0.00631,,0.05713,0.00022,0.00102,0.06701,0.00399,,,0.00285,,,,0.00015,0.00151,0.00011,0.0,,5e-13,1e-57,,0.0,0.0007,2e-07,0.0,2.9999999999999997e-47,,,3e-34,,,,0.2,0.7,0.02,ghrl
gid8,GID8,Proteins,0.00082,0.99604,0.00022,0.00145,,4e-05,1e-05,0.00018,1e-05,4e-05,,,4e-05,,,,0.00011,0.00102,3e-05,0.02,,0.002,3e-06,,0.2,0.6,0.8,1.0,0.2,,,0.2,,,,0.4,1.0,0.2,gid8
gigyf2,GIGYF2,Proteins,0.00157,0.93488,0.0022,0.03921,,0.01055,0.0001,0.00781,0.00106,0.00025,,,0.00021,,,,4e-05,0.00188,0.00023,6e-05,,5e-15,0.0,,6.000000000000001e-107,0.03,5.999999999999999e-70,0.002,0.0006,,,0.002,,,,0.8,0.3,0.001,gigy
gimap7,GIMAP7,Proteins,0.00593,0.94594,0.01896,0.00968,,0.00022,4e-05,0.00093,0.01489,7e-05,,,0.00137,,,,7e-05,0.00144,0.00046,5e-27,,3.0000000000000004e-168,4e-78,,0.002,0.2,2e-05,1e-129,0.08,,,7e-15,,,,0.7,0.9,6e-06,gima
gimap8,GIMAP8,Proteins,0.00072,0.9592,0.00412,0.00725,,0.01635,0.00012,0.0022,0.00635,0.00152,,,0.00027,,,,4e-05,0.00128,0.00057,5e-05,,2e-35,1.9999999999999998e-54,,1e-154,0.02,2e-15,1.9999999999999999e-56,5e-16,,,0.0006,,,,0.9,1.0,7e-07,gima1
gip,GIP,Proteins,0.00435,0.80859,0.09348,0.00995,,6e-05,0.05298,0.00022,0.00077,0.00151,,,0.02458,,,,0.00016,0.00195,0.00141,7.999999999999999e-32,,0.0,7e-96,,0.08,0.0,0.4,0.08,9e-19,,,1.0000000000000001e-274,,,,0.2,0.1,1e-17,gip
gipc2,GIPC2,Proteins,0.00757,0.87232,0.06722,0.0115,,0.01745,0.00129,0.00214,0.01169,0.003,,,0.00107,,,,1e-05,0.00134,0.0034,3e-56,,0.0,2e-106,,5.000000000000001e-187,1e-15,2e-17,5.0000000000000003e-107,6e-34,,,4e-13,,,,1.0,0.9,3e-38,gipc
gipc3,GIPC3,Proteins,0.00152,0.95913,0.00121,0.02726,,0.00085,6e-05,0.00331,0.00072,0.00016,,,0.00367,,,,4e-05,0.00194,0.00013,1e-06,,1e-06,3e-242,,7e-10,0.1,4.9999999999999996e-26,0.2,0.007,,,2e-37,,,,0.9,0.2,0.02,gipc1
gipr,GIPR,Proteins,0.00092,0.99628,0.00016,0.00042,,1e-05,0.0,0.00021,0.00086,0.00016,,,4e-05,,,,6e-05,0.00073,0.00015,7e-05,,0.01,0.6,,0.4,0.7,0.6,2e-09,0.01,,,0.2,,,,0.8,1.0,0.01,gipr
git1,GIT1,Proteins,0.00139,0.91673,0.00097,0.05873,,0.0038,0.00015,0.01304,0.00087,2e-05,,,0.00149,,,,4e-05,0.00266,0.0001,1e-05,,0.03,0.0,,2.0000000000000002e-39,0.008,3e-119,0.6,0.4,,,2e-16,,,,0.9,0.002,0.03,git1
gja8,GJA8,Proteins,0.00116,0.99622,9e-05,0.0004,,7e-05,4e-05,0.00031,8e-05,0.00046,,,1e-05,,,,0.00013,0.00103,1e-05,2e-05,,0.06,0.7,,0.09,0.2,0.3,0.09,1e-05,,,0.5,,,,0.4,1.0,0.6,gja8
gkn1,GKN1,Proteins,0.00541,0.96461,0.01344,0.0009,,0.00212,0.0,0.00018,0.00404,0.00648,,,0.00109,,,,2e-05,0.00129,0.00042,1e-46,,1.0000000000000001e-124,0.007,,1e-21,0.8,0.7,5.0000000000000005e-37,2e-62,,,7e-12,,,,1.0,1.0,2e-05,gkn1
gla,GLA,Proteins,0.00403,0.8421,0.0059,0.00588,,0.08231,0.00134,0.00238,0.03772,0.01001,,,0.0063,,,,4e-05,0.00182,0.00018,5e-17,,9e-41,3.9999999999999996e-50,,0.0,3e-16,4e-20,0.0,9e-110,,,7e-70,,,,0.9,0.2,0.003,gla
glb1,GLB1,Proteins,0.00441,0.89142,0.00572,0.00404,,0.02046,0.0001,0.00271,0.05021,0.00743,,,0.0117,,,,0.00022,0.00134,0.00024,5e-18,,1.0000000000000001e-49,5e-30,,4e-211,0.03,3e-22,0.0,2e-78,,,3e-122,,,,0.07,1.0,0.0007,glb1
gli2,GLI2,Proteins,0.0012,0.99129,0.00075,0.00057,,0.00204,5e-05,0.0003,1e-05,0.00237,,,0.00011,,,,8e-05,0.00123,0.0,8e-06,,2e-08,0.2,,2e-20,0.1,0.3,0.8,2.0000000000000002e-23,,,0.04,,,,0.6,1.0,0.8,gli2
glo1,GLO1,Proteins,0.00312,0.91515,0.00109,0.04405,,0.00642,0.00111,0.00299,0.01009,0.01109,,,0.00226,,,,0.0002,0.0024,4e-05,7e-15,,1e-11,0.0,,2e-65,1e-12,8.000000000000001e-24,8e-101,2e-111,,,3e-24,,,,0.1,0.05,0.2,glo1
glod4,GLOD4,Proteins,0.00216,0.92868,0.00131,0.04106,,0.00573,0.00012,0.00481,0.00702,0.00069,,,0.00671,,,,0.00018,0.00154,0.0,6e-08,,0.02,0.0,,1e-58,0.02,8e-41,1e-59,2e-08,,,2e-68,,,,0.2,0.9,0.8,glod
glp1r,GLP1R,Proteins,0.00109,0.99358,0.00075,0.00043,,0.00154,1e-05,0.00019,0.00094,5e-05,,,0.0,,,,0.00024,0.00116,3e-05,1e-05,,6e-06,0.6,,9e-16,0.6,0.7,9e-08,0.1,,,1.0,,,,0.08,1.0,0.3,glp1
glrx,GLRX,Proteins,0.00199,0.91458,0.00066,0.05374,,0.00728,0.0005,0.00616,0.01003,0.00229,,,0.00047,,,,0.00018,0.00203,8e-05,9e-09,,0.09,0.0,,8.000000000000001e-75,2e-06,1.9999999999999998e-54,2.9999999999999997e-96,7.999999999999999e-25,,,3e-06,,,,0.1,0.3,0.05,glrx
glrx5,GLRX5,Proteins,0.00368,0.96659,0.00062,0.01562,,0.00412,0.00011,0.00246,0.00077,0.0008,,,0.00352,,,,0.00011,0.00158,2e-05,2e-14,,0.5,9e-130,,9e-41,0.03,8e-18,0.008,4e-09,,,4e-35,,,,0.4,0.8,0.4,glrx1
glt8d2,GLT8D2,Proteins,0.0012,0.99553,0.00017,0.00088,,9e-05,0.00015,0.00019,0.00063,0.0,,,6e-05,,,,7e-05,0.00097,5e-05,6e-10,,0.06,0.01,,0.05,0.01,0.7,2e-06,0.7,,,0.1,,,,0.7,1.0,0.1,glt8
glyr1,GLYR1,Proteins,0.00087,0.96791,0.00141,0.01468,,0.00851,0.0001,0.00222,0.00112,3e-05,,,0.00173,,,,5e-05,0.00137,0.0,0.002,,3e-14,8.000000000000001e-124,,2e-83,0.03,4e-16,2e-11,0.3,,,2e-18,,,,0.8,0.9,0.6,glyr
gm2a,GM2A,Proteins,0.03309,0.83529,0.05776,0.00409,,0.05785,0.00055,0.00068,0.00126,0.00222,,,0.00018,,,,7e-05,0.00183,0.00512,1e-280,,0.0,9.999999999999999e-33,,0.0,1e-07,0.0003,9e-15,3.9999999999999996e-26,,,0.003,,,,0.6,0.3,1e-57,gm2a
gmfg,GMFG,Proteins,0.00376,0.95508,0.00085,0.02431,,0.00332,0.00015,0.003,0.00096,6e-05,,,0.00538,,,,0.00011,0.00294,7e-05,1.0000000000000001e-23,,0.001,2e-216,,2.0000000000000003e-34,0.01,2.0000000000000002e-23,9e-05,0.09,,,1.9999999999999998e-54,,,,0.4,0.0007,0.08,gmfg
gmpr,GMPR,Proteins,0.00219,0.91528,0.00344,0.03415,,0.00075,3e-05,0.00366,0.03598,0.00177,,,0.00085,,,,0.00022,0.00165,1e-05,6e-05,,8e-14,3e-323,,3e-09,0.2,4e-31,0.0,6e-20,,,2e-10,,,,0.06,0.7,0.5,gmpr
gmpr2,GMPR2,Proteins,0.00239,0.93452,0.00155,0.03857,,0.00554,0.0,0.00496,0.00518,0.00043,,,0.00435,,,,0.00021,0.00222,9e-05,3e-08,,2e-05,0.0,,6e-56,0.8,2e-41,4e-41,1e-05,,,2.9999999999999997e-44,,,,0.1,0.07,0.04,gmpr1
gnas,GNAS,Proteins,0.00306,0.95663,0.01635,0.0111,,0.00174,1e-05,0.00203,0.00478,0.00153,,,0.00098,,,,0.00022,0.0014,0.00015,4e-11,,3e-160,2e-92,,9e-19,0.5,1e-14,2e-48,1e-16,,,3e-11,,,,0.08,0.9,0.01,gnas
gne,GNE,Proteins,0.00298,0.95084,0.00034,0.03033,,0.00569,7e-05,0.00308,0.0011,0.00026,,,0.00255,,,,0.00021,0.00254,2e-05,3e-14,,0.004,2e-265,,5e-56,0.08,2.0000000000000002e-23,1e-10,0.0008,,,3.9999999999999996e-26,,,,0.1,0.08,0.3,gne
gngt1,GNGT1,Proteins,0.00132,0.9918,0.00073,0.00049,,0.00263,0.0,0.00035,0.00018,0.00085,,,7e-05,,,,0.00026,0.00123,7e-05,1e-06,,1e-07,0.4,,6e-26,0.9,0.2,0.02,2e-09,,,0.08,,,,0.05,1.0,0.08,gngt
gnly,GNLY,Proteins,0.0068,0.94748,0.01917,0.00221,,0.01181,0.00124,0.00052,0.00813,3e-05,,,0.00059,,,,0.00012,0.00152,0.00037,4e-43,,2e-185,1e-12,,6e-117,8e-14,0.02,7e-79,0.2,,,2e-07,,,,0.4,0.9,5e-05,gnly
gnpda1,GNPDA1,Proteins,0.00233,0.96418,0.00695,0.01588,,1e-05,0.00038,0.00224,0.00619,0.0001,,,6e-05,,,,2e-05,0.00134,0.00032,1e-10,,9e-60,4e-132,,0.5,5e-05,7e-16,1e-52,0.04,,,0.1,,,,1.0,1.0,0.0002,gnpd
gnpda2,GNPDA2,Proteins,0.00376,0.96342,0.00303,0.0177,,0.00031,0.00033,0.00178,0.00316,0.00429,,,0.00037,,,,0.0001,0.00158,0.00018,6e-22,,0.09,4e-149,,0.0002,0.0001,5e-12,0.003,1.9999999999999998e-42,,,6e-05,,,,0.5,0.8,0.005,gnpd1
golga3,GOLGA3,Proteins,0.00158,0.94476,0.00061,0.02972,,0.00877,0.00011,0.00973,0.00054,0.0004,,,0.00121,,,,0.00022,0.00233,1e-05,8e-08,,0.0007,4e-270,,2.0000000000000001e-88,0.02,1e-87,0.004,2e-05,,,1e-13,,,,0.08,0.03,0.4,golg
golm2,GOLM2,Proteins,0.00689,0.88323,0.00304,0.00178,,0.08883,0.0011,0.00099,0.01131,3e-05,,,4e-05,,,,2e-05,0.00138,0.00137,1.9999999999999998e-32,,6e-25,3e-10,,0.0,3e-13,1e-06,4.0000000000000003e-112,0.3,,,0.2,,,,1.0,1.0,3e-16,golm
gopc,GOPC,Proteins,0.00185,0.94625,0.00076,0.03529,,0.00383,0.00016,0.00477,0.00092,0.00016,,,0.00376,,,,0.00013,0.00207,4e-05,4e-07,,0.003,7e-319,,3e-39,0.007,8e-40,6e-05,0.007,,,1e-38,,,,0.3,0.2,0.2,gopc
gorasp2,GORASP2,Proteins,0.00483,0.96403,0.00112,0.01365,,0.00664,0.00052,0.00147,0.00276,0.0001,,,0.00272,,,,7e-05,0.00207,1e-05,8e-31,,0.3,7.9999999999999995e-115,,6e-66,1e-06,9e-10,7e-18,0.03,,,4.0000000000000003e-28,,,,0.7,0.1,0.5,gora
got1,GOT1,Proteins,0.00088,0.91973,0.00855,0.01147,,0.00503,0.00117,0.00224,0.04901,0.00049,,,0.00011,,,,2e-05,0.00107,0.00024,0.0009,,8.000000000000001e-45,3e-100,,6e-53,1e-13,2e-17,0.0,2e-06,,,0.02,,,,1.0,1.0,0.0008,got1
gp1ba,GP1BA,Proteins,0.00776,0.96551,0.00391,0.00785,,0.00055,4e-05,0.00185,0.00268,0.00052,,,0.00784,,,,8e-05,0.00135,8e-05,2e-37,,8e-17,2.0000000000000002e-60,,9e-07,0.2,1e-12,8e-05,2e-06,,,2.9999999999999996e-76,,,,0.7,1.0,0.07,gp1b
gp1bb,GP1BB,Proteins,0.00244,0.96888,0.00211,0.01082,,0.00231,0.00024,0.00349,0.00183,0.00046,,,0.00547,,,,0.0003,0.00164,1e-05,4e-12,,2e-14,2e-85,,2.0000000000000002e-23,0.001,1.9999999999999998e-26,1e-11,8e-06,,,6e-53,,,,0.03,0.9,0.5,gp1b1
gp2,GP2,Proteins,0.00347,0.90594,0.01204,0.00183,,0.02112,0.0001,0.0008,0.05303,2e-05,,,0.0,,,,5e-05,0.00148,0.00011,4e-11,,5e-111,1e-09,,3e-208,0.03,0.0001,0.0,0.3,,,1.0,,,,0.8,0.9,0.02,gp2
gp5,GP5,Proteins,0.00628,0.96256,0.00093,0.01225,,0.00139,0.00046,0.00234,0.00073,5e-05,,,0.01019,,,,0.00017,0.0024,0.00024,8e-41,,0.003,9e-100,,7e-15,7e-06,8e-17,0.5,0.1,,,3e-98,,,,0.2,0.03,0.001,gp5
gp6,GP6,Proteins,0.00204,0.96412,0.00059,0.0169,,0.0014,0.00014,0.00243,0.00073,0.00019,,,0.0093,,,,0.00013,0.00195,7e-05,6e-07,,0.0009,6e-144,,4e-15,0.01,7e-18,3e-05,0.004,,,5.999999999999999e-91,,,,0.3,0.5,0.08,gp6
gpa33,GPA33,Proteins,0.00336,0.96211,0.00123,0.00115,,0.00049,0.00014,0.00034,0.02807,0.00037,,,0.0,,,,4e-05,0.00262,8e-05,8e-15,,0.1,0.0002,,3e-06,0.01,0.2,6e-257,6e-05,,,1.0,,,,0.9,0.05,0.06,gpa3
gpc1,GPC1,Proteins,0.00313,0.93884,0.00426,0.00216,,0.00034,0.00013,0.0006,0.04636,0.00268,,,0.0,,,,0.00011,0.00139,2e-05,1e-07,,2e-22,2e-12,,8e-05,0.02,0.004,0.0,2.0000000000000002e-28,,,0.7,,,,0.4,1.0,0.3,gpc1
gpc5,GPC5,Proteins,0.01929,0.95761,0.00383,0.00241,,0.00013,0.00088,0.00014,0.00839,0.00281,,,0.00234,,,,5e-05,0.00124,0.00088,1.0000000000000001e-163,,4e-12,8e-14,,0.02,5e-10,0.9,3.9999999999999997e-56,7.000000000000001e-29,,,3e-24,,,,0.9,1.0,5e-10,gpc5
gpd1,GPD1,Proteins,0.00569,0.79166,0.0076,0.00636,,0.1729,0.00077,0.00098,0.00687,0.00564,,,1e-05,,,,2e-05,0.00139,0.00012,3e-37,,4e-27,1.0000000000000001e-60,,0.0,1e-10,2e-07,1e-18,4e-68,,,0.4,,,,0.9,0.6,0.01,gpd1
gpha2,GPHA2,Proteins,0.02112,0.92284,0.01875,0.00114,,0.01699,0.00019,0.00039,0.01616,0.00071,,,0.00017,,,,0.00013,0.00101,0.00042,1.0000000000000001e-187,,5e-183,8e-05,,4.9999999999999993e-172,0.003,0.08,2e-157,1e-08,,,0.005,,,,0.3,1.0,1e-05,gpha
gpi,GPI,Proteins,0.00303,0.94841,0.00139,0.02478,,0.01321,4e-05,0.00363,0.00179,1e-05,,,0.00204,,,,4e-05,0.00163,0.0,9e-10,,0.02,2.9999999999999997e-222,,3.0000000000000005e-131,0.2,2.0000000000000002e-29,1e-06,0.5,,,7e-22,,,,0.9,0.7,0.8,gpi
gpihbp1,GPIHBP1,Proteins,0.00296,0.98573,0.00338,0.00061,,0.00255,1e-05,0.00044,0.00098,0.00158,,,0.00031,,,,6e-05,0.0012,0.00019,6e-12,,2.0000000000000002e-29,0.2,,7e-26,0.4,0.06,2e-06,1e-16,,,0.0002,,,,0.7,1.0,0.004,gpih
gpkow,GPKOW,Proteins,0.00238,0.9339,0.00433,0.01018,,0.03618,0.00045,0.00194,0.00561,0.00264,,,0.0,,,,8e-05,0.00125,0.00104,3e-14,,2e-35,2e-83,,0.0,7e-06,8e-14,7e-48,2e-27,,,0.7,,,,0.6,1.0,9e-12,gpko
gpnmb,GPNMB,Proteins,0.00616,0.95483,0.02598,0.00239,,0.00344,0.0,0.0008,0.00276,0.00095,,,0.00015,,,,9e-05,0.00107,0.00139,8.000000000000001e-24,,2e-229,3e-13,,4.0000000000000006e-34,0.7,0.0003,2e-13,1e-10,,,0.01,,,,0.5,1.0,1e-14,gpnm
gpr101,GPR101,Proteins,0.00085,0.99422,0.00112,0.00049,,0.00029,2e-05,0.00019,0.00145,0.0,,,0.00019,,,,7e-05,0.00106,5e-05,0.03,,2e-11,0.4,,0.0005,0.4,0.7,2e-14,1.0,,,0.004,,,,0.7,1.0,0.1,gpr1
gpr158,GPR158,Proteins,0.01171,0.91605,0.00786,0.01008,,0.03162,0.00037,0.00088,0.01804,0.00174,,,0.0,,,,0.00013,0.00122,0.0003,1e-102,,7e-72,4e-87,,4e-319,3e-05,2e-05,1.9999999999999998e-174,2e-19,,,0.8,,,,0.3,1.0,0.0002,gpr11
gpr15l,GPR15L,Proteins,0.02438,0.85428,0.02177,0.00292,,0.01079,0.00314,0.00398,0.06319,0.00624,,,0.00664,,,,3e-05,0.00113,0.0015,2e-239,,1e-234,3e-21,,6e-119,5e-36,1e-36,0.0,8e-70,,,4e-74,,,,0.9,1.0,4e-18,gpr12
gpr37,GPR37,Proteins,0.00538,0.89729,0.01099,0.00487,,0.03453,0.00097,0.00172,0.0316,0.00474,,,0.00458,,,,9e-05,0.00162,0.00161,4.0000000000000003e-29,,3.0000000000000003e-107,7e-37,,0.0,2e-11,1e-12,3e-311,7.999999999999999e-50,,,4e-48,,,,0.6,0.8,5e-18,gpr3
gprc5c,GPRC5C,Proteins,0.00434,0.97217,0.00134,0.0021,,0.0163,0.0,0.00039,0.00163,0.00036,,,0.0003,,,,0.00011,0.00075,0.00021,2e-17,,0.02,3e-11,,5e-157,0.7,0.1,2e-05,7e-05,,,0.0003,,,,0.5,1.0,0.002,gprc
grap2,GRAP2,Proteins,0.00194,0.95365,0.00076,0.03006,,0.00357,0.00017,0.0025,0.00082,0.00013,,,0.00409,,,,0.00011,0.00209,0.0001,2e-07,,0.6,2e-267,,2e-36,0.006,1e-18,0.09,0.02,,,2e-41,,,,0.4,0.3,0.03,grap
grhpr,GRHPR,Proteins,0.00679,0.93323,0.00406,0.02623,,0.00968,0.0001,0.00374,0.00615,0.00105,,,0.00657,,,,0.0001,0.00205,0.00024,8e-36,,2.0000000000000002e-24,3e-240,,2e-98,0.03,4e-31,2.0000000000000003e-45,4e-12,,,2e-67,,,,0.4,0.2,0.0009,grhp
grik2,GRIK2,Proteins,0.0011,0.98931,0.00161,0.001,,1e-05,1e-05,0.00049,0.00302,0.00212,,,3e-05,,,,0.00024,0.00101,3e-05,0.0002,,6e-17,0.002,,0.5,0.4,0.03,1.9999999999999998e-30,9e-22,,,0.3,,,,0.06,1.0,0.2,grik
grin2b,GRIN2B,Proteins,0.0012,0.99469,0.00099,0.00074,,5e-05,5e-05,0.00014,0.00026,0.00084,,,0.0,,,,4e-05,0.001,0.0,9e-05,,2e-10,0.06,,0.1,0.1,0.9,0.002,3e-09,,,1.0,,,,0.9,1.0,0.9,grin
grk5,GRK5,Proteins,0.00177,0.97918,0.00067,0.01238,,0.00117,0.00061,0.00142,0.00059,0.0,,,0.00052,,,,0.00019,0.00147,2e-05,1e-10,,0.001,1e-98,,2e-12,3e-07,7e-09,0.007,0.8,,,2e-06,,,,0.1,1.0,0.4,grk5
grn,GRN,Proteins,0.00317,0.94171,0.01276,0.00184,,0.02318,0.00065,0.00056,0.01093,0.00096,,,0.00074,,,,0.00016,0.00156,0.00179,2e-13,,2e-111,1e-09,,2.0000000000000002e-226,7e-08,0.009,1e-93,5e-11,,,7e-09,,,,0.2,0.9,3e-19,grn
grp,GRP,Proteins,0.00286,0.94133,0.0208,0.00244,,0.00042,0.00197,0.00166,0.00171,0.001,,,0.02381,,,,8e-05,0.00163,0.00028,9e-14,,3e-186,4e-14,,1e-05,8e-21,2e-11,0.01,3e-11,,,2e-229,,,,0.6,0.8,0.0004,grp
grpel1,GRPEL1,Proteins,0.00353,0.93747,0.00871,0.00403,,0.02966,0.00042,0.00205,0.00781,0.00172,,,0.00235,,,,3e-05,0.0014,0.00082,3e-13,,9.999999999999999e-64,3e-28,,6e-290,1e-05,5e-15,9.999999999999999e-55,1e-18,,,6e-25,,,,0.9,1.0,1e-09,grpe
grsf1,GRSF1,Proteins,0.00246,0.97854,0.00066,0.00892,,0.0021,0.00024,0.00158,0.00142,0.00058,,,0.00138,,,,0.00017,0.00192,4e-05,3e-12,,8e-06,3e-67,,5e-21,0.002,5e-10,6e-13,8e-07,,,2e-14,,,,0.2,0.4,0.2,grsf
gsap,GSAP,Proteins,0.00089,0.98532,0.00194,0.00807,,9e-05,0.00024,0.00112,5e-05,0.00015,,,1e-05,,,,0.00011,0.00201,0.0,0.003,,4e-19,5e-60,,0.05,0.001,2e-06,0.9,0.01,,,0.6,,,,0.5,0.7,0.9,gsap
gsn,GSN,Proteins,0.00906,0.94816,0.00851,0.00297,,0.00242,5e-05,0.00137,0.01257,0.01054,,,0.0031,,,,7e-05,0.00114,4e-05,4e-48,,2e-27,8e-19,,1.9999999999999998e-25,0.1,4e-09,3e-67,6e-105,,,3e-32,,,,0.7,1.0,0.2,gsn
gsr,GSR,Proteins,0.00357,0.90437,0.02275,0.01994,,0.02974,0.00058,0.00209,0.00991,0.00286,,,0.00031,,,,0.00012,0.00188,0.00188,1e-19,,8e-148,9.999999999999999e-185,,1e-302,2e-07,3e-16,1e-16,4e-31,,,0.0001,,,,0.3,0.2,5e-21,gsr
gsta1,GSTA1,Proteins,0.00484,0.8017,0.01067,0.00187,,0.14825,0.00246,0.0015,0.02563,0.0011,,,0.0001,,,,8e-05,0.00177,3e-05,4.0000000000000004e-24,,1e-62,2e-12,,0.0,3e-30,2e-12,2e-232,2e-14,,,0.02,,,,0.5,0.3,0.2,gsta
gsta3,GSTA3,Proteins,0.00364,0.84659,0.00583,0.00162,,0.12337,0.0013,0.0011,0.01441,0.00034,,,1e-05,,,,2e-05,0.00175,2e-05,1e-18,,1e-31,5e-09,,0.0,1e-15,1e-07,5e-123,4e-05,,,0.4,,,,1.0,0.6,0.3,gsta1
gstm4,GSTM4,Proteins,0.00404,0.99203,6e-05,0.00132,,0.00019,0.00017,0.00015,0.00016,8e-05,,,0.00018,,,,2e-05,0.00157,4e-05,7e-32,,0.2,4e-05,,0.005,0.008,0.9,0.02,0.07,,,0.005,,,,1.0,0.9,0.2,gstm
gstp1,GSTP1,Proteins,0.00103,0.9896,0.00032,0.00411,,0.0006,8e-05,0.00137,2e-05,0.00028,,,0.00078,,,,8e-05,0.00168,4e-05,9e-05,,0.0003,3e-26,,5e-07,0.07,3e-08,0.5,0.0005,,,1e-08,,,,0.6,0.9,0.2,gstp
gstt2b,GSTT2B,Proteins,0.00679,0.97978,0.00017,0.00604,,8e-05,4e-05,0.00053,0.00033,0.00045,,,0.00082,,,,0.00025,0.00468,4e-05,6e-41,,0.8,2e-44,,0.06,0.2,0.02,0.008,9e-06,,,2e-09,,,,0.05,1e-12,0.2,gstt
gtf2ird1,GTF2IRD1,Proteins,0.00065,0.99553,0.00095,0.00047,,0.0,9e-05,0.00017,0.00101,0.0,,,1e-05,,,,5e-05,0.00105,0.0,0.007,,3e-10,0.5,,0.9,0.05,0.8,8e-11,0.7,,,0.5,,,,0.8,1.0,0.7,gtf2
gtpbp2,GTPBP2,Proteins,0.00238,0.94659,0.00152,0.03378,,0.00131,0.00015,0.00511,0.00113,0.00018,,,0.00449,,,,0.00015,0.00295,0.00027,3e-12,,3e-08,2e-299,,3e-14,0.01,2.9999999999999996e-42,0.0002,0.004,,,5.0000000000000004e-45,,,,0.3,0.0004,0.0005,gtpb
guca2a,GUCA2A,Proteins,0.00759,0.90085,0.05453,0.00188,,0.01377,0.00205,0.00028,0.00305,0.00033,,,0.01148,,,,0.00011,0.00158,0.0025,2e-21,,0.0,1e-10,,5.9999999999999995e-142,1e-22,0.3,7e-21,7e-05,,,8e-119,,,,0.4,0.9,2e-27,guca
gucy2c,GUCY2C,Proteins,0.00198,0.99222,0.00283,0.00036,,9e-05,0.00017,8e-05,0.00089,4e-05,,,0.0,,,,7e-05,0.00119,8e-05,3e-14,,1e-27,0.8,,0.05,0.006,1.0,1e-09,0.2,,,0.7,,,,0.7,1.0,0.07,gucy
guk1,GUK1,Proteins,0.00053,0.99544,0.00059,0.00083,,0.00034,0.0,0.00035,4e-05,4e-05,,,0.0,,,,9e-05,0.00156,0.00019,0.004,,9e-07,0.02,,0.0002,0.9,0.2,0.3,0.2,,,0.7,,,,0.6,0.9,0.005,guk1
gusb,GUSB,Proteins,0.00714,0.76221,0.00225,0.00218,,0.135,0.00069,0.00246,0.07945,0.00627,,,2e-05,,,,0.00012,0.00199,0.00021,2e-35,,1e-08,1e-16,,0.0,5e-10,4.0000000000000004e-24,0.0,3e-78,,,0.4,,,,0.2,0.03,0.0005,gusb
gys1,GYS1,Proteins,0.00162,0.95035,0.00076,0.03302,,0.00305,0.00011,0.00305,0.00111,0.00044,,,0.00482,,,,5e-05,0.00162,0.0,1e-08,,0.002,9.999999999999999e-291,,6.0000000000000005e-31,0.03,3e-23,6e-07,1e-05,,,6e-48,,,,0.8,0.9,0.7,gys1
gzma,GZMA,Proteins,0.00357,0.9168,0.01047,0.00441,,0.0412,1e-05,0.00136,0.0143,0.00231,,,0.00382,,,,8e-05,0.00152,0.00014,2e-16,,5e-90,5e-33,,0.0,0.5,2e-09,9.999999999999999e-129,1.9999999999999998e-25,,,6e-41,,,,0.6,0.8,0.01,gzma
gzmb,GZMB,Proteins,0.00413,0.90732,0.00384,0.02267,,0.00196,0.0002,0.00244,0.04333,0.0,,,0.01247,,,,0.0001,0.0015,3e-05,4e-20,,4e-31,5e-210,,9e-22,0.002,2e-19,0.0,0.7,,,1.9999999999999999e-128,,,,0.4,0.9,0.2,gzmb
gzmh,GZMH,Proteins,0.01787,0.89112,0.02558,0.02134,,0.01473,0.00084,0.00237,0.022,3e-05,,,0.00153,,,,1e-05,0.00168,0.00089,9.999999999999999e-98,,4e-253,8e-197,,5e-151,3e-10,1e-18,1e-217,0.3,,,3e-17,,,,1.0,0.7,1e-10,gzmh
h2ap,H2AP,Proteins,0.00029,0.99718,0.00022,0.00077,,2e-05,0.0,0.00022,0.00016,3e-05,,,0.0,,,,8e-05,0.00101,1e-05,0.08,,0.003,0.04,,0.3,0.7,0.6,0.01,0.2,,,0.8,,,,0.7,1.0,0.4,h2ap
hadh,HADH,Proteins,0.00081,0.99665,1e-05,0.00064,,0.0001,0.0,0.00015,0.00018,5e-05,,,8e-05,,,,4e-05,0.00117,0.0001,0.003,,0.5,0.1,,0.04,0.7,0.9,0.008,0.2,,,0.06,,,,0.9,1.0,0.04,hadh
hagh,HAGH,Proteins,0.00114,0.84778,0.00133,0.08536,,0.00388,0.00072,0.00388,0.04826,0.0014,,,0.00355,,,,7e-05,0.00259,4e-05,0.0001,,2e-11,0.0,,2e-44,2e-09,5e-36,0.0,4e-17,,,7e-41,,,,0.6,0.005,0.1,hagh
hao1,HAO1,Proteins,0.00371,0.86822,0.00661,0.00245,,0.05285,0.00107,0.00103,0.05938,0.00138,,,0.00126,,,,7e-05,0.00195,2e-05,2.0000000000000002e-24,,5e-06,2e-16,,0.0,4e-13,4e-07,0.0,1e-16,,,2e-15,,,,0.6,0.3,0.3,hao1
hars1,HARS1,Proteins,0.0022,0.94944,0.00068,0.03202,,0.00442,5e-05,0.00362,0.00089,0.00015,,,0.00425,,,,5e-05,0.00217,6e-05,1e-07,,0.1,6e-288,,5.0000000000000004e-45,0.1,4.0000000000000003e-29,0.0005,0.01,,,2e-43,,,,0.8,0.2,0.1,hars
havcr1,HAVCR1,Proteins,0.0063,0.76347,0.17002,0.00247,,0.0344,0.00073,0.00022,0.00056,0.01427,,,0.00035,,,,3e-05,0.00161,0.00557,1e-51,,0.0,8e-20,,0.0,1e-10,0.3,0.4,3e-175,,,8e-06,,,,0.9,0.5,7e-70,havc
havcr2,HAVCR2,Proteins,0.00824,0.85371,0.04593,0.00286,,0.06541,0.001,0.00055,0.00726,0.00581,,,0.00107,,,,7e-05,0.00146,0.00663,1e-37,,0.0,2e-20,,0.0,2e-12,0.004,2e-73,6e-65,,,3e-13,,,,0.6,0.9,1e-73,havc1
hbegf,HBEGF,Proteins,0.0119,0.94962,0.00102,0.00482,,0.01822,0.00047,0.00127,0.00191,8e-05,,,0.00872,,,,0.00012,0.00164,0.00021,3e-88,,0.0005,4e-35,,2e-179,4e-06,3e-08,6e-13,0.06,,,3e-87,,,,0.4,0.9,0.002,hbeg
hbq1,HBQ1,Proteins,0.00219,0.90214,0.00123,0.05042,,0.00086,0.00043,0.00194,0.03494,0.0,,,0.00426,,,,4e-05,0.00157,0.0,1e-11,,1e-07,0.0,,2e-10,6e-06,5e-15,0.0,0.9,,,5e-46,,,,0.9,0.9,0.9,hbq1
hbz,HBZ,Proteins,0.00306,0.98025,0.00061,0.00913,,0.00022,0.00018,0.00042,0.0006,0.00028,,,0.00028,,,,0.0001,0.00478,9e-05,7e-12,,0.0005,3e-72,,0.002,0.005,0.07,0.0007,0.0005,,,0.0004,,,,0.5,2e-12,0.05,hbz
hcg22,HCG22,Proteins,0.00179,0.99097,0.00096,0.00079,,0.00267,0.0,0.00015,0.0007,0.00038,,,1e-05,,,,0.00011,0.00143,4e-05,2e-09,,1e-08,0.03,,3e-26,0.9,0.8,4e-06,6e-05,,,0.4,,,,0.5,1.0,0.2,hcg2
hcls1,HCLS1,Proteins,0.00206,0.93862,0.00057,0.04007,,0.00829,1e-05,0.00261,0.00171,0.00127,,,0.00321,,,,6e-05,0.00152,0.0,8e-08,,0.003,0.0,,1.9999999999999998e-84,0.5,2e-20,7e-15,2e-14,,,8.000000000000001e-34,,,,0.7,0.9,0.8,hcls
hdac8,HDAC8,Proteins,0.00161,0.99394,9e-05,0.00043,,0.00036,0.0,0.00028,7e-05,0.00194,,,0.0001,,,,8e-05,0.00097,0.00013,1e-07,,0.06,0.6,,0.0001,0.7,0.4,0.1,2e-19,,,0.04,,,,0.6,1.0,0.02,hdac
hdac9,HDAC9,Proteins,0.00087,0.99658,0.00029,0.00039,,0.0,0.0,0.00041,5e-05,0.00034,,,1e-05,,,,9e-05,0.00097,0.0,0.002,,0.001,0.7,,0.7,0.9,0.1,0.8,0.0002,,,0.6,,,,0.6,1.0,1.0,hdac1
hddc2,HDDC2,Proteins,0.01792,0.94321,0.00072,0.02438,,0.00017,0.00011,0.00274,0.00655,0.00012,,,0.00219,,,,0.00016,0.00167,7e-05,1.9999999999999997e-152,,0.009,3e-219,,0.005,0.03,2e-21,7e-61,0.02,,,2.0000000000000002e-23,,,,0.2,0.5,0.07,hddc
hdgf,HDGF,Proteins,0.01504,0.95703,0.00018,0.01251,,0.00265,0.0,0.0015,0.00503,0.00065,,,0.00126,,,,7e-05,0.00405,3e-05,3e-132,,0.6,1e-105,,1e-27,0.9,4e-10,3e-49,7e-08,,,5e-14,,,,0.6,5e-08,0.3,hdgf
hdgfl2,HDGFL2,Proteins,0.00128,0.92498,0.00172,0.02871,,0.02817,8e-05,0.00634,0.00489,0.00072,,,0.00023,,,,0.00014,0.00268,5e-05,4e-05,,0.2,3e-266,,3e-282,0.06,1.9999999999999999e-56,4.0000000000000006e-34,7e-09,,,0.001,,,,0.3,0.001,0.1,hdgf1
hebp1,HEBP1,Proteins,0.00068,0.99139,0.00014,0.00299,,0.00042,0.00024,0.0005,0.00188,0.00017,,,0.00031,,,,0.00011,0.00116,2e-05,0.02,,0.2,2e-17,,3e-05,0.001,0.03,4e-18,0.007,,,0.0003,,,,0.5,1.0,0.4,hebp
heg1,HEG1,Proteins,0.01977,0.85833,0.02985,0.00346,,0.03667,0.00214,0.00112,0.03054,0.01611,,,0.0,,,,4e-05,0.00124,0.00074,1e-127,,1.0000000000000001e-202,9.999999999999999e-26,,0.0,2.0000000000000002e-24,9e-08,7e-210,6.999999999999999e-172,,,0.7,,,,0.9,0.9,2e-09,heg1
hepacam2,HEPACAM2,Proteins,0.00629,0.96689,0.00383,0.00148,,0.00777,0.0005,0.00048,0.00138,0.00965,,,0.0,,,,6e-05,0.00163,4e-05,4.0000000000000003e-28,,8e-38,9e-07,,1e-76,2e-06,0.03,6e-14,9e-95,,,0.9,,,,0.8,0.7,0.2,hepa
heph,HEPH,Proteins,0.00214,0.91867,0.01872,0.0027,,0.02631,0.00014,0.00226,0.00096,0.02583,,,5e-05,,,,6e-05,0.00132,0.00085,4e-12,,1e-181,2e-17,,4e-266,0.01,1e-17,0.2,2.0000000000000002e-261,,,0.1,,,,0.7,1.0,3e-10,heph
hexim1,HEXIM1,Proteins,0.00211,0.91579,0.00062,0.05139,,0.01261,0.0,0.00886,0.00344,0.00046,,,0.00234,,,,4e-05,0.00235,0.0,1e-10,,0.5,0.0,,9.999999999999999e-129,0.9,4.0000000000000003e-81,1.9999999999999998e-30,4e-06,,,1.9999999999999998e-25,,,,0.9,0.03,0.9,hexi
hgf,HGF,Proteins,0.01041,0.75713,0.02283,0.00871,,0.1594,0.00201,0.0026,0.01145,0.01909,,,0.00202,,,,6e-05,0.00165,0.00264,1.9999999999999999e-63,,3e-280,7e-92,,0.0,9.999999999999999e-27,3.9999999999999996e-26,9.999999999999999e-143,2e-235,,,8e-27,,,,0.7,0.2,1.0000000000000001e-34,hgf
hgfac,HGFAC,Proteins,0.0055,0.95496,0.0142,0.00204,,0.00462,0.00056,0.00026,0.01421,0.00116,,,0.0009,,,,0.00033,0.00125,1e-05,7e-35,,1e-127,6e-11,,1e-46,6e-07,0.4,7.999999999999999e-128,7e-13,,,2e-10,,,,0.01,1.0,0.5,hgfa
hgs,HGS,Proteins,0.00312,0.95277,0.00193,0.02731,,0.00372,1e-05,0.00314,0.00139,0.00044,,,0.00329,,,,0.00021,0.00263,5e-05,4e-09,,1e-14,2.0000000000000003e-237,,3e-37,0.6,6e-24,2e-09,1e-05,,,4e-33,,,,0.1,0.05,0.2,hgs
hhex,HHEX,Proteins,0.00504,0.91996,0.00366,0.0131,,0.04045,0.00047,0.00479,0.00927,0.00175,,,4e-05,,,,0.00014,0.00127,5e-05,8.000000000000001e-24,,0.0001,7e-116,,0.0,2e-06,1e-41,8e-62,2e-19,,,0.2,,,,0.2,1.0,0.1,hhex
hif1a,HIF1A,Proteins,0.00089,0.99512,0.0,0.00084,,0.00151,2e-05,0.00018,5e-05,0.00032,,,4e-05,,,,1e-05,0.00085,0.00016,2e-06,,0.8,0.02,,2e-15,0.4,0.8,0.2,0.0003,,,0.2,,,,1.0,1.0,0.009,hif1
hip1,HIP1,Proteins,0.00089,0.99521,0.00017,0.00155,,0.00017,0.0,0.00029,0.0,0.00015,,,0.00031,,,,0.00013,0.0011,4e-05,0.0006,,0.009,1e-06,,0.008,0.8,0.4,1.0,0.01,,,0.0003,,,,0.4,1.0,0.2,hip1
hip1r,HIP1R,Proteins,0.00375,0.8831,0.02634,0.00818,,0.05064,0.0008,0.0031,0.01747,0.00329,,,0.00017,,,,5e-05,0.00128,0.00182,2.0000000000000002e-29,,9e-255,2e-71,,0.0,5e-10,9.999999999999999e-27,3e-163,2e-36,,,0.004,,,,0.8,0.9,5e-21,hip11
hjv,HJV,Proteins,0.004,0.90702,0.00012,0.00234,,0.07819,0.0033,0.00035,0.0002,0.00262,,,0.00041,,,,0.00021,0.00121,3e-05,1e-22,,0.2,1e-14,,0.0,8e-36,0.1,0.02,9.000000000000001e-29,,,1e-05,,,,0.07,1.0,0.3,hjv
hk2,HK2,Proteins,0.00041,0.99681,0.00011,0.00054,,8e-05,9e-05,0.00012,0.00024,0.0,,,3e-05,,,,0.00019,0.00115,0.00023,0.07,,0.04,0.3,,0.06,0.06,0.9,0.002,0.8,,,0.3,,,,0.2,1.0,0.002,hk2
hla_a,HLA_A,Proteins,0.00707,0.98128,0.00725,0.0008,,0.00106,8e-05,0.00021,0.00021,7e-05,,,1e-05,,,,0.0001,,0.00187,3.0000000000000003e-31,,6.999999999999999e-69,0.02,,9e-12,0.06,0.6,0.9,0.08,,,0.6,,,,0.5,,1e-19,hla_a
hla_dra,HLA_DRA,Proteins,0.00151,0.97446,0.01941,0.00112,,0.00123,0.00022,0.0006,0.00015,0.0001,,,0.0002,,,,3e-05,,0.00097,2e-05,,6e-184,0.0003,,2e-13,0.002,0.006,0.2,0.04,,,0.003,,,,0.9,,7e-11,hla_dra
hla_e,HLA_E,Proteins,0.01698,0.9001,0.04573,0.00661,,0.0177,0.00043,0.00064,0.00263,0.0006,,,0.00444,,,,8e-05,,0.00407,1.0000000000000001e-145,,0.0,2.9999999999999995e-54,,9.999999999999999e-183,7e-06,0.001,3e-24,1e-07,,,1e-47,,,,0.5,,8e-44,hla_e
hmbs,HMBS,Proteins,0.00404,0.89389,0.0008,0.0588,,0.0011,0.00055,0.00311,0.03336,0.00191,,,0.00042,,,,5e-05,0.00194,5e-05,5.0000000000000004e-29,,9e-07,0.0,,4e-13,2e-07,1.9999999999999998e-26,0.0,8e-22,,,7e-06,,,,0.8,0.4,0.1,hmbs
hmcn2,HMCN2,Proteins,0.02026,0.95032,0.00373,0.00264,,0.00361,8e-05,0.0008,0.0167,0.00035,,,0.00013,,,,6e-05,0.0012,0.00013,2e-179,,9e-05,1e-15,,2e-36,0.06,0.0002,8e-129,9e-05,,,0.02,,,,0.8,1.0,0.02,hmcn
hmgcl,HMGCL,Proteins,0.00199,0.97072,0.0017,0.01428,,0.00359,0.0,0.00205,0.00099,0.0003,,,0.00218,,,,7e-05,0.00213,1e-05,3e-09,,7e-13,9e-117,,2e-35,0.8,4e-14,5e-06,0.0003,,,4e-22,,,,0.7,0.3,0.5,hmgc
hmgcs1,HMGCS1,Proteins,0.00031,0.99607,5e-05,0.00082,,8e-05,0.0,0.00033,0.00012,7e-05,,,1e-05,,,,0.00017,0.00198,0.0,0.1,,0.4,0.02,,0.07,0.9,0.3,0.06,0.09,,,0.6,,,,0.2,0.6,0.7,hmgc1
hmmr,HMMR,Proteins,0.00091,0.9966,0.00027,0.00048,,1e-05,9e-05,0.00016,7e-05,0.00052,,,2e-05,,,,7e-05,0.0008,0.0,0.0006,,0.0008,0.4,,0.6,0.05,0.8,0.09,3e-06,,,0.3,,,,0.7,1.0,0.9,hmmr
hmox1,HMOX1,Proteins,0.00879,0.93327,0.01707,0.00069,,0.00066,0.00047,0.00104,0.03494,0.00132,,,0.00058,,,,5e-05,0.00101,0.00013,5e-63,,5e-141,0.06,,5e-08,4e-06,3e-06,3e-311,1e-14,,,4e-07,,,,0.8,1.0,0.02,hmox
hmox2,HMOX2,Proteins,0.00252,0.94975,0.0065,0.00849,,0.01555,0.00061,0.00186,0.01196,0.00098,,,5e-05,,,,8e-05,0.00137,0.00028,3e-09,,3e-32,2.0000000000000002e-66,,2e-149,2e-07,7e-13,3.9999999999999997e-84,6e-11,,,0.1,,,,0.6,1.0,0.0005,hmox1
hnf1a,HNF1A,Proteins,0.00057,0.99607,0.00086,0.00044,,4e-05,5e-05,0.00021,6e-05,0.00025,,,6e-05,,,,0.00015,0.00122,2e-05,0.008,,2e-09,0.6,,0.2,0.1,0.6,0.1,0.001,,,0.1,,,,0.3,1.0,0.4,hnf1
hnmt,HNMT,Proteins,0.0058,0.81668,0.04267,0.00266,,0.1094,0.00331,0.00102,0.00865,0.00202,,,0.00404,,,,0.00012,0.00162,0.00201,9.999999999999999e-57,,0.0,2e-19,,0.0,6e-39,2e-07,2.0000000000000002e-81,2.0000000000000002e-24,,,4e-47,,,,0.3,0.6,2.0000000000000002e-24,hnmt
hnrnpk,HNRNPK,Proteins,0.0016,0.94585,0.00069,0.03172,,0.00569,3e-05,0.00338,0.0052,0.00118,,,0.00235,,,,0.00053,0.00178,1e-05,6e-07,,0.3,6e-279,,3e-56,0.3,3e-26,3e-45,6e-13,,,3e-24,,,,0.0003,0.7,0.4,hnrn
hnrnpul1,HNRNPUL1,Proteins,0.00209,0.89034,0.00555,0.04149,,0.03256,0.00059,0.00531,0.01571,0.00265,,,0.00063,,,,8e-05,0.00228,0.00071,1e-09,,2.9999999999999997e-44,0.0,,0.0,9e-08,2e-48,6e-150,1.0000000000000001e-29,,,3e-08,,,,0.5,0.02,4e-09,hnrn1
hpcal1,HPCAL1,Proteins,0.00208,0.96138,0.00132,0.02244,,0.0021,3e-05,0.0032,0.00015,0.00012,,,0.00502,,,,0.00013,0.00204,0.0,5e-08,,3e-14,5e-198,,3e-22,0.3,3.9999999999999997e-25,0.02,0.02,,,9.999999999999999e-51,,,,0.3,0.3,0.8,hpca
hpgds,HPGDS,Proteins,0.00334,0.98004,0.00136,0.0021,,4e-05,0.00025,0.00032,0.00138,0.00756,,,0.0001,,,,0.0001,0.00158,0.00184,6e-12,,0.4,1e-10,,0.2,0.001,0.3,0.2,1e-71,,,0.04,,,,0.5,1.0,1e-18,hpgd
hpse,HPSE,Proteins,0.00417,0.96377,0.00049,0.00914,,0.01212,9e-05,0.0017,0.0013,0.0013,,,0.0042,,,,2e-05,0.00166,3e-05,5e-15,,4e-06,1.0000000000000001e-72,,3e-117,0.05,1e-11,4e-14,4e-14,,,5e-42,,,,1.0,0.8,0.2,hpse
hras,HRAS,Proteins,0.00058,0.99441,0.00156,0.00029,,0.00118,3e-05,0.00044,7e-05,0.00025,,,0.0,,,,0.00022,0.00092,5e-05,0.02,,5e-16,0.9,,1e-12,0.3,0.07,0.08,0.001,,,1.0,,,,0.09,1.0,0.1,hras
hrc,HRC,Proteins,0.00487,0.96323,0.0049,0.00435,,0.00434,0.00038,0.00067,0.00377,0.00972,,,0.00073,,,,7e-05,0.00113,0.00183,2e-22,,4e-48,2.0000000000000002e-29,,7e-43,5e-05,0.002,2e-37,2e-93,,,2e-08,,,,0.7,1.0,5e-19,hrc
hrg,HRG,Proteins,0.00187,0.95317,0.01479,0.00171,,0.0139,7e-05,0.0003,0.01191,0.0008,,,0.0001,,,,0.00021,0.00116,2e-05,1e-10,,4e-116,1e-08,,1e-136,0.08,0.3,2.0000000000000001e-88,2e-09,,,0.04,,,,0.1,1.0,0.4,hrg
hs1bp3,HS1BP3,Proteins,0.00218,0.95295,0.00149,0.02486,,0.00851,0.0,0.00249,0.00104,0.00071,,,0.00334,,,,9e-05,0.00233,0.0,2e-07,,4e-06,5e-216,,5.9999999999999995e-83,0.8,2e-18,0.2,2e-08,,,9e-34,,,,0.6,0.1,0.7,hs1b
hs3st3b1,HS3ST3B1,Proteins,0.00569,0.92592,0.00121,0.00172,,0.00013,0.00036,0.00014,0.00505,0.00282,,,0.05424,,,,0.00017,0.00245,9e-05,3e-35,,2e-13,5e-09,,0.01,5e-05,0.8,9e-52,5e-30,,,0.0,,,,0.2,0.07,0.05,hs3s
hs6st1,HS6ST1,Proteins,0.0046,0.94571,0.00319,0.00468,,0.00634,0.00116,0.00019,0.02667,0.00148,,,0.00466,,,,9e-05,0.00123,0.0,3.9999999999999996e-26,,0.002,4.0000000000000006e-34,,1e-64,4e-13,0.6,1.0000000000000001e-233,2e-16,,,7e-48,,,,0.5,1.0,0.6,hs6s
hs6st2,HS6ST2,Proteins,0.00558,0.88024,0.00106,0.00351,,0.00372,0.0,0.00035,0.10316,3e-05,,,0.0,,,,4e-05,0.0011,0.0012,9e-21,,2e-12,6e-25,,2.9999999999999998e-40,0.7,0.1,0.0,0.2,,,0.7,,,,0.9,1.0,5e-14,hs6s1
hsbp1,HSBP1,Proteins,0.0042,0.972,0.00134,0.01325,,0.00115,4e-05,0.00139,0.00205,0.00019,,,0.00223,,,,0.0001,0.00207,0.0,2.0000000000000002e-28,,7e-13,2e-107,,2e-12,0.2,1e-08,1e-19,0.004,,,1e-22,,,,0.5,0.4,0.7,hsbp
hsd11b1,HSD11B1,Proteins,0.00513,0.8903,0.0032,0.00133,,0.09307,2e-05,0.0004,0.0042,0.00057,,,0.00032,,,,8e-05,0.00139,1e-05,3e-23,,5e-19,2e-06,,0.0,0.4,0.06,2.0000000000000002e-29,2e-07,,,0.0001,,,,0.6,0.9,0.6,hsd1
hsd17b14,HSD17B14,Proteins,0.01017,0.97282,0.00658,0.00269,,0.00264,0.00011,0.00049,0.00284,4e-05,,,0.0,,,,0.00018,0.00122,0.00023,1e-64,,2e-53,5e-16,,4e-27,0.03,0.03,3e-17,0.2,,,0.9,,,,0.2,1.0,0.002,hsd11
hsd17b3,HSD17B3,Proteins,0.00108,0.98857,0.00162,0.00335,,0.0027,3e-05,0.00115,6e-05,2e-05,,,0.00011,,,,0.00011,0.0012,1e-05,0.0001,,3e-16,4e-20,,1.9999999999999998e-26,0.3,1e-06,0.3,0.4,,,0.03,,,,0.5,1.0,0.5,hsd12
hsdl2,HSDL2,Proteins,0.01514,0.93406,0.00056,0.00914,,0.02397,0.0005,0.003,0.01004,0.00038,,,0.00154,,,,3e-05,0.0016,4e-05,1e-65,,0.9,5e-74,,9e-233,2e-06,2.0000000000000002e-23,5e-94,4e-05,,,9e-17,,,,0.9,0.8,0.2,hsdl
hsp90b1,HSP90B1,Proteins,0.00059,0.9952,0.00087,0.0007,,2e-05,8e-05,0.0002,2e-05,0.00114,,,2e-05,,,,8e-05,0.0011,0.0,0.02,,3e-09,0.09,,0.4,0.07,0.7,0.9,5e-12,,,0.4,,,,0.7,1.0,1.0,hsp9
hspa1a,HSPA1A,Proteins,0.00313,0.93033,0.00183,0.03477,,0.01815,0.0,0.00458,0.00214,0.00018,,,0.00298,,,,4e-05,0.00187,0.0,2e-11,,0.2,2e-320,,2e-181,0.7,8.000000000000001e-39,6e-05,0.004,,,1e-31,,,,0.9,0.4,0.8,hspa
hspa2,HSPA2,Proteins,0.00355,0.93632,0.00798,0.00988,,0.0092,0.00017,0.00117,0.02858,0.00018,,,0.00017,,,,5e-05,0.00153,0.00119,8e-18,,2e-78,8e-83,,4e-93,0.006,1e-07,1.9999999999999997e-279,0.004,,,0.005,,,,0.8,0.7,2e-13,hspa1
hspb1,HSPB1,Proteins,0.00312,0.95515,0.00039,0.02674,,0.005,2e-05,0.00368,0.0026,0.00017,,,0.00031,,,,0.00012,0.00271,1e-05,5e-11,,0.04,6e-232,,2.0000000000000003e-49,0.4,1.0000000000000001e-28,1.0000000000000001e-23,0.007,,,0.0002,,,,0.4,0.01,0.6,hspb
hspb6,HSPB6,Proteins,0.01371,0.6663,0.13252,0.00383,,0.08062,0.00038,0.00029,0.08395,0.00033,,,0.01122,,,,0.00013,0.00149,0.00523,5e-65,,0.0,5e-41,,0.0,6e-07,0.07,0.0,4e-06,,,2e-158,,,,0.1,0.4,3.0000000000000004e-75,hspb1
hspg2,HSPG2,Proteins,0.00783,0.78515,0.05506,0.00254,,0.13034,0.00302,0.00077,0.00965,0.0,,,0.00041,,,,5e-05,0.00138,0.0038,1e-52,,0.0,3e-19,,0.0,5.0000000000000005e-37,2e-05,5e-101,0.8,,,3e-06,,,,0.7,0.8,4e-46,hspg
htr1a,HTR1A,Proteins,0.00068,0.993,0.00059,0.00042,,3e-05,0.0,0.00022,0.00279,0.00091,,,0.00011,,,,6e-05,0.00109,8e-05,0.02,,2e-06,0.6,,0.3,0.7,0.6,9.999999999999999e-27,6e-10,,,0.03,,,,0.8,1.0,0.07,htr1
htr1b,HTR1B,Proteins,0.001,0.9952,5e-05,0.00043,,0.0005,0.0,0.0002,0.00015,0.00139,,,2e-05,,,,0.00016,0.00089,0.0,0.001,,0.2,0.6,,5e-06,0.7,0.7,0.02,2e-14,,,0.3,,,,0.3,1.0,0.8,htr11
htra2,HTRA2,Proteins,0.00133,0.95414,0.00174,0.02757,,0.0021,0.0,0.00325,0.00485,0.00066,,,0.00209,,,,4e-05,0.00223,0.0,3e-05,,0.5,4e-246,,3e-22,0.8,9.999999999999999e-26,3e-32,6e-08,,,4e-22,,,,0.9,0.3,0.7,htra
hyal1,HYAL1,Proteins,0.00379,0.91092,0.02337,0.00244,,0.00311,0.00475,0.00034,0.00222,0.00378,,,0.04201,,,,0.00014,0.00176,0.00137,6e-14,,5e-235,5e-15,,3e-33,7.999999999999999e-50,0.1,7.000000000000001e-24,5.9999999999999996e-40,,,0.0,,,,0.3,0.6,2e-15,hyal
hyou1,HYOU1,Proteins,0.02362,0.94556,0.00815,0.00401,,0.01056,0.00011,0.00067,0.00277,0.00125,,,0.00167,,,,0.00012,0.00121,0.00031,1e-204,,4e-59,4.0000000000000003e-28,,6.999999999999999e-106,0.03,0.001,1e-05,4e-14,,,3e-18,,,,0.4,1.0,0.0002,hyou
ica1,ICA1,Proteins,0.00238,0.93928,0.0009,0.04205,,0.00299,2e-05,0.00508,0.00058,8e-05,,,0.00428,,,,0.00016,0.00215,6e-05,3e-17,,0.0001,0.0,,9.999999999999999e-31,0.4,2.9999999999999996e-42,0.5,0.06,,,3e-43,,,,0.2,0.2,0.1,ica1
icam1,ICAM1,Proteins,0.00735,0.88419,0.02376,0.00375,,0.04167,0.00304,0.00063,0.01002,0.02098,,,0.00016,,,,1e-05,0.00142,0.00302,2e-43,,1e-219,2e-27,,0.0,2e-33,0.002,4e-79,2e-217,,,0.006,,,,1.0,0.9,3e-33,icam
icam2,ICAM2,Proteins,0.00638,0.98569,0.00047,0.00169,,0.0004,0.00016,0.00054,0.00016,0.00204,,,7e-05,,,,0.00021,0.0017,0.00049,7e-27,,7e-06,5e-08,,3e-05,0.007,0.01,0.009,4e-21,,,0.08,,,,0.1,0.8,4e-06,icam1
icam3,ICAM3,Proteins,0.00719,0.97212,0.00649,0.00218,,0.00614,0.00042,0.00049,0.00163,0.00091,,,0.00014,,,,7e-05,0.00109,0.00114,6e-41,,2e-55,6e-12,,8e-61,2e-05,0.03,2e-08,2e-10,,,0.01,,,,0.7,1.0,1e-12,icam2
icam4,ICAM4,Proteins,0.00422,0.97038,0.00954,0.00571,,0.00183,4e-05,0.00052,0.00372,0.00281,,,0.00011,,,,3e-05,0.00109,1e-05,4.0000000000000003e-28,,2e-79,1e-41,,4e-19,0.2,0.02,4.0000000000000004e-24,1.0000000000000001e-28,,,0.03,,,,0.9,1.0,0.5,icam3
icam5,ICAM5,Proteins,0.04642,0.88792,0.00283,0.00507,,0.01208,1e-05,0.00018,0.01005,0.03082,,,0.00179,,,,9e-05,0.00138,0.00135,0.0,,2e-21,4e-40,,6e-127,0.4,0.6,2.9999999999999997e-96,3e-317,,,2e-20,,,,0.5,0.9,9e-16,icam4
icoslg,ICOSLG,Proteins,0.00203,0.96203,0.00152,0.00199,,0.02425,7e-05,0.0004,0.00217,0.00223,,,0.00171,,,,7e-05,0.00152,1e-05,3e-10,,0.1,2e-10,,3e-232,0.09,0.09,2e-08,3e-23,,,4e-18,,,,0.7,1.0,0.4,icos
id4,ID4,Proteins,0.00043,0.99458,0.00065,0.00074,,0.00057,0.0,0.00049,0.00067,0.00019,,,0.0,,,,0.00011,0.00155,0.0,0.06,,4e-07,0.05,,8e-07,0.8,0.03,3e-07,0.004,,,0.7,,,,0.5,0.8,0.7,id4
idi2,IDI2,Proteins,0.00249,0.92688,0.00962,0.00104,,0.01523,1e-05,0.00031,0.04178,0.00023,,,0.00013,,,,0.00012,0.00143,0.00074,4e-07,,1e-95,0.0006,,7e-150,0.6,0.2,0.0,0.001,,,0.01,,,,0.4,1.0,7e-09,idi2
ido1,IDO1,Proteins,0.00111,0.92374,0.03768,0.00426,,0.02229,0.0,0.001,0.00336,0.00142,,,0.00221,,,,5e-05,0.00157,0.0013,0.0006,,0.0,3e-30,,3e-219,0.8,4e-06,0.1,1e-15,,,1.0000000000000001e-23,,,,0.8,0.9,2e-14,ido1
ids,IDS,Proteins,0.00153,0.96991,0.00127,0.00142,,0.00931,2e-05,0.00049,0.01389,0.00022,,,7e-05,,,,8e-05,0.00116,0.00064,8e-08,,4e-13,2e-06,,9.999999999999999e-92,0.4,0.03,2e-134,0.002,,,0.08,,,,0.6,1.0,1e-07,ids
idua,IDUA,Proteins,0.00744,0.95772,0.00298,0.00244,,0.01902,6e-05,0.00035,0.00475,0.00246,,,0.0008,,,,0.00016,0.00151,0.00032,4.0000000000000006e-45,,1.9999999999999998e-30,3e-14,,3e-186,0.09,0.2,9e-48,7.999999999999999e-26,,,2e-09,,,,0.2,1.0,0.0002,idua
ifi30,IFI30,Proteins,0.00379,0.80123,0.0793,0.00492,,0.06936,0.00374,0.00136,0.00237,0.02487,,,0.00064,,,,5e-05,0.00156,0.00682,2e-19,,0.0,7e-43,,0.0,2.9999999999999997e-44,8e-11,1e-22,6e-280,,,8e-09,,,,0.7,0.3,5e-79,ifi3
ifit1,IFIT1,Proteins,0.00055,0.99542,0.00048,0.00104,,8e-05,0.00019,0.00042,4e-05,0.00026,,,0.00017,,,,7e-05,0.00112,0.00017,0.02,,7e-06,0.001,,0.07,0.005,0.09,0.2,0.0008,,,0.008,,,,0.7,1.0,0.008,ifit
ifit3,IFIT3,Proteins,0.00199,0.98134,0.00038,0.00961,,0.00038,2e-05,0.00263,0.00093,0.0,,,0.00028,,,,0.00011,0.00184,0.00048,6e-08,,0.01,6.000000000000001e-75,,5e-05,0.3,4e-19,3e-08,0.9,,,0.0005,,,,0.4,0.4,6e-06,ifit1
ifnar1,IFNAR1,Proteins,0.00621,0.97114,0.00509,0.00127,,0.00141,2e-05,0.00174,0.01159,0.0,,,0.00042,,,,6e-05,0.00106,0.0,4e-40,,0.0003,3e-05,,3e-15,0.3,6e-12,5e-67,0.8,,,2e-05,,,,0.8,1.0,0.8,ifna
ifng,IFNG,Proteins,0.00286,0.97278,0.01187,0.00158,,0.0013,0.0,0.00146,0.00567,1e-05,,,0.00022,,,,1e-05,0.00137,0.00087,4e-12,,6e-112,4e-07,,7e-14,0.9,3e-09,1.9999999999999998e-54,0.6,,,0.002,,,,1.0,1.0,1e-09,ifng
ifngr1,IFNGR1,Proteins,0.01063,0.9386,0.02978,0.00297,,0.00322,8e-05,0.00065,0.0051,0.00404,,,0.00198,,,,4e-05,0.0012,0.00172,2e-64,,2.0000000000000002e-254,4e-19,,1e-33,0.05,0.002,4e-13,7.999999999999999e-42,,,2e-21,,,,0.9,1.0,9e-19,ifng1
ifngr2,IFNGR2,Proteins,0.01704,0.94916,0.00299,0.00176,,0.02535,0.00019,0.00105,0.00018,0.00015,,,0.00018,,,,2e-05,0.00178,0.00014,2e-68,,1.0000000000000001e-29,8e-09,,6.9999999999999995e-245,0.003,2e-06,0.08,0.01,,,0.005,,,,1.0,0.7,0.01,ifng2
ifnl1,IFNL1,Proteins,0.00413,0.98268,0.00132,0.00105,,0.0023,5e-05,0.00096,0.00302,0.00176,,,5e-05,,,,0.00026,0.00133,0.00109,7e-26,,1e-13,0.001,,5e-23,0.2,3e-05,1.0000000000000001e-29,6e-18,,,0.1,,,,0.05,1.0,1e-11,ifnl
ifnl2,IFNL2,Proteins,0.00057,0.99476,0.00094,0.00103,,0.0001,2e-05,0.00045,0.00027,0.00047,,,6e-05,,,,0.00013,0.00121,0.0,0.01,,3e-09,0.002,,0.04,0.4,0.06,0.009,9e-06,,,0.1,,,,0.4,1.0,0.8,ifnl1
ifnlr1,IFNLR1,Proteins,0.00376,0.89383,0.00576,0.00216,,0.06149,0.00066,0.00135,0.01973,0.00486,,,0.00474,,,,1e-05,0.00133,0.00032,3e-21,,0.0005,4e-13,,0.0,2e-08,1e-09,4e-148,4e-52,,,6e-51,,,,1.0,1.0,0.0001,ifnl2
ifnw1,IFNW1,Proteins,0.00056,0.99629,0.00069,0.00061,,0.00019,0.0,0.00019,0.00016,6e-05,,,0.0,,,,9e-05,0.00115,1e-05,0.03,,9e-08,0.2,,0.004,0.8,0.7,0.01,0.1,,,0.8,,,,0.6,1.0,0.5,ifnw
ift20,IFT20,Proteins,0.00365,0.97675,0.00053,0.01175,,0.00253,0.00033,0.00206,0.00056,0.00024,,,0.0,,,,0.0001,0.0015,0.0,1.9999999999999998e-25,,0.3,2e-93,,1.9999999999999998e-25,0.0002,4e-14,0.2,0.001,,,0.9,,,,0.5,0.9,0.9,ift2
igbp1,IGBP1,Proteins,0.00193,0.93345,0.00114,0.04,,0.00501,7e-05,0.00506,0.00891,0.00086,,,0.00154,,,,0.00011,0.00191,1e-05,2e-06,,0.05,0.0,,5e-52,0.08,1e-43,3e-80,3e-10,,,4e-17,,,,0.4,0.3,0.5,igbp
igdcc3,IGDCC3,Proteins,0.00032,0.99652,0.00034,0.00071,,0.0,7e-05,0.00047,0.00024,0.00017,,,4e-05,,,,0.00011,0.00098,4e-05,0.1,,0.0002,0.08,,0.7,0.08,0.05,0.002,0.007,,,0.2,,,,0.5,1.0,0.2,igdc
igdcc4,IGDCC4,Proteins,0.01182,0.84793,0.07799,0.00332,,0.01579,0.0,0.00149,0.03067,0.00762,,,0.00066,,,,8e-05,0.00105,0.00156,2e-107,,0.0,1.9999999999999998e-25,,9.999999999999999e-175,0.8,1e-11,0.0,1e-85,,,7e-09,,,,0.5,1.0,6e-19,igdc1
igf1r,IGF1R,Proteins,0.00503,0.91323,0.05797,0.00291,,0.00451,0.00025,0.00063,0.01104,0.00129,,,0.00028,,,,0.00019,0.00123,0.00145,4.9999999999999996e-26,,0.0,4e-19,,2e-47,0.0006,0.002,1e-70,9e-15,,,0.0003,,,,0.1,1.0,2e-16,igf1
igf2bp3,IGF2BP3,Proteins,0.00204,0.99292,0.00068,0.00095,,4e-05,0.00036,0.00028,4e-05,0.00166,,,1e-05,,,,3e-05,0.00098,0.0,6e-13,,9e-08,0.005,,0.2,0.0001,0.4,0.2,8e-17,,,0.5,,,,0.9,1.0,0.8,igf2
igf2r,IGF2R,Proteins,0.00632,0.91466,0.02575,0.00161,,0.04167,0.00182,0.00045,0.00457,0.00025,,,0.00044,,,,4e-05,0.00119,0.00124,5e-21,,8e-244,3e-08,,0.0,3e-20,0.03,6e-32,0.0006,,,6e-06,,,,0.9,1.0,3e-14,igf21
igfbp1,IGFBP1,Proteins,0.01383,0.76721,0.00469,0.00122,,0.14998,0.01716,0.00034,0.04088,0.00028,,,0.00205,,,,5e-05,0.002,0.00031,8.000000000000001e-131,,1e-55,3e-07,,0.0,1e-208,0.06,0.0,8e-05,,,9e-27,,,,0.7,0.03,3e-05,igfb
igfbp2,IGFBP2,Proteins,0.04527,0.72725,0.04289,0.00197,,0.16523,0.00249,0.00018,0.00727,0.00169,,,0.00017,,,,5e-05,0.00214,0.0034,0.0,,0.0,2e-15,,0.0,8.000000000000001e-34,0.5,2.9999999999999998e-92,2.0000000000000002e-23,,,0.002,,,,0.7,0.003,2.0000000000000003e-45,igfb1
igfbp3,IGFBP3,Proteins,0.0126,0.89969,0.01314,0.00193,,0.00011,0.00071,0.00083,0.06512,0.00331,,,4e-05,,,,9e-05,0.00116,0.00129,5e-97,,2e-87,4e-11,,0.02,7e-09,4e-05,0.0,7e-36,,,0.2,,,,0.5,1.0,6e-15,igfb2
igfbp4,IGFBP4,Proteins,0.01712,0.75372,0.10081,0.00278,,0.06713,0.00202,0.00083,0.00349,0.02485,,,0.0188,,,,0.00031,0.00179,0.00636,2.9999999999999996e-154,,0.0,6e-23,,0.0,1.9999999999999998e-26,3e-06,9e-42,2e-299,,,6e-228,,,,0.004,0.2,5e-79,igfb3
igfbp6,IGFBP6,Proteins,0.00735,0.69225,0.03175,0.00146,,0.05811,0.00115,0.00056,0.20385,0.00031,,,9e-05,,,,6e-05,0.00147,0.00159,5e-42,,0.0,1e-10,,0.0,5e-17,0.0003,0.0,1e-05,,,0.02,,,,0.6,0.4,8.000000000000001e-23,igfb4
igfbp7,IGFBP7,Proteins,0.0024,0.84895,0.08135,0.00171,,0.02066,0.00087,0.00076,0.03446,0.00272,,,0.00071,,,,7e-05,0.00092,0.00441,9e-09,,0.0,3e-10,,6e-227,3e-11,6e-05,0.0,7.999999999999999e-32,,,2e-09,,,,0.6,1.0,1.9999999999999998e-50,igfb5
igfbpl1,IGFBPL1,Proteins,0.01245,0.83886,0.0977,0.00102,,0.03637,0.00013,0.00015,0.00811,0.00067,,,1e-05,,,,2e-05,0.00121,0.00329,6e-110,,0.0,0.0001,,0.0,0.01,0.7,6.000000000000001e-75,5e-09,,,0.4,,,,1.0,1.0,4e-38,igfb6
igfl4,IGFL4,Proteins,0.00116,0.99558,0.00084,0.00057,,0.00015,0.0,0.00026,0.00049,1e-05,,,1e-05,,,,4e-05,0.00081,7e-05,4e-09,,5e-09,0.2,,0.01,0.7,0.5,9e-06,0.5,,,0.6,,,,0.9,1.0,0.08,igfl
ighmbp2,IGHMBP2,Proteins,0.00148,0.98376,0.00114,0.00845,,0.00058,0.00033,0.00116,0.0003,0.00077,,,0.00013,,,,0.00015,0.00175,1e-05,0.0002,,3e-11,1.9999999999999999e-63,,7e-07,0.0002,1e-06,0.003,1e-08,,,0.02,,,,0.3,0.8,0.6,ighm
iglc2,IGLC2,Proteins,0.00861,0.93348,0.01472,0.00243,,0.02451,0.00099,0.00048,0.00548,0.00498,,,1e-05,,,,5e-05,0.00165,0.00262,2.0000000000000002e-24,,1e-140,9e-15,,5.999999999999999e-244,2e-11,0.03,5.000000000000001e-49,1e-51,,,0.5,,,,0.8,0.6,5e-28,iglc
iglon5,IGLON5,Proteins,0.00051,0.99593,8e-05,0.00071,,4e-05,0.00018,0.00026,3e-05,0.00046,,,2e-05,,,,4e-05,0.00171,2e-05,0.02,,0.1,0.07,,0.2,0.006,0.5,0.5,1e-05,,,0.3,,,,0.9,0.7,0.3,iglo
igsf21,IGSF21,Proteins,0.00407,0.89532,0.00949,0.00099,,0.00011,0.00016,0.00061,0.08222,0.00449,,,0.00065,,,,0.00016,0.00139,0.00035,4.0000000000000004e-23,,1e-48,0.0007,,0.02,0.007,0.003,0.0,2e-47,,,4e-08,,,,0.2,0.9,6e-05,igsf
igsf3,IGSF3,Proteins,0.01591,0.82226,0.03124,0.00192,,0.11753,0.0,0.00151,0.00624,0.00035,,,5e-05,,,,0.00011,0.00146,0.00141,6e-130,,6e-281,2e-12,,0.0,1.0,3e-12,0.002,2e-05,,,0.1,,,,0.3,0.9,1e-17,igsf1
igsf8,IGSF8,Proteins,0.00603,0.93002,0.01498,0.00227,,0.02018,0.00028,0.00109,0.01656,0.00453,,,0.0026,,,,5e-05,0.0011,0.00032,7e-27,,1.9999999999999998e-122,3e-13,,2e-200,0.0004,7e-07,7.999999999999999e-138,9e-47,,,1e-27,,,,0.8,1.0,0.0001,igsf2
igsf9,IGSF9,Proteins,0.00796,0.74502,0.02097,0.00269,,0.21102,0.002,0.00077,0.00436,0.00267,,,3e-05,,,,9e-05,0.00242,0.0,2e-27,,1e-238,6e-23,,0.0,7e-27,6e-06,7e-33,3e-35,,,0.2,,,,0.4,0.0002,1.0,igsf3
ikbkg,IKBKG,Proteins,0.00142,0.90384,0.00064,0.06614,,0.0045,0.00013,0.01599,0.00268,0.00025,,,0.00139,,,,0.0001,0.00286,6e-05,4e-06,,0.009,0.0,,6e-48,0.01,6e-153,4.0000000000000004e-24,0.0006,,,6e-16,,,,0.4,0.0004,0.1,ikbk
ikzf2,IKZF2,Proteins,0.00184,0.98856,0.00246,0.00114,,4e-05,9e-05,0.00018,3e-05,0.00413,,,1e-05,,,,0.00017,0.00127,6e-05,1e-06,,4.0000000000000004e-24,0.0004,,0.2,0.05,0.7,0.6,1.0000000000000001e-39,,,0.5,,,,0.2,1.0,0.1,ikzf
il10,IL10,Proteins,0.00107,0.98268,0.00112,0.00135,,0.00062,0.00028,0.00117,0.00011,0.00197,,,0.0069,,,,4e-05,0.00143,0.00128,0.0004,,4e-11,2e-05,,3e-07,0.0006,7e-07,0.5,6e-20,,,1e-65,,,,0.9,1.0,2e-13,il10
il10ra,IL10RA,Proteins,0.00236,0.98926,0.00105,0.00129,,0.00279,3e-05,0.0004,0.00024,0.00014,,,0.00034,,,,0.00028,0.00129,0.00053,3e-17,,4e-11,5e-05,,2e-27,0.3,0.1,0.002,0.01,,,0.0002,,,,0.03,1.0,2e-06,il101
il10rb,IL10RB,Proteins,0.02183,0.87362,0.02479,0.00279,,0.0608,0.00052,0.00056,0.00519,0.00493,,,0.00177,,,,6e-05,0.0013,0.00184,3e-172,,1.0000000000000001e-261,2e-19,,0.0,4e-07,0.004,1.9999999999999999e-56,2.9999999999999995e-54,,,1e-20,,,,0.7,1.0,2e-21,il102
il11,IL11,Proteins,0.00058,0.99466,0.0017,0.00084,,0.00074,9e-05,0.00027,9e-05,4e-05,,,6e-05,,,,0.00013,0.00077,4e-05,0.0002,,4e-17,0.02,,2e-08,0.05,0.4,0.08,0.2,,,0.1,,,,0.4,1.0,0.2,il11
il12a_il12b,IL12A_IL12B,Proteins,0.01283,0.88108,0.00767,0.00434,,0.03701,0.00049,0.00041,0.02539,0.02496,,,0.00236,,,,0.0002,0.00167,0.0016,7.999999999999999e-122,,9.000000000000001e-82,2e-33,,0.0,1e-06,0.05,2e-264,2e-260,,,1.9999999999999998e-26,,,,0.08,0.8,2e-18,il12_il12
il12b,IL12B,Proteins,0.01217,0.87613,0.00767,0.00455,,0.03559,0.00063,0.00035,0.02749,0.02939,,,0.00288,,,,0.00021,0.00144,0.00151,7.000000000000001e-119,,1e-83,2.9999999999999998e-36,,0.0,2e-08,0.1,2e-291,3e-311,,,9.999999999999999e-33,,,,0.06,0.9,7e-18,il12
il12rb1,IL12RB1,Proteins,0.0042,0.95418,0.01589,0.00075,,0.02019,0.00013,0.0003,0.00049,2e-05,,,0.0002,,,,0.00012,0.00124,0.00228,8e-19,,1e-148,0.03,,9.999999999999999e-193,0.02,0.3,0.04,0.4,,,0.003,,,,0.4,1.0,1.0000000000000001e-23,il121
il12rb2,IL12RB2,Proteins,0.0062,0.97669,0.0006,0.00227,,0.0011,0.0006,0.00023,0.00079,0.01032,,,3e-05,,,,9e-05,0.00102,7e-05,7e-37,,5e-07,5e-12,,8e-12,5e-07,0.5,8e-09,1.9999999999999998e-97,,,0.3,,,,0.6,1.0,0.09,il122
il13,IL13,Proteins,0.00039,0.99553,0.00083,0.00081,,6e-05,0.0,0.00026,0.00034,0.00034,,,4e-05,,,,0.00014,0.00125,0.0,0.05,,4e-09,0.02,,0.1,0.8,0.5,0.0002,0.0001,,,0.2,,,,0.3,1.0,0.7,il13
il13ra1,IL13RA1,Proteins,0.00234,0.91458,0.00918,0.00145,,0.06054,0.00065,0.00087,0.00699,0.00166,,,1e-05,,,,8e-05,0.00166,0.0,3e-10,,1e-41,6e-07,,0.0,4e-08,3e-05,2e-19,2e-18,,,0.5,,,,0.6,0.9,0.8,il131
il13ra2,IL13RA2,Proteins,0.00033,0.99574,0.00021,0.00068,,0.0002,1e-05,0.0004,7e-05,0.00023,,,0.0,,,,0.00052,0.00159,2e-05,0.02,,0.004,0.1,,0.004,0.6,0.1,0.1,0.002,,,0.8,,,,0.0006,0.9,0.3,il132
il15,IL15,Proteins,0.01116,0.95527,0.00137,0.00737,,0.00054,0.00013,0.00096,0.00049,0.01413,,,0.00493,,,,0.00019,0.00125,0.00222,8.999999999999999e-97,,2e-14,2e-57,,1e-06,0.02,1e-05,1e-05,6e-138,,,1.0000000000000001e-49,,,,0.1,1.0,3e-23,il15
il15ra,IL15RA,Proteins,0.01495,0.93213,0.02964,0.00222,,0.00806,0.0,0.00041,0.0072,0.00044,,,0.00121,,,,7e-05,0.00106,0.00261,4e-127,,4.0000000000000004e-275,1e-12,,2e-80,0.7,0.07,6e-60,8e-06,,,2e-13,,,,0.7,1.0,3e-27,il151
il16,IL16,Proteins,0.00628,0.86126,0.02183,0.01161,,0.0773,0.0001,0.00265,0.0053,0.00458,,,0.00697,,,,0.00018,0.00134,0.00061,9.999999999999999e-51,,2e-208,2e-109,,0.0,0.02,5e-23,9.999999999999999e-31,1e-51,,,1e-77,,,,0.1,0.9,3e-08,il16
il17a,IL17A,Proteins,0.00165,0.99144,0.00167,0.0019,,7e-05,0.0,0.0004,6e-05,0.0,,,0.00109,,,,6e-05,0.00088,0.00078,2e-05,,1e-16,3e-09,,0.09,0.9,0.1,0.6,0.7,,,1e-11,,,,0.8,1.0,1e-08,il17
il17c,IL17C,Proteins,0.00435,0.93136,0.00272,0.00941,,0.0121,0.00064,0.00313,0.02869,0.00063,,,0.00401,,,,0.00021,0.00128,0.00147,5e-16,,3e-25,1e-76,,2e-119,8e-08,1.0000000000000001e-24,4.0000000000000004e-275,1e-07,,,6e-41,,,,0.09,1.0,4e-16,il171
il17d,IL17D,Proteins,0.00727,0.80673,0.17173,0.00206,,0.0,0.00055,0.00048,0.00735,0.00018,,,0.0001,,,,5e-05,0.00127,0.00222,2e-44,,0.0,7e-14,,0.9,9e-08,0.01,6e-74,0.002,,,0.02,,,,0.7,0.9,8e-27,il172
il17f,IL17F,Proteins,0.00098,0.99495,0.00083,0.00038,,0.00085,8e-05,0.00018,0.00017,6e-05,,,0.00034,,,,0.00026,0.00081,0.00011,0.002,,9e-09,0.7,,2e-09,0.07,0.7,0.02,0.1,,,0.0002,,,,0.06,1.0,0.03,il173
il17ra,IL17RA,Proteins,0.00532,0.98754,0.00114,0.00213,,0.00072,0.00027,0.00064,0.0007,3e-05,,,0.0,,,,6e-05,0.00127,0.00018,2.0000000000000003e-34,,1e-05,3e-11,,2e-08,0.0007,0.004,0.8,0.3,,,0.7,,,,0.7,1.0,0.005,il174
il17rb,IL17RB,Proteins,0.02888,0.89506,0.01301,0.0013,,0.03947,5e-05,0.00047,0.01784,6e-05,,,0.00161,,,,6e-05,0.00098,0.0012,2e-234,,1.0000000000000001e-131,5e-06,,0.0,0.1,0.02,3e-180,0.08,,,3e-18,,,,0.7,1.0,7e-14,il175
il18,IL18,Proteins,0.0099,0.89454,0.00449,0.00537,,0.03573,0.00105,0.00194,0.03548,0.00831,,,0.00056,,,,0.00011,0.00142,0.0011,3e-66,,3e-43,1.9999999999999998e-42,,0.0,2e-12,8e-15,0.0,4e-87,,,3e-07,,,,0.4,0.9,5e-13,il18
il18bp,IL18BP,Proteins,0.02618,0.87359,0.0583,0.0042,,0.01733,0.00027,0.00066,0.00746,0.00411,,,0.0017,,,,0.00011,0.0014,0.00469,3.0000000000000004e-247,,0.0,9.999999999999999e-33,,3e-184,0.0003,0.0007,6e-69,2.0000000000000003e-45,,,8e-20,,,,0.4,0.9,2e-51,il181
il18r1,IL18R1,Proteins,0.01079,0.85714,0.00973,0.00293,,0.11059,0.00069,0.00085,0.00462,0.00014,,,8e-05,,,,5e-05,0.00136,0.00101,3e-66,,4.999999999999999e-84,2e-21,,0.0,3e-09,1e-05,3e-28,0.008,,,0.04,,,,0.8,0.9,1e-12,il182
il18rap,IL18RAP,Proteins,0.00148,0.96802,0.01217,0.00057,,0.00083,1e-05,0.00023,0.01333,0.00077,,,0.00014,,,,2e-05,0.00212,0.0003,5e-07,,3e-115,0.2,,2e-09,0.5,0.5,3e-126,7e-09,,,0.01,,,,1.0,0.4,0.0003,il183
il19,IL19,Proteins,0.01152,0.92813,0.00518,0.00303,,0.00981,0.00143,0.00051,0.02622,0.01047,,,0.0,,,,4e-05,0.00143,0.00223,5e-35,,8e-46,4e-19,,5e-97,1e-15,0.02,2e-247,2e-103,,,0.6,,,,0.9,1.0,2.0000000000000002e-23,il19
il1a,IL1A,Proteins,0.00032,0.99643,8e-05,0.00081,,7e-05,1e-05,0.00088,3e-05,0.0,,,0.0,,,,4e-05,0.00133,0.0,0.1,,0.08,0.03,,0.08,0.5,0.0001,0.3,0.9,,,0.7,,,,0.9,1.0,0.9,il1a
il1b,IL1B,Proteins,0.00146,0.94992,0.00027,0.02493,,0.00737,0.0,0.00545,0.00104,0.0016,,,0.00633,,,,4e-05,0.00144,0.00015,7e-09,,0.001,6e-216,,6e-72,0.8,8.000000000000001e-45,3e-11,5e-17,,,4e-62,,,,0.9,1.0,0.01,il1b
il1r1,IL1R1,Proteins,0.00495,0.96327,0.00847,0.00184,,0.00417,2e-05,0.00153,0.00891,0.00033,,,0.00411,,,,2e-05,0.00117,0.00122,1.0000000000000001e-23,,3e-80,2e-09,,6.999999999999999e-42,0.4,4e-10,1.9999999999999998e-84,0.0001,,,2e-41,,,,1.0,1.0,2e-13,il1r
il1r2,IL1R2,Proteins,0.00172,0.93858,0.00856,0.0012,,0.01394,0.00075,0.00082,0.03154,0.00075,,,0.00046,,,,9e-05,0.0013,0.0003,2e-10,,2e-09,6e-05,,3.9999999999999997e-138,6e-09,0.0001,9e-233,6e-09,,,5e-06,,,,0.5,1.0,0.0002,il1r1
il1rap,IL1RAP,Proteins,0.02515,0.87878,0.00128,0.00244,,0.04267,0.00115,0.00068,0.04472,0.00152,,,0.0,,,,9e-05,0.00138,0.00014,7e-217,,0.01,6e-16,,0.0,7e-14,0.0005,0.0,1e-17,,,1.0,,,,0.5,1.0,0.01,il1r2
il1rl1,IL1RL1,Proteins,0.00608,0.83759,0.00621,0.00115,,0.00403,0.00078,0.00101,0.14014,0.0,,,0.0,,,,0.00013,0.00111,0.00178,9e-52,,1e-43,1e-05,,1e-46,3e-10,3e-07,0.0,0.9,,,0.9,,,,0.3,1.0,1e-21,il1r3
il1rl2,IL1RL2,Proteins,0.00558,0.88896,0.01873,0.00238,,0.005,0.00056,0.00036,0.06355,0.01325,,,0.00041,,,,0.00013,0.00105,3e-05,2e-18,,2.0000000000000002e-163,9e-15,,5e-53,3e-07,0.1,0.0,1e-136,,,1e-05,,,,0.3,1.0,0.3,il1r4
il1rn,IL1RN,Proteins,0.00682,0.72832,0.00751,0.00775,,0.23066,0.00073,0.00283,0.00894,0.0019,,,0.00034,,,,0.00013,0.00177,0.0023,3e-58,,5e-96,1.0000000000000001e-82,,0.0,8e-11,1.0000000000000001e-29,7e-114,7e-26,,,9e-06,,,,0.2,0.08,6.0000000000000005e-31,il1r5
il2,IL2,Proteins,0.00033,0.99679,7e-05,0.00086,,0.0,1e-05,0.00032,3e-05,0.0,,,4e-05,,,,6e-05,0.00139,9e-05,0.1,,0.2,0.01,,0.7,0.4,0.3,0.7,1.0,,,0.2,,,,0.8,1.0,0.05,il2
il20,IL20,Proteins,0.0006,0.99019,0.00162,0.00046,,0.00157,0.0,0.0003,0.00323,0.00043,,,9e-05,,,,0.00017,0.00124,9e-05,0.04,,2e-15,0.5,,4e-16,0.9,0.3,1.9999999999999998e-30,2e-05,,,0.05,,,,0.2,1.0,0.05,il20
il20ra,IL20RA,Proteins,0.00064,0.99645,0.00021,0.00056,,3e-05,0.0,0.00014,0.00017,0.00019,,,3e-05,,,,0.00019,0.00127,0.00012,0.02,,0.003,0.3,,0.3,0.9,0.9,0.008,0.004,,,0.3,,,,0.1,1.0,0.02,il201
il20rb,IL20RB,Proteins,0.00092,0.99528,0.00012,0.00041,,0.00031,1e-05,0.00014,2e-05,0.00075,,,0.0007,,,,6e-05,0.00101,0.00028,0.01,,0.02,0.6,,0.0003,0.6,0.9,0.4,2e-08,,,6e-08,,,,0.8,1.0,0.0006,il202
il21r,IL21R,Proteins,0.00044,0.99625,0.00061,0.00072,,2e-05,2e-05,0.00032,0.00028,0.00023,,,2e-05,,,,6e-05,0.00091,0.00012,0.04,,4e-07,0.07,,0.4,0.3,0.3,0.0007,0.002,,,0.3,,,,0.8,1.0,0.03,il21
il22,IL22,Proteins,0.01153,0.88376,0.00345,0.00421,,0.0074,0.0004,0.00056,0.06259,0.02329,,,0.00014,,,,5e-05,0.00126,0.00137,3e-90,,2.0000000000000002e-23,1.9999999999999998e-32,,1e-79,1e-05,0.004,0.0,2e-244,,,0.009,,,,0.8,0.9,3e-16,il22
il22ra1,IL22RA1,Proteins,0.00196,0.97555,0.00687,0.00059,,0.0,0.00023,0.00063,0.01056,0.00016,,,0.00207,,,,9e-05,0.00124,4e-05,2e-08,,5e-42,0.2,,0.8,0.002,0.005,2e-76,0.008,,,5e-21,,,,0.5,1.0,0.2,il221
il24,IL24,Proteins,0.00097,0.99616,9e-05,0.00098,,2e-05,1e-05,0.00034,9e-05,5e-05,,,0.0,,,,7e-05,0.00118,3e-05,0.0003,,0.4,0.003,,0.4,0.5,0.2,0.4,0.2,,,0.8,,,,0.7,1.0,0.2,il24
il25,IL25,Proteins,0.00043,0.99718,2e-05,0.0005,,2e-05,0.0,0.00036,7e-05,9e-05,,,5e-05,,,,9e-05,0.00114,6e-05,0.05,,0.5,0.4,,0.4,0.9,0.2,0.1,0.05,,,0.1,,,,0.6,1.0,0.1,il25
il2ra,IL2RA,Proteins,0.0255,0.9111,0.01431,0.00334,,0.0224,0.00055,0.00087,0.00243,0.01366,,,0.00028,,,,9e-05,0.00138,0.00409,2.0000000000000002e-186,,1e-144,1e-22,,1e-224,4e-07,3e-05,4.9999999999999996e-26,1.9999999999999998e-138,,,0.0003,,,,0.6,1.0,7e-43,il2r
il2rb,IL2RB,Proteins,0.00393,0.98909,0.00026,0.00068,,0.00012,0.0001,0.00037,0.00182,0.00265,,,2e-05,,,,0.0001,0.00086,1e-05,9.999999999999999e-31,,0.002,0.09,,0.03,0.04,0.2,4e-18,3e-26,,,0.4,,,,0.5,1.0,0.6,il2r1
il2rg,IL2RG,Proteins,0.00326,0.98193,0.00185,0.00058,,0.0009,3e-05,0.00036,0.0087,0.00026,,,0.0,,,,0.00029,0.00133,0.00049,8.000000000000001e-28,,1e-10,0.2,,4e-10,0.2,0.1,1.0000000000000001e-75,0.0008,,,0.7,,,,0.03,1.0,4e-06,il2r2
il3,IL3,Proteins,0.00052,0.99715,4e-05,0.00062,,1e-05,1e-05,0.00031,0.0,0.0,,,2e-05,,,,7e-05,0.00116,8e-05,0.01,,0.2,0.2,,0.4,0.5,0.3,0.7,0.7,,,0.4,,,,0.7,1.0,0.07,il3
il31,IL31,Proteins,0.00137,0.99452,0.00063,0.00054,,0.00013,0.0,0.00016,0.00108,7e-05,,,1e-05,,,,2e-05,0.0013,0.00019,2e-07,,4e-06,0.3,,0.02,0.7,0.8,2e-10,0.1,,,0.6,,,,1.0,1.0,0.005,il31
il31ra,IL31RA,Proteins,0.01663,0.95624,0.01056,0.0025,,1e-05,0.00015,0.00215,0.00986,0.00029,,,0.00048,,,,3e-05,0.00107,3e-05,9e-149,,3e-09,4e-14,,0.6,0.01,4e-15,0.03,0.0004,,,5e-06,,,,0.9,1.0,0.3,il311
il32,IL32,Proteins,0.00387,0.91412,0.04202,0.00179,,0.01109,6e-05,0.00062,0.02217,0.00133,,,0.0,,,,3e-05,0.0011,0.00181,2.0000000000000002e-23,,0.0,1e-09,,1e-113,0.1,0.002,6e-199,3e-15,,,0.9,,,,0.9,1.0,5e-20,il32
il33,IL33,Proteins,0.0006,0.99258,0.00212,0.00058,,0.00027,0.0,0.0008,9e-05,0.00087,,,0.00018,,,,6e-05,0.00141,0.00045,0.0003,,4e-21,0.2,,0.0007,0.6,0.0004,0.06,1e-09,,,0.007,,,,0.8,1.0,1e-05,il33
il34,IL34,Proteins,0.00103,0.99141,0.00138,0.00052,,0.00143,0.0001,0.00013,0.00036,0.00242,,,5e-05,,,,5e-05,0.00109,3e-05,1e-05,,5e-12,0.3,,9e-15,0.04,0.9,0.02,8.000000000000001e-24,,,0.1,,,,0.8,1.0,0.3,il34
il36a,IL36A,Proteins,0.00059,0.99594,0.00056,0.00041,,2e-05,0.0,0.00031,0.0006,7e-05,,,1e-05,,,,4e-05,0.00144,1e-05,0.01,,2e-06,0.6,,0.4,1.0,0.3,7e-07,0.08,,,0.6,,,,0.9,1.0,0.5,il36
il36g,IL36G,Proteins,0.00406,0.96107,0.00177,0.00166,,0.0106,0.0,0.00088,0.01787,0.00059,,,3e-05,,,,8e-05,0.00125,0.00014,1.9999999999999998e-32,,7e-17,1e-07,,4e-101,1.0,8e-05,4.9999999999999994e-167,5e-07,,,0.3,,,,0.6,1.0,0.01,il361
il3ra,IL3RA,Proteins,0.00579,0.91124,0.00027,0.00117,,0.00169,0.00017,0.00041,0.07371,0.00315,,,0.00017,,,,2e-05,0.00158,0.00062,1e-18,,0.4,6e-05,,1e-18,0.005,0.07,0.0,3e-33,,,0.005,,,,1.0,0.8,9e-08,il3r
il4,IL4,Proteins,0.00109,0.99539,0.0,0.00111,,1e-05,9e-05,0.0006,9e-05,0.0,,,0.0001,,,,4e-05,0.00142,4e-05,2e-08,,0.7,0.0006,,0.5,0.05,0.008,0.05,0.9,,,0.04,,,,0.9,1.0,0.2,il4
il4r,IL4R,Proteins,0.00584,0.93888,0.02381,0.00644,,0.00439,0.00025,0.00334,0.00617,0.00437,,,0.0028,,,,0.00011,0.00121,0.0024,7.999999999999999e-30,,1.9999999999999999e-230,6e-50,,4.0000000000000006e-45,0.0007,9e-27,5e-59,6e-45,,,2.0000000000000002e-29,,,,0.4,1.0,1.9999999999999998e-25,il4r
il5,IL5,Proteins,0.00037,0.98826,0.00373,0.00074,,0.0,1e-05,0.0002,0.00506,0.00023,,,0.0,,,,0.0001,0.00129,1e-05,0.1,,2.0000000000000003e-34,0.05,,1.0,0.6,0.7,1e-46,0.002,,,1.0,,,,0.5,1.0,0.5,il5
il5ra,IL5RA,Proteins,0.02847,0.9357,0.01755,0.00403,,0.00354,0.00031,0.00023,0.00785,0.00014,,,2e-05,,,,5e-05,0.00133,0.00077,2e-178,,9.999999999999999e-123,2.0000000000000002e-28,,8e-37,0.0002,0.5,3e-27,0.01,,,0.3,,,,0.8,1.0,3e-09,il5r
il6,IL6,Proteins,0.00575,0.77484,0.04266,0.00633,,0.13414,0.00408,0.00084,0.0008,0.0081,,,0.01599,,,,0.00018,0.00229,0.00402,3e-34,,0.0,3e-61,,0.0,1.9999999999999998e-50,3e-06,5e-07,4e-98,,,6.999999999999999e-191,,,,0.07,0.01,1.0000000000000001e-49,il6
il6r,IL6R,Proteins,0.03311,0.94431,0.00582,0.00254,,0.00657,2e-05,0.00036,0.00503,6e-05,,,0.00019,,,,0.00015,0.00138,0.00045,1.0000000000000001e-298,,3.9999999999999996e-30,5e-15,,2e-65,0.4,0.1,2e-22,0.1,,,0.004,,,,0.2,1.0,7e-06,il6r
il6st,IL6ST,Proteins,0.00502,0.94445,0.03173,0.00211,,0.00324,0.00018,0.00116,0.00928,0.00034,,,0.00036,,,,6e-05,0.00106,0.00102,1.0000000000000001e-23,,4.0000000000000003e-233,1e-11,,2e-33,0.004,2e-07,5e-16,9e-05,,,5e-05,,,,0.8,1.0,1e-11,il6s
il7,IL7,Proteins,0.00415,0.96667,0.00063,0.01253,,0.00381,7e-05,0.0026,0.00021,0.00045,,,0.00685,,,,7e-05,0.00188,8e-05,3.9999999999999997e-25,,1e-06,2e-103,,3e-38,0.07,3e-19,0.02,8e-06,,,3e-67,,,,0.7,0.5,0.06,il7
il7r,IL7R,Proteins,0.00597,0.93298,0.00176,0.00126,,0.01988,9e-05,0.00036,0.00561,0.02959,,,0.00082,,,,0.0001,0.00151,6e-05,4e-40,,4e-09,2e-05,,1e-197,0.04,0.1,1e-47,1e-291,,,9e-10,,,,0.4,0.9,0.1,il7r
il9,IL9,Proteins,0.00051,0.99714,9e-05,0.0005,,2e-05,1e-05,9e-05,6e-05,0.00019,,,1e-05,,,,2e-05,0.00135,2e-05,0.03,,0.2,0.4,,0.3,0.5,1.0,0.4,0.004,,,0.6,,,,1.0,1.0,0.4,il9
ilkap,ILKAP,Proteins,0.00166,0.9622,0.00059,0.02271,,0.00482,8e-05,0.00244,0.00132,0.00166,,,0.00083,,,,9e-05,0.00158,0.0,3e-08,,0.9,3e-193,,2.9999999999999997e-47,0.06,1e-17,2e-08,3e-17,,,2e-09,,,,0.6,0.9,0.9,ilka
immt,IMMT,Proteins,0.0035,0.88712,0.01799,0.00432,,0.04996,0.00207,0.00155,0.0252,0.00434,,,0.00011,,,,3e-05,0.0015,0.00232,9e-22,,1e-173,3e-33,,0.0,2.0000000000000002e-23,2e-11,1e-247,2e-47,,,0.02,,,,0.9,0.7,3.9999999999999996e-26,immt
impa1,IMPA1,Proteins,0.00161,0.96313,0.001,0.02367,,0.0005,3e-05,0.00281,0.00083,0.0,,,0.00418,,,,0.00014,0.00205,4e-05,3e-07,,0.001,3e-205,,3e-06,0.2,3e-21,0.08,0.7,,,7.999999999999999e-42,,,,0.3,0.4,0.2,impa
impact,IMPACT,Proteins,0.00245,0.91038,0.00269,0.05608,,0.00852,9e-05,0.00565,0.00624,0.00059,,,0.00475,,,,0.00019,0.00231,6e-05,1e-09,,5e-16,0.0,,5.0000000000000004e-89,0.04,9.999999999999999e-51,1e-52,1e-07,,,9.999999999999999e-51,,,,0.1,0.02,0.08,impa1
impg1,IMPG1,Proteins,0.00094,0.99462,0.00038,0.00117,,0.00027,8e-05,0.00027,0.00074,0.00051,,,3e-05,,,,4e-05,0.00086,9e-05,4e-06,,0.0003,0.0003,,0.0008,0.06,0.4,1e-07,4e-06,,,0.3,,,,0.9,1.0,0.05,impg
ing1,ING1,Proteins,0.0013,0.9714,0.00037,0.01359,,0.00594,3e-05,0.00221,0.00272,0.00112,,,1e-05,,,,6e-05,0.00114,0.0001,0.001,,0.7,9e-110,,3e-57,0.2,2e-15,1.0000000000000001e-23,4e-12,,,0.6,,,,0.8,1.0,0.04,ing1
inhbb,INHBB,Proteins,0.0108,0.84757,0.03044,0.00232,,0.04953,0.00122,0.00048,0.02158,0.00659,,,0.02417,,,,6e-05,0.00152,0.00371,1e-73,,1e-323,2e-15,,0.0,9e-15,0.01,4e-231,1.0000000000000001e-72,,,9.000000000000001e-259,,,,0.7,0.6,7.999999999999999e-42,inhb
inhbc,INHBC,Proteins,0.01436,0.79521,0.01575,0.0027,,0.16571,8e-05,0.00062,0.00119,0.00157,,,8e-05,,,,2e-05,0.00183,0.00088,7e-76,,2e-179,7e-21,,0.0,0.04,0.0004,9e-11,4e-20,,,0.04,,,,1.0,0.2,6e-12,inhb1
inpp1,INPP1,Proteins,0.01108,0.94723,0.00353,0.02088,,0.00219,0.00016,0.00282,0.00452,0.00093,,,0.00429,,,,3e-05,0.00231,4e-05,2e-98,,6e-19,1e-183,,4.0000000000000004e-23,0.007,1e-21,1.0000000000000001e-28,1e-10,,,1e-43,,,,0.9,0.2,0.2,inpp
inpp5d,INPP5D,Proteins,0.00224,0.87724,0.00101,0.06345,,0.0189,0.0,0.01368,0.01508,0.00549,,,5e-05,,,,8e-05,0.00277,0.0,5e-09,,0.03,0.0,,4e-196,0.8,7e-132,5e-148,8e-59,,,0.1,,,,0.6,0.0008,0.9,inpp1
inpp5j,INPP5J,Proteins,0.00326,0.949,0.00135,0.00833,,0.00033,3e-05,0.00206,0.03342,0.00022,,,0.00071,,,,4e-05,0.00125,2e-05,1e-21,,1e-11,2e-67,,0.0001,0.3,4e-15,2e-322,0.002,,,1e-08,,,,0.9,1.0,0.4,inpp2
inppl1,INPPL1,Proteins,0.00207,0.91756,0.00076,0.05654,,0.00436,0.00024,0.01033,0.00185,0.00045,,,0.00272,,,,8e-05,0.00301,3e-05,1e-09,,0.0009,0.0,,9e-46,0.0008,4e-95,5e-15,5e-06,,,3e-29,,,,0.6,0.001,0.3,inpp3
insl3,INSL3,Proteins,0.0025,0.3471,0.00452,0.00076,,0.00122,0.00118,0.00121,0.60876,0.00455,,,0.0,,,,0.001,0.02716,4e-05,1e-21,,1e-80,2e-11,,1.0000000000000001e-34,1e-33,1.9999999999999998e-26,0.0,1e-123,,,0.5,,,,5e-25,0.0,0.02,insl
insl4,INSL4,Proteins,0.00314,0.97047,0.00365,0.00069,,0.00495,0.00047,0.00047,0.01268,0.00018,,,0.00084,,,,4e-05,0.00113,0.00128,3e-16,,2e-36,0.06,,2.0000000000000003e-49,5e-06,0.04,9.999999999999999e-123,0.004,,,1e-09,,,,0.9,1.0,5e-14,insl1
insl5,INSL5,Proteins,0.01608,0.86541,0.00674,0.00217,,0.03157,1e-05,0.00035,0.06579,0.00243,,,0.00702,,,,0.00036,0.00157,0.0005,6e-148,,8e-71,6e-14,,0.0,0.5,0.09,0.0,6e-28,,,3e-77,,,,0.003,0.5,6e-07,insl2
insr,INSR,Proteins,0.00559,0.98479,0.00404,0.00119,,0.00044,0.0,0.00036,0.00203,0.00024,,,5e-05,,,,5e-05,0.00073,0.00049,5.999999999999999e-47,,7.999999999999999e-32,0.0002,,2e-05,1.0,0.2,4e-13,0.001,,,0.1,,,,0.8,1.0,6e-06,insr
ipcef1,IPCEF1,Proteins,0.00269,0.93967,0.00123,0.02613,,0.01422,6e-05,0.00383,0.00791,0.00198,,,0.00039,,,,7e-05,0.00182,0.0,2e-09,,0.001,2.0000000000000001e-233,,4e-140,0.1,5e-31,3e-69,4e-21,,,3e-05,,,,0.7,0.7,0.8,ipce
iqgap2,IQGAP2,Proteins,0.00123,0.93639,0.00216,0.03254,,0.01568,0.0,0.00528,0.00406,0.00021,,,0.00019,,,,0.00021,0.00196,0.0001,9e-06,,3e-11,4e-296,,1e-155,0.9,5.0000000000000004e-45,3.9999999999999996e-30,0.002,,,0.004,,,,0.09,0.6,0.03,iqga
irag2,IRAG2,Proteins,0.00089,0.93008,0.00058,0.04853,,0.00113,0.00019,0.01476,0.00043,4e-05,,,0.00013,,,,0.00016,0.00306,1e-05,0.0001,,0.0003,0.0,,1e-12,0.004,5e-134,0.01,0.2,,,0.01,,,,0.2,0.0003,0.6,irag
irak1,IRAK1,Proteins,0.00171,0.92465,0.00083,0.05132,,0.00555,5e-05,0.00772,0.00306,0.00028,,,0.00223,,,,0.00011,0.00249,1e-05,6e-09,,0.04,0.0,,1.9999999999999999e-56,0.1,6e-68,1.0000000000000001e-24,0.0004,,,1.0000000000000001e-23,,,,0.4,0.02,0.4,irak
irak4,IRAK4,Proteins,0.00339,0.95138,0.00062,0.02902,,0.00503,6e-05,0.00224,0.00075,0.00015,,,0.00443,,,,0.00037,0.0025,5e-05,4e-22,,1.0,7e-259,,9.999999999999999e-51,0.09,2e-16,0.02,0.009,,,7e-45,,,,0.005,0.02,0.1,irak1
islr2,ISLR2,Proteins,0.00995,0.96483,0.00316,0.00165,,0.00608,0.00021,0.00015,0.00358,0.00822,,,0.00061,,,,0.00021,0.00132,2e-05,9.999999999999999e-51,,5e-06,1e-07,,1e-58,0.002,0.8,4e-10,1e-78,,,3e-07,,,,0.1,1.0,0.4,islr
ism1,ISM1,Proteins,0.00589,0.89521,0.02838,0.00235,,0.03441,0.00019,0.00064,0.02296,0.0004,,,0.00772,,,,7e-05,0.00122,0.00058,4e-27,,8.000000000000001e-271,1e-14,,0.0,0.003,0.001,3e-216,1e-05,,,2.0000000000000002e-81,,,,0.6,1.0,2e-07,ism1
ism2,ISM2,Proteins,0.00036,0.99716,0.0,0.00062,,0.0,1e-05,0.00027,2e-05,0.0,,,4e-05,,,,5e-05,0.00139,8e-05,0.03,,0.8,0.1,,0.9,0.4,0.4,0.4,1.0,,,0.2,,,,0.8,1.0,0.06,ism2
ist1,IST1,Proteins,0.00243,0.95566,0.00119,0.02442,,0.00388,3e-05,0.00285,0.00146,0.0002,,,0.00541,,,,2e-05,0.00239,7e-05,4e-09,,0.04,7e-215,,2.0000000000000002e-39,0.3,8e-22,5e-05,0.003,,,2.9999999999999995e-54,,,,1.0,0.02,0.07,ist1
itga11,ITGA11,Proteins,0.00387,0.91101,0.01563,0.00492,,0.03707,0.00171,0.00237,0.01469,0.00549,,,0.00093,,,,5e-05,0.00163,0.00063,4e-16,,2e-59,2e-37,,0.0,4e-19,1e-18,5e-50,2e-57,,,4e-11,,,,0.8,0.7,6e-08,itga
itga2,ITGA2,Proteins,0.00461,0.90714,0.01286,0.00403,,0.00773,0.00139,0.00072,0.05404,0.00552,,,0.00026,,,,0.00011,0.00152,7e-05,7e-13,,2e-94,6e-29,,2e-79,1e-15,0.0005,0.0,2e-57,,,0.0005,,,,0.4,0.8,0.07,itga1
itga5,ITGA5,Proteins,0.00472,0.83993,0.0349,0.00422,,0.10157,0.00076,0.00083,0.00887,0.00029,,,0.00039,,,,0.00017,0.00143,0.00192,2e-31,,9e-314,2.0000000000000003e-34,,0.0,5e-10,2e-05,2e-31,0.0001,,,8e-06,,,,0.1,0.9,6e-23,itga2
itga6,ITGA6,Proteins,0.00317,0.97254,0.00275,0.01043,,0.00016,0.00074,0.00206,0.00103,0.00044,,,0.00504,,,,0.00011,0.00133,0.00019,2e-19,,5e-20,1e-83,,0.009,1e-08,2e-14,0.003,1e-05,,,1.0000000000000001e-49,,,,0.4,1.0,0.004,itga3
itgal,ITGAL,Proteins,0.00307,0.93792,0.01458,0.00917,,0.02154,0.00032,0.00403,0.00703,0.00011,,,2e-05,,,,7e-05,0.00152,0.00062,1e-12,,6e-129,1e-73,,7e-208,0.0002,1.9999999999999998e-32,9.999999999999999e-57,0.03,,,0.4,,,,0.7,0.8,1e-07,itga4
itgam,ITGAM,Proteins,0.02027,0.91781,0.00582,0.00757,,0.0005,0.00023,0.00438,0.02516,0.01629,,,0.00021,,,,0.00014,0.00154,8e-05,9.999999999999999e-194,,8e-48,2.9999999999999997e-62,,1e-06,0.001,2e-37,2e-240,3.0000000000000003e-165,,,0.002,,,,0.3,0.9,0.06,itga5
itgav,ITGAV,Proteins,0.00717,0.85761,0.07425,0.00345,,0.02773,0.00094,0.00083,0.0205,0.00548,,,0.00017,,,,2e-05,0.00156,0.00029,3e-21,,0.0,1.9999999999999998e-26,,5e-300,6e-12,2e-05,2e-146,1e-61,,,0.003,,,,1.0,0.8,0.0001,itga6
itgax,ITGAX,Proteins,0.00047,0.99607,0.00025,0.00045,,0.00011,0.0,0.00034,0.00051,2e-05,,,8e-05,,,,0.0001,0.00126,0.00032,0.02,,0.001,0.5,,0.03,0.9,0.2,4e-06,0.3,,,0.06,,,,0.5,1.0,0.0002,itga7
itgb1,ITGB1,Proteins,0.00241,0.89809,0.05117,0.00516,,0.00356,5e-05,0.00043,0.02935,0.00755,,,0.00061,,,,3e-05,0.00125,0.00033,8e-14,,0.0,2.9999999999999998e-40,,2e-38,0.1,0.04,6e-202,3e-79,,,7e-08,,,,0.9,1.0,7e-05,itgb
itgb1bp1,ITGB1BP1,Proteins,0.00049,0.99153,0.00042,0.00405,,0.00036,0.00011,0.00054,0.00076,2e-05,,,0.0,,,,0.0002,0.00145,6e-05,0.006,,0.02,9e-26,,9e-05,0.03,0.02,1e-05,0.3,,,0.6,,,,0.1,1.0,0.1,itgb1
itgb1bp2,ITGB1BP2,Proteins,0.00197,0.95771,0.00068,0.02843,,0.00239,0.00011,0.00254,0.00094,6e-05,,,0.00304,,,,5e-05,0.00207,0.0,2e-06,,4e-07,1e-246,,2.0000000000000002e-24,0.03,1e-18,1e-09,0.1,,,9.999999999999999e-31,,,,0.8,0.3,0.9,itgb2
itgb2,ITGB2,Proteins,0.0133,0.8806,0.02161,0.00547,,0.01259,6e-05,0.00334,0.0418,0.0184,,,0.00136,,,,0.00015,0.0012,0.00013,3e-129,,1e-203,8e-44,,5e-132,0.09,2.0000000000000002e-28,0.0,1.9999999999999997e-191,,,7e-16,,,,0.2,1.0,0.01,itgb3
itgb5,ITGB5,Proteins,0.0054,0.92774,0.04418,0.00758,,0.00161,0.00076,0.00148,0.00752,0.00135,,,0.00051,,,,0.00019,0.00168,2e-05,3e-29,,0.0,1e-61,,7e-18,3e-09,3e-10,2e-57,3e-15,,,1e-06,,,,0.1,0.9,0.3,itgb4
itgb6,ITGB6,Proteins,0.00194,0.85705,0.00082,0.00227,,0.01215,5e-05,0.00164,0.1214,0.00027,,,0.00073,,,,4e-05,0.00139,0.00025,6e-09,,1e-08,1e-14,,3e-130,0.1,1e-12,0.0,0.0003,,,3e-09,,,,0.9,0.9,0.0004,itgb5
itgb7,ITGB7,Proteins,0.00659,0.97608,0.00551,0.00142,,0.0,0.00016,0.0005,0.00569,0.00243,,,3e-05,,,,0.00023,0.00112,0.00026,9.999999999999999e-43,,1.9999999999999998e-25,3e-06,,0.7,0.009,0.02,5e-27,5e-25,,,0.3,,,,0.07,1.0,0.0008,itgb6
itgbl1,ITGBL1,Proteins,0.01405,0.85841,0.08549,0.00321,,0.02935,0.00055,0.00059,0.00224,0.00012,,,0.00102,,,,6e-05,0.00148,0.00344,8.999999999999999e-142,,0.0,6e-24,,2e-316,1e-07,0.002,2e-22,0.01,,,1e-12,,,,0.7,0.8,3e-39,itgb7
itih1,ITIH1,Proteins,0.00071,0.99151,0.00151,0.00084,,0.00079,0.0,0.00028,0.00098,0.00058,,,4e-05,,,,0.00036,0.00241,0.0,2e-05,,8e-15,0.01,,5e-09,0.7,0.4,9e-10,5e-07,,,0.2,,,,0.008,0.04,0.7,itih
itih3,ITIH3,Proteins,0.00478,0.85538,0.03266,0.00131,,0.00557,0.00024,0.00082,0.09568,5e-05,,,0.00054,,,,6e-05,0.00139,0.00154,2e-22,,0.0,1e-06,,4e-62,0.0006,3e-05,0.0,0.1,,,2e-07,,,,0.7,0.9,2e-18,itih1
itih4,ITIH4,Proteins,0.0141,0.86239,0.00092,0.00588,,0.01878,0.00029,0.00059,0.09362,4e-05,,,0.00165,,,,0.00038,0.00133,3e-05,2e-121,,6e-11,3e-50,,2e-203,0.0001,0.002,0.0,0.2,,,1e-19,,,,0.002,0.9,0.2,itih2
itih5,ITIH5,Proteins,0.00058,0.9955,1e-05,0.00051,,0.0,1e-05,0.00032,0.00196,0.0,,,4e-05,,,,0.00011,0.00095,0.0,0.01,,0.6,0.3,,0.9,0.5,0.2,4e-20,0.9,,,0.2,,,,0.4,1.0,0.9,itih3
itm2a,ITM2A,Proteins,0.00144,0.97111,0.00618,0.00837,,1e-05,3e-05,0.00643,0.00076,0.00107,,,9e-05,,,,0.0006,0.00367,0.00024,9e-07,,4.0000000000000004e-60,3e-65,,0.5,0.2,7.999999999999999e-54,3e-08,7e-12,,,0.04,,,,7e-05,1e-06,0.001,itm2
itpa,ITPA,Proteins,0.00228,0.95613,0.00157,0.01723,,0.00079,0.00021,0.00481,0.00787,0.00495,,,0.00227,,,,0.00025,0.00164,1e-05,5e-09,,3e-12,1e-144,,5e-09,0.002,1e-38,6e-72,1e-48,,,3e-23,,,,0.05,0.9,0.6,itpa
itpr1,ITPR1,Proteins,0.00296,0.97136,0.0033,0.00442,,0.00666,0.00049,0.00074,0.00124,0.00321,,,0.0041,,,,0.00014,0.00127,0.0001,2e-12,,3e-26,9e-30,,4e-64,4e-06,0.0008,9e-07,6e-32,,,2.9999999999999998e-40,,,,0.3,1.0,0.04,itpr
itprip,ITPRIP,Proteins,0.00302,0.98459,0.00433,0.00098,,0.00168,6e-05,0.00021,0.00313,0.00072,,,0.00012,,,,1e-05,0.00092,0.00023,1e-19,,4e-41,0.003,,4e-17,0.1,0.6,3.9999999999999996e-30,3e-08,,,0.02,,,,1.0,1.0,0.002,itpr1
ivd,IVD,Proteins,0.00033,0.99615,0.00033,0.00109,,1e-05,0.00014,0.00051,0.00011,0.0,,,0.0,,,,8e-05,0.00126,0.0,0.05,,0.0004,0.0009,,0.5,0.02,0.03,0.06,1.0,,,0.8,,,,0.7,1.0,0.8,ivd
izumo1,IZUMO1,Proteins,0.00075,0.96633,0.00028,0.0007,,0.0,3e-05,0.00039,0.0303,8e-05,,,0.0,,,,4e-05,0.0011,1e-05,0.009,,0.06,0.07,,0.8,0.3,0.1,6.9999999999999994e-279,0.07,,,0.9,,,,0.9,1.0,0.6,izum
jam2,JAM2,Proteins,0.00475,0.87914,0.07095,0.00784,,0.01591,6e-05,0.00238,0.01164,8e-05,,,0.00384,,,,7e-05,0.00123,0.00212,2e-22,,0.0,1e-68,,9e-170,0.09,9e-20,1e-83,0.05,,,9.999999999999999e-43,,,,0.6,1.0,3e-24,jam2
jam3,JAM3,Proteins,0.00222,0.97117,0.00528,0.00703,,0.0045,7e-05,0.0029,0.00073,0.00048,,,0.00391,,,,0.00012,0.00132,0.00026,1e-11,,5.999999999999999e-47,2e-52,,4e-44,0.08,2e-21,0.001,5e-06,,,1e-38,,,,0.4,1.0,0.0007,jam3
jchain,JCHAIN,Proteins,0.00088,0.97321,0.00389,0.00079,,0.00064,0.0,0.00017,0.01735,0.00098,,,5e-05,,,,8e-05,0.00126,0.00069,0.0003,,7e-22,0.03,,2e-07,0.7,0.8,6e-147,9e-11,,,0.1,,,,0.6,1.0,5e-08,jcha
jmjd1c,JMJD1C,Proteins,0.00087,0.99617,0.00028,0.00043,,0.00015,3e-05,0.00024,1e-05,0.00064,,,1e-05,,,,6e-05,0.00112,0.0,0.006,,0.0007,0.6,,0.01,0.3,0.5,0.4,2e-07,,,0.6,,,,0.8,1.0,1.0,jmjd
jpt2,JPT2,Proteins,0.00399,0.95313,0.00065,0.02639,,0.00336,7e-05,0.00321,0.00044,0.00043,,,0.0053,,,,9e-05,0.00289,5e-05,8e-27,,0.002,1e-235,,1.0000000000000001e-34,0.08,1.9999999999999998e-25,0.7,1e-05,,,1e-53,,,,0.5,0.0002,0.1,jpt2
jun,JUN,Proteins,0.00272,0.98073,0.00337,0.00089,,0.00862,0.0002,0.00046,0.00067,6e-05,,,0.00025,,,,7e-05,0.00121,0.00074,7e-18,,6e-33,0.009,,1.0000000000000001e-81,0.003,0.05,1e-07,0.1,,,0.001,,,,0.7,1.0,2e-08,jun
kazald1,KAZALD1,Proteins,0.00603,0.9493,0.002,0.00096,,0.00096,2e-05,0.00056,0.02183,0.0168,,,7e-05,,,,2e-05,0.00128,0.00018,4e-35,,1e-14,0.002,,6e-11,0.4,0.009,7e-206,3e-164,,,0.07,,,,1.0,1.0,0.004,kaza
kazn,KAZN,Proteins,0.00197,0.92203,0.00098,0.05259,,0.0047,0.00026,0.0117,0.00082,0.0001,,,0.0019,,,,0.00016,0.00272,7e-05,4e-06,,0.0003,0.0,,2.0000000000000003e-49,0.0006,7e-109,0.01,0.03,,,6e-21,,,,0.2,0.0005,0.06,kazn
kcnc4,KCNC4,Proteins,0.00045,0.99503,0.00034,0.00076,,8e-05,5e-05,0.00034,0.00155,7e-05,,,0.0,,,,0.00014,0.00114,6e-05,0.002,,0.001,0.05,,0.06,0.2,0.2,4e-15,0.1,,,0.9,,,,0.3,1.0,0.1,kcnc
kcnh2,KCNH2,Proteins,0.00116,0.99439,0.00052,0.0004,,0.00018,3e-05,0.00021,0.00123,0.00039,,,0.0,,,,0.00014,0.00125,0.0001,0.0004,,1e-05,0.6,,0.006,0.2,0.7,3e-12,5e-05,,,0.8,,,,0.3,1.0,0.04,kcnh
kcnip4,KCNIP4,Proteins,0.00077,0.99399,1e-05,0.00039,,0.00072,9e-05,0.0004,0.00184,0.0005,,,3e-05,,,,7e-05,0.0011,8e-05,0.03,,0.9,0.7,,4e-08,0.05,0.1,2e-18,4e-06,,,0.3,,,,0.7,1.0,0.07,kcni
kctd5,KCTD5,Proteins,0.00672,0.88901,0.01447,0.01841,,0.04448,0.00141,0.00879,0.01356,0.00041,,,4e-05,,,,0.00012,0.00174,0.00085,2e-47,,1.0000000000000001e-131,4e-170,,0.0,3e-16,5.0000000000000004e-82,1.9999999999999998e-122,1e-05,,,0.2,,,,0.3,0.4,2e-10,kctd
kdm3a,KDM3A,Proteins,0.00198,0.98726,0.00204,0.00074,,0.00079,0.00018,0.0003,0.0,0.0055,,,0.0,,,,7e-05,0.00112,2e-05,5e-07,,2e-20,0.05,,8e-09,0.006,0.3,0.9,3e-52,,,0.7,,,,0.7,1.0,0.4,kdm3
kdr,KDR,Proteins,0.00162,0.94801,0.0172,0.0015,,0.01538,0.00086,0.00068,0.00867,0.00294,,,0.00047,,,,0.00013,0.00146,0.0011,1e-07,,1.0000000000000001e-88,5e-07,,7.999999999999999e-152,5e-10,0.001,0.0001,9.999999999999999e-31,,,4e-06,,,,0.3,1.0,2e-12,kdr
kel,KEL,Proteins,0.0058,0.88301,0.00618,0.02617,,0.00832,0.0009,0.0022,0.06423,0.00018,,,0.00069,,,,3e-05,0.00187,0.00041,8e-40,,3e-46,6e-246,,4e-87,6e-11,3e-17,0.0,0.003,,,1e-08,,,,0.9,0.5,1e-05,kel
khdc3l,KHDC3L,Proteins,0.00091,0.99696,0.00026,0.00053,,6e-05,1e-05,0.0001,3e-05,8e-05,,,1e-05,,,,8e-05,0.00096,1e-05,0.006,,0.001,0.3,,0.1,0.4,1.0,0.3,0.07,,,0.5,,,,0.6,1.0,0.6,khdc
khk,KHK,Proteins,0.00479,0.89464,0.0053,0.00615,,0.06019,0.00038,0.00271,0.0199,0.00225,,,0.00178,,,,6e-05,0.00181,3e-05,3e-18,,1e-08,4.0000000000000005e-49,,0.0,3e-05,7e-22,2e-156,1.0000000000000001e-24,,,7e-20,,,,0.7,0.5,0.3,khk
kiaa0319,KIAA0319,Proteins,0.00506,0.90964,0.02309,0.00517,,0.04183,0.00041,0.00076,0.00857,0.00275,,,0.00045,,,,0.00012,0.00112,0.00102,8.000000000000001e-34,,9.000000000000001e-225,2e-40,,0.0,1e-05,0.0002,5e-78,3.9999999999999996e-30,,,4e-06,,,,0.3,1.0,4e-12,kiaa
kiaa1549,KIAA1549,Proteins,0.00057,0.99643,5e-05,0.0007,,0.00042,1e-05,0.00029,1e-05,2e-05,,,2e-05,,,,8e-05,0.00138,3e-05,0.003,,0.1,0.08,,2e-05,0.4,0.4,0.7,0.3,,,0.4,,,,0.7,1.0,0.3,kiaa1
kiaa1549l,KIAA1549L,Proteins,0.00078,0.99343,0.00052,0.00067,,0.00189,4e-05,0.00042,0.00041,0.00032,,,2e-05,,,,7e-05,0.00142,1e-05,0.0004,,4e-05,0.1,,3e-19,0.2,0.09,0.0004,0.0002,,,0.3,,,,0.7,0.9,0.6,kiaa2
kiaa2013,KIAA2013,Proteins,0.00159,0.99399,0.00014,0.00039,,0.0001,0.00013,0.00029,0.00017,0.00189,,,2e-05,,,,0.00034,0.00091,5e-05,9e-08,,0.03,0.7,,0.04,0.02,0.3,0.02,2e-19,,,0.3,,,,0.01,1.0,0.2,kiaa3
kif1c,KIF1C,Proteins,0.00362,0.94047,0.0198,0.00673,,0.02331,0.00015,0.00105,0.00087,0.00029,,,6e-05,,,,5e-05,0.00152,0.00208,1e-20,,9.000000000000001e-187,3e-51,,1e-223,0.009,2e-06,6e-06,0.0003,,,0.1,,,,0.8,0.9,1e-21,kif1
kif20b,KIF20B,Proteins,0.00101,0.9962,0.00024,0.00057,,3e-05,8e-05,0.00054,0.00015,4e-05,,,1e-05,,,,0.00015,0.00099,2e-05,0.001,,0.003,0.3,,0.2,0.07,0.02,0.03,0.2,,,0.6,,,,0.3,1.0,0.4,kif2
kif22,KIF22,Proteins,0.00302,0.95722,0.01101,0.00902,,0.0101,0.0001,0.00262,0.00089,0.00073,,,0.00221,,,,0.00033,0.0027,4e-05,2e-22,,2e-102,2e-70,,5e-97,0.04,3e-19,9e-07,2e-08,,,1e-22,,,,0.01,0.01,0.2,kif21
kifbp,KIFBP,Proteins,0.00231,0.95863,0.00057,0.02474,,0.00496,7e-05,0.00213,0.00063,0.00013,,,0.00342,,,,0.00021,0.0022,2e-05,5e-08,,0.8,5e-217,,1.0000000000000001e-49,0.08,2e-15,0.08,0.02,,,9e-35,,,,0.1,0.3,0.3,kifb
kir2dl2,KIR2DL2,Proteins,0.01033,0.95999,0.02131,0.00125,,0.00115,1e-05,0.0004,0.00066,0.00235,,,7e-05,,,,1e-05,0.00155,0.00093,8e-70,,5.999999999999999e-206,3e-05,,8e-13,0.5,0.08,3e-07,1.0000000000000001e-24,,,0.07,,,,1.0,0.8,1e-10,kir2
kir2dl3,KIR2DL3,Proteins,0.0168,0.95511,0.01927,0.0025,,0.00065,8e-05,0.00042,0.00042,0.00214,,,0.00016,,,,4e-05,0.00148,0.00094,3e-129,,9.999999999999999e-183,3e-14,,1e-07,0.06,0.08,8e-05,5e-22,,,0.009,,,,0.9,1.0,1e-10,kir21
kir2ds4,KIR2DS4,Proteins,0.00583,0.98161,0.00098,0.00046,,1e-05,0.0,0.00035,7e-05,1e-05,,,0.0,,,,0.00037,0.01022,8e-05,1.0000000000000001e-34,,3e-10,0.4,,0.6,0.7,0.2,1.0,0.6,,,0.7,,,,0.007,1e-52,0.07,kir22
kir3dl1,KIR3DL1,Proteins,0.0026,0.99015,0.00104,0.00087,,0.00014,0.00028,0.0005,0.00127,0.00068,,,0.0001,,,,0.00032,0.00206,0.0,6e-17,,2e-09,0.01,,0.02,0.0006,0.03,1e-11,8e-08,,,0.04,,,,0.02,0.6,0.7,kir3
kir3dl2,KIR3DL2,Proteins,0.00049,0.99713,0.00023,0.00054,,0.00012,0.0,9e-05,0.00028,0.00011,,,9e-05,,,,4e-05,0.00087,1e-05,0.03,,0.004,0.3,,0.03,0.8,1.0,0.001,0.03,,,0.06,,,,0.9,1.0,0.6,kir31
kirrel1,KIRREL1,Proteins,0.00072,0.99664,0.00014,0.00058,,4e-05,2e-05,0.00015,0.00031,1e-05,,,0.0,,,,0.00012,0.00125,2e-05,0.001,,0.07,0.2,,0.2,0.4,0.9,0.001,0.5,,,0.7,,,,0.4,1.0,0.4,kirr
kirrel2,KIRREL2,Proteins,0.01823,0.93737,0.00073,0.00081,,0.01704,0.0019,0.00014,0.02151,0.00039,,,0.0001,,,,8e-05,0.00146,0.00024,2.9999999999999998e-114,,0.0004,0.02,,2.0000000000000003e-165,4e-20,0.9,1e-203,3e-05,,,0.03,,,,0.6,1.0,0.001,kirr1
kit,KIT,Proteins,0.01899,0.88482,0.03302,0.0045,,0.0283,7e-05,0.00086,0.02029,0.00532,,,6e-05,,,,0.00021,0.00115,0.00241,4e-101,,0.0,7e-35,,2e-293,0.06,2e-05,4e-206,2e-57,,,0.09,,,,0.08,1.0,6e-27,kit
kitlg,KITLG,Proteins,0.01029,0.93653,0.01193,0.00283,,0.01456,0.00061,0.00055,0.00047,0.02088,,,3e-05,,,,0.00013,0.00111,7e-05,1.0000000000000001e-72,,2.9999999999999997e-116,8e-18,,1e-144,2e-07,0.009,0.004,8e-206,,,0.2,,,,0.3,1.0,0.08,kitl
klb,KLB,Proteins,0.00507,0.96811,0.00901,0.00117,,0.01019,0.00023,0.00036,0.00307,0.00103,,,0.00026,,,,2e-05,0.00141,7e-05,1e-17,,9e-84,0.0002,,5e-97,0.002,0.2,3e-28,3e-11,,,0.0009,,,,1.0,1.0,0.09,klb
klf4,KLF4,Proteins,0.0013,0.92626,0.00988,0.01494,,0.02361,0.00212,0.00135,0.00544,0.00412,,,0.00745,,,,9e-05,0.00186,0.00156,0.0002,,1e-87,1.9999999999999999e-128,,4.999999999999999e-230,2e-22,7e-09,2e-44,3.9999999999999995e-42,,,1e-74,,,,0.5,0.4,6e-17,klf4
klhl41,KLHL41,Proteins,0.00241,0.93131,0.00011,0.00155,,0.00139,7e-05,8e-05,0.0606,0.00055,,,0.00053,,,,3e-05,0.0012,0.00015,2e-06,,0.7,1e-07,,1e-15,0.06,1.0,0.0,5e-07,,,8e-07,,,,0.9,1.0,0.008,klhl
klk1,KLK1,Proteins,0.00507,0.97293,0.00642,0.00198,,0.01133,1e-05,0.00032,0.00036,9e-05,,,5e-05,,,,0.0002,0.00122,0.0,4e-19,,2e-62,3e-10,,1e-108,0.5,0.2,8e-05,0.05,,,0.1,,,,0.1,1.0,0.9,klk1
klk10,KLK10,Proteins,0.00686,0.96534,0.00438,0.00166,,0.00109,0.00265,0.0009,0.00144,0.01071,,,0.00223,,,,5e-05,0.0017,0.00098,3.9999999999999997e-25,,2e-37,5e-08,,4e-12,3e-27,4e-05,7e-09,1e-104,,,3e-23,,,,0.8,0.9,5e-11,klk11
klk11,KLK11,Proteins,0.00745,0.95544,0.0154,0.00188,,1e-05,0.00044,0.00163,0.01159,0.00192,,,0.00067,,,,7e-05,0.00147,0.00202,1e-58,,8e-149,1e-09,,0.5,9e-06,4e-11,2.0000000000000001e-112,2e-20,,,4e-08,,,,0.7,1.0,3e-21,klk12
klk12,KLK12,Proteins,0.01204,0.97275,0.00048,0.00087,,0.00012,0.00047,0.00028,0.00571,0.00237,,,0.00074,,,,0.0004,0.00374,3e-05,9e-68,,0.1,0.01,,0.02,7e-06,0.4,4e-51,6e-24,,,2e-08,,,,0.005,1e-05,0.2,klk13
klk13,KLK13,Proteins,0.01519,0.90358,0.00301,0.00388,,0.00013,0.00139,0.0008,0.03175,0.02743,,,0.01093,,,,4e-05,0.00186,0.0,3.9999999999999998e-115,,2e-16,2e-27,,0.02,1e-15,0.0001,9e-300,9.000000000000001e-273,,,7e-111,,,,0.8,0.7,0.7,klk14
klk14,KLK14,Proteins,0.00955,0.91124,0.00086,0.00248,,0.01754,0.00113,0.00294,0.04082,0.00179,,,0.00964,,,,9e-05,0.00171,0.00022,1e-70,,3e-06,1e-15,,1e-180,3e-13,3e-24,0.0,4e-20,,,1e-100,,,,0.5,0.8,0.001,klk15
klk15,KLK15,Proteins,0.00887,0.97526,0.01135,0.00079,,0.00071,0.0,0.00021,0.00042,0.00024,,,0.00113,,,,6e-05,0.00092,5e-05,2e-69,,9e-106,0.02,,2e-08,0.7,0.6,0.8,0.001,,,2e-12,,,,0.8,1.0,0.2,klk16
klk3,KLK3,Proteins,0.00156,0.36087,0.00967,0.00096,,0.00167,0.00072,0.00101,0.60172,0.00686,,,9e-05,,,,0.00188,0.01286,0.00013,2e-11,,3.0000000000000003e-165,4e-15,,3e-45,2e-20,2e-20,0.0,3e-178,,,0.0008,,,,3e-46,5.0000000000000003e-259,0.0001,klk3
klk4,KLK4,Proteins,0.01422,0.81024,0.11599,0.00162,,0.0007,1e-05,0.00016,0.05056,2e-05,,,0.0,,,,6e-05,0.00127,0.00517,1e-137,,0.0,4e-10,,1e-09,0.6,0.7,0.0,0.3,,,0.9,,,,0.7,1.0,2e-61,klk4
klk6,KLK6,Proteins,0.00721,0.92287,0.00796,0.02192,,0.01007,0.00191,0.00297,0.0213,0.0021,,,0.00014,,,,4e-05,0.00144,8e-05,3e-34,,5e-79,7e-200,,7e-103,6e-21,6e-24,3e-211,6e-23,,,0.01,,,,0.9,1.0,0.05,klk6
klk7,KLK7,Proteins,0.03328,0.91345,0.02871,0.00621,,0.0,0.00239,0.00187,0.00431,0.00038,,,0.00686,,,,9e-05,0.00146,0.00098,1e-296,,5e-268,4e-47,,0.8,5e-25,3e-13,3e-34,4e-05,,,2e-68,,,,0.5,0.9,3e-11,klk7
klk8,KLK8,Proteins,0.00701,0.89268,0.00179,0.00655,,0.01549,0.00374,0.00959,0.05701,0.00375,,,0.00049,,,,7e-05,0.00161,0.00021,4e-36,,3e-19,2e-52,,9e-157,2.0000000000000002e-39,7e-88,0.0,1.0000000000000001e-39,,,2e-06,,,,0.7,0.9,0.002,klk8
klkb1,KLKB1,Proteins,0.00464,0.89827,0.01125,0.00149,,0.01082,2e-05,0.00051,0.06887,0.0017,,,0.00016,,,,0.00011,0.00113,0.00103,1.0000000000000001e-23,,0.8,2e-07,,1e-111,0.3,0.01,0.0,5e-19,,,0.007,,,,0.4,1.0,4e-12,klkb
klrb1,KLRB1,Proteins,0.03756,0.9086,0.00972,0.00409,,0.02433,0.0022,0.00079,0.00673,0.00456,,,4e-05,,,,0.0001,0.001,0.00026,0.0,,6e-95,1.9999999999999998e-30,,1e-249,2.0000000000000002e-24,0.0001,2e-64,7e-49,,,0.2,,,,0.4,1.0,0.0004,klrb
klrc1,KLRC1,Proteins,0.00063,0.99536,0.00054,0.00054,,0.00034,3e-05,0.00015,0.00018,0.00099,,,1e-05,,,,4e-05,0.00112,7e-05,0.05,,3e-05,0.3,,0.0002,0.2,0.9,0.1,1e-10,,,0.5,,,,0.9,1.0,0.09,klrc
klrd1,KLRD1,Proteins,0.00325,0.9013,0.05014,0.00175,,0.03165,0.00021,0.00031,0.00338,0.00337,,,0.00253,,,,8e-05,0.00121,0.00081,4e-10,,0.0,1e-09,,0.0,0.001,0.2,3e-15,8e-37,,,4.0000000000000003e-28,,,,0.6,1.0,4e-10,klrd
klrf1,KLRF1,Proteins,0.00599,0.89633,0.04385,0.00403,,0.02796,2e-05,0.00093,0.01818,0.00053,,,0.00078,,,,8e-05,0.00106,0.00026,2.9999999999999996e-42,,0.0,4.0000000000000003e-29,,1e-280,0.4,1e-05,7e-170,6e-07,,,2e-09,,,,0.6,1.0,0.0006,klrf
klrk1,KLRK1,Proteins,0.00297,0.98494,0.00092,0.00135,,0.00716,1e-05,0.00025,0.00055,0.00016,,,0.00024,,,,4e-05,0.00118,0.00023,6e-16,,2e-05,1e-05,,1e-69,0.5,0.4,0.2,0.009,,,0.001,,,,0.9,1.0,0.002,klrk
krt14,KRT14,Proteins,0.00061,0.99285,1e-05,0.00061,,0.00012,0.0,0.00078,0.00365,0.0,,,3e-05,,,,0.00013,0.00117,4e-05,0.0004,,0.7,0.2,,0.03,0.8,0.0008,5e-34,0.8,,,0.3,,,,0.4,1.0,0.2,krt1
krt17,KRT17,Proteins,0.00052,0.99664,5e-05,0.00038,,0.0,1e-05,0.00022,0.0004,2e-05,,,2e-05,,,,0.00012,0.00152,0.0001,0.05,,0.9,0.7,,0.8,0.6,0.6,0.0001,0.4,,,0.3,,,,0.4,1.0,0.05,krt11
krt18,KRT18,Proteins,0.00735,0.77704,0.0167,0.00422,,0.11494,0.00178,0.00195,0.06858,0.00173,,,0.00253,,,,0.00019,0.00199,0.00099,3e-38,,8.000000000000001e-145,9e-38,,0.0,5e-23,8e-18,0.0,3e-22,,,7e-32,,,,0.06,0.1,2e-13,krt12
krt19,KRT19,Proteins,0.00422,0.92948,0.04942,0.00118,,0.00028,0.0004,0.0007,0.00135,0.00729,,,0.00052,,,,6e-05,0.00097,0.00413,7e-20,,0.0,6e-05,,0.0004,2e-05,0.0007,6e-10,4e-74,,,1e-06,,,,0.7,1.0,8e-43,krt13
krt5,KRT5,Proteins,0.01027,0.86378,0.00162,0.00334,,0.00303,2e-05,0.02063,0.09525,0.0,,,0.00032,,,,5e-05,0.00169,0.0,5e-76,,4e-18,4.0000000000000004e-24,,1e-33,0.3,3.0000000000000002e-204,0.0,0.6,,,9e-05,,,,0.8,0.7,0.6,krt5
krt6c,KRT6C,Proteins,0.00109,0.97882,0.00124,0.00077,,0.00029,2e-05,0.00066,0.01539,8e-05,,,0.00021,,,,0.00014,0.00127,3e-05,4e-05,,7e-12,0.04,,0.0004,0.3,0.003,4.9999999999999995e-142,0.07,,,0.003,,,,0.3,1.0,0.3,krt6
krt8,KRT8,Proteins,0.00333,0.96627,0.00395,0.00115,,0.0156,0.00125,0.00092,0.00454,1e-05,,,0.00143,,,,4e-05,0.00128,0.00023,3e-14,,2e-38,0.0003,,4e-147,2e-13,4e-05,4.999999999999999e-44,0.5,,,4e-15,,,,0.9,1.0,0.002,krt8
kyat1,KYAT1,Proteins,0.00272,0.94878,0.00253,0.02447,,0.00666,3e-05,0.00398,0.00474,1e-05,,,0.00427,,,,0.00016,0.00161,5e-05,5e-11,,1e-07,3e-216,,2.0000000000000002e-66,0.2,3e-32,2.0000000000000002e-29,0.5,,,3e-43,,,,0.2,0.9,0.1,kyat
kynu,KYNU,Proteins,0.00381,0.86771,0.01721,0.0029,,0.06062,0.00143,0.00306,0.03695,0.00399,,,0.00028,,,,0.00015,0.00166,0.00023,2e-21,,3.9999999999999996e-97,1e-20,,0.0,4e-17,6e-27,7e-306,6e-45,,,0.0002,,,,0.2,0.5,0.0007,kynu
l1cam,L1CAM,Proteins,0.02558,0.91212,0.02951,0.00238,,0.00015,0.0011,0.00624,0.01475,0.00663,,,5e-05,,,,0.00015,0.00131,4e-05,5e-197,,1e-280,1e-14,,0.008,7e-13,5e-56,2.9999999999999998e-133,2e-69,,,0.1,,,,0.2,1.0,0.2,l1ca
l3hypdh,L3HYPDH,Proteins,0.00252,0.97161,0.00106,0.01108,,0.00518,2e-05,0.00243,0.00103,7e-05,,,0.00287,,,,0.00013,0.00199,0.0,5e-10,,0.2,1e-90,,1e-51,0.4,6e-18,0.5,0.09,,,2.0000000000000002e-29,,,,0.3,0.4,1.0,l3hy
lacrt,LACRT,Proteins,0.00158,0.9309,0.00153,0.00528,,0.02979,0.0005,0.01026,0.01635,0.00182,,,1e-05,,,,7e-05,0.00151,0.0004,4e-08,,4e-14,4e-40,,6e-295,2e-06,1e-93,3e-161,7e-20,,,0.6,,,,0.7,0.7,2e-05,lacr
lactb2,LACTB2,Proteins,0.0023,0.95193,0.00089,0.02734,,0.00561,2e-05,0.00334,0.00104,0.00023,,,0.00537,,,,9e-05,0.00183,1e-05,4e-11,,0.08,1e-242,,3e-56,0.4,1.9999999999999998e-26,0.002,0.001,,,5.999999999999999e-54,,,,0.6,0.6,0.4,lact1
lag3,LAG3,Proteins,0.00239,0.90335,0.06178,0.00156,,0.00639,0.0,0.00042,0.00614,0.00648,,,0.00601,,,,0.00014,0.00108,0.00424,2e-19,,0.0,5e-08,,4e-67,0.8,0.05,2e-58,4e-68,,,3e-63,,,,0.3,1.0,3e-45,lag3
lair1,LAIR1,Proteins,0.00986,0.80109,0.07075,0.00271,,0.10267,0.00079,0.00045,0.00293,0.00184,,,0.00056,,,,5e-05,0.00144,0.00486,2e-38,,0.0,9e-21,,0.0,9e-11,0.01,2.0000000000000003e-34,5e-23,,,6e-08,,,,0.8,0.7,7e-58,lair
lair2,LAIR2,Proteins,0.0117,0.96124,0.00703,0.00094,,0.00836,8e-05,0.00036,0.00557,0.00073,,,0.00075,,,,0.00017,0.00131,0.00175,4e-100,,3e-68,0.003,,1.0000000000000001e-81,0.07,0.1,2.9999999999999995e-54,1e-08,,,8e-09,,,,0.2,1.0,2e-18,lair1
lama1,LAMA1,Proteins,0.00081,0.99208,0.00149,0.00079,,0.00131,2e-05,0.00045,0.00116,0.00042,,,9e-05,,,,0.00018,0.00116,4e-05,7e-05,,1e-13,0.03,,1e-13,0.4,0.07,1e-10,3e-05,,,0.05,,,,0.2,1.0,0.2,lama
lama4,LAMA4,Proteins,0.00311,0.95575,0.00187,0.00403,,0.01375,0.0,0.00144,0.01346,0.00224,,,0.00246,,,,8e-05,0.00155,0.00026,1e-15,,3e-16,9e-28,,8e-135,0.9,1e-09,1.9999999999999999e-128,1.0000000000000001e-23,,,9.999999999999999e-26,,,,0.6,0.9,0.0007,lama1
lamb1,LAMB1,Proteins,0.00302,0.96408,0.0113,0.00118,,0.00534,0.0,0.0002,0.01208,0.00029,,,0.00051,,,,2e-05,0.00148,0.00049,4e-14,,5e-103,0.0001,,3e-52,0.7,0.6,3e-110,0.0004,,,3e-06,,,,1.0,1.0,4e-06,lamb
lamp1,LAMP1,Proteins,0.0122,0.95151,0.00798,0.00088,,0.01129,0.0,0.00077,0.01182,0.001,,,0.00037,,,,9e-05,0.00178,0.0003,3e-101,,5e-17,0.007,,3e-109,0.7,0.0004,9e-54,4e-11,,,5e-05,,,,0.6,0.7,0.0003,lamp
lamp2,LAMP2,Proteins,0.0024,0.88068,0.01254,0.00083,,0.03419,8e-05,0.00075,0.06613,0.00041,,,4e-05,,,,0.00011,0.00135,0.00051,3e-11,,1.0000000000000001e-88,0.006,,0.0,0.06,0.0002,0.0,1e-05,,,0.2,,,,0.4,1.0,1e-06,lamp1
lamp3,LAMP3,Proteins,0.02071,0.78978,0.05912,0.00799,,0.00741,0.00162,0.00183,0.0045,0.09909,,,0.00123,,,,0.00011,0.00153,0.0051,1.9999999999999999e-184,,0.0,3e-79,,2e-89,6e-21,2e-16,1e-51,0.0,,,3e-16,,,,0.3,0.5,4e-62,lamp2
lamtor5,LAMTOR5,Proteins,0.00101,0.9816,0.00028,0.00969,,0.00114,0.0,0.00235,0.00156,0.00077,,,8e-05,,,,0.0001,0.00121,0.00023,0.0003,,0.3,1e-76,,2e-12,0.7,6e-17,5e-14,7e-09,,,0.06,,,,0.5,1.0,0.002,lamt
lap3,LAP3,Proteins,0.00332,0.96065,0.0042,0.01357,,0.00939,1e-05,0.00253,0.00207,3e-05,,,0.00206,,,,0.00014,0.00175,0.00028,5e-18,,9.999999999999999e-27,1e-111,,2e-90,0.6,2e-18,4e-06,0.2,,,3e-21,,,,0.3,0.7,0.0004,lap3
larp1,LARP1,Proteins,0.0021,0.94682,0.00052,0.03713,,0.00461,1e-05,0.00537,0.00021,0.0001,,,0.00118,,,,3e-05,0.00193,0.0,2e-13,,0.0001,0.0,,2.9999999999999997e-47,0.6,1.0000000000000001e-45,0.3,0.04,,,3e-13,,,,0.9,0.2,0.8,larp
lat,LAT,Proteins,0.00328,0.96104,0.00113,0.01634,,0.00853,0.00042,0.00173,0.00175,0.00046,,,0.00315,,,,8e-05,0.00201,8e-05,3e-14,,0.001,4e-141,,8e-85,1e-05,5e-12,7e-10,6e-06,,,1.9999999999999998e-32,,,,0.6,0.3,0.05,lat
lat2,LAT2,Proteins,0.00203,0.93045,0.0016,0.04373,,0.00889,0.00014,0.00416,0.00469,0.00109,,,0.00032,,,,8e-05,0.00278,4e-05,7e-08,,0.04,0.0,,6e-90,0.01,9e-35,2e-33,2e-12,,,0.0001,,,,0.6,0.009,0.2,lat2
lats1,LATS1,Proteins,0.00403,0.95271,0.00113,0.02243,,0.01169,0.00038,0.00229,0.00188,0.00046,,,0.00129,,,,4e-05,0.00168,0.0,5e-16,,0.8,6.999999999999999e-193,,1.0000000000000001e-112,4e-05,2e-16,1e-08,7e-06,,,6e-14,,,,0.9,0.7,0.7,lats
layn,LAYN,Proteins,0.03528,0.84386,0.09248,0.00374,,8e-05,0.00019,0.00046,0.01653,0.00145,,,3e-05,,,,5e-05,0.00101,0.00483,0.0,,0.0,4.0000000000000003e-29,,0.05,0.002,0.02,2e-179,1e-17,,,0.2,,,,0.8,1.0,1.9999999999999998e-54,layn
lbp,LBP,Proteins,0.01173,0.92662,0.00309,0.0023,,0.0428,0.0018,0.00061,0.00225,0.00374,,,0.00292,,,,0.00014,0.00135,0.00064,9e-80,,5e-28,1e-13,,0.0,9e-20,0.003,2e-19,3e-39,,,5e-31,,,,0.3,1.0,6e-08,lbp
lbr,LBR,Proteins,0.00239,0.91039,0.00213,0.03474,,0.03387,0.00013,0.00804,0.00338,0.00259,,,0.00036,,,,8e-05,0.00158,0.00031,2e-09,,5e-13,0.0,,0.0,0.01,2e-74,4.9999999999999996e-26,2.0000000000000002e-28,,,4e-05,,,,0.6,0.8,0.0001,lbr
lcat,LCAT,Proteins,0.00722,0.85843,0.0154,0.00238,,0.09434,0.00149,0.00141,0.01595,0.0001,,,0.00153,,,,9e-05,0.00154,0.00011,2.0000000000000003e-49,,6e-45,4e-16,,0.0,6e-18,1e-10,6e-51,0.03,,,2e-18,,,,0.5,0.6,0.02,lcat
lcn15,LCN15,Proteins,0.00806,0.95707,0.01564,0.00221,,0.00042,3e-05,0.00123,0.01067,0.0026,,,3e-05,,,,0.00012,0.00111,0.00079,3e-52,,9e-149,2e-12,,1e-05,0.2,7e-08,8e-101,3e-27,,,0.2,,,,0.4,1.0,2e-09,lcn1
lcn2,LCN2,Proteins,0.03426,0.89032,0.01072,0.0079,,0.02421,0.00043,0.00172,0.01847,0.00538,,,0.00345,,,,3e-05,0.00129,0.00183,2.0000000000000002e-305,,2e-104,1e-64,,2e-241,8e-06,2e-12,5e-181,1e-55,,,2e-36,,,,0.9,1.0,4e-20,lcn2
lcp1,LCP1,Proteins,0.00992,0.94539,0.00287,0.00082,,0.02412,0.0008,0.00062,0.01238,0.00052,,,0.00064,,,,6e-05,0.00143,0.00041,8.999999999999999e-70,,2e-15,0.01,,1.0000000000000001e-237,2e-09,0.003,3e-109,1e-06,,,7e-08,,,,0.7,0.9,2e-05,lcp1
ldlr,LDLR,Proteins,0.00398,0.83431,0.02551,0.00347,,0.10821,0.00177,0.00095,0.01684,0.00143,,,0.00165,,,,5e-05,0.00172,0.0001,3e-21,,5e-103,3e-27,,0.0,2e-21,1e-06,3e-06,1e-17,,,4e-20,,,,0.7,0.4,0.02,ldlr
ldlrap1,LDLRAP1,Proteins,0.00224,0.95715,0.00132,0.02213,,0.00349,0.0002,0.00275,0.00461,0.00056,,,0.00333,,,,4e-05,0.00213,5e-05,6e-09,,0.004,2e-195,,7e-36,0.003,4e-21,1e-35,5e-07,,,3e-34,,,,0.9,0.1,0.2,ldlr1
lect2,LECT2,Proteins,0.01427,0.71693,0.20739,0.00345,,0.03057,0.0,0.00053,0.02118,0.00063,,,0.00102,,,,5e-05,0.0014,0.00257,2e-134,,0.0,6e-33,,0.0,0.9,0.0008,2.9999999999999997e-221,7e-10,,,5e-15,,,,0.7,0.5,2e-35,lect
lefty2,LEFTY2,Proteins,0.00426,0.86138,0.04302,0.00176,,0.00291,0.00025,0.00061,0.07462,0.00515,,,0.00395,,,,0.00014,0.00158,0.00037,1e-17,,0.0,2e-10,,2e-33,0.0004,0.001,0.0,1e-57,,,1e-44,,,,0.2,0.8,2e-05,left
leg1,LEG1,Proteins,0.00448,0.95982,0.0063,0.00239,,0.01002,0.00013,0.00717,0.00015,0.00733,,,0.0007,,,,0.00013,0.00127,0.00012,7.000000000000001e-24,,6e-59,8e-13,,1e-93,0.02,3e-58,0.1,4e-69,,,6e-08,,,,0.3,1.0,0.03,leg1
lelp1,LELP1,Proteins,0.00027,0.99755,0.0003,0.00033,,5e-05,0.0,0.00019,0.0,0.00019,,,3e-05,,,,6e-05,0.00102,0.0,0.08,,0.0004,0.8,,0.1,0.8,0.7,0.9,0.005,,,0.3,,,,0.8,1.0,0.7,lelp
leo1,LEO1,Proteins,0.00137,0.98244,0.00107,0.0012,,0.00748,0.00023,0.00057,0.00077,0.0022,,,0.00103,,,,3e-05,0.00124,0.00034,2e-09,,8e-10,9e-05,,7e-73,0.001,0.009,7e-07,1e-22,,,2e-11,,,,0.9,1.0,0.0001,leo1
lep,LEP,Proteins,0.00664,0.30279,0.00334,0.00213,,0.36056,5e-05,0.0007,0.31454,0.00535,,,0.00038,,,,0.00012,0.00278,0.00062,6e-72,,5e-102,2e-51,,0.0,0.01,4e-16,0.0,7e-164,,,3e-13,,,,0.006,5e-40,8e-21,lep
lepr,LEPR,Proteins,0.00942,0.8686,0.0184,0.00135,,0.08161,0.0,0.0002,0.01521,0.00334,,,0.00026,,,,0.00013,0.0013,0.00017,4.999999999999999e-84,,7e-186,8e-07,,0.0,0.7,0.6,1.9999999999999997e-152,2e-37,,,0.0004,,,,0.3,1.0,0.004,lepr
letm1,LETM1,Proteins,0.00247,0.96286,0.00276,0.0082,,0.01427,0.00021,0.00178,0.00177,0.00263,,,0.00072,,,,4e-05,0.00166,0.00064,3e-13,,3e-25,4e-65,,1e-139,0.002,2e-12,2e-15,2e-27,,,1e-08,,,,0.9,0.7,9e-08,letm
lgals1,LGALS1,Proteins,0.00556,0.7969,0.04219,0.00484,,0.11951,0.00188,0.00101,0.00222,0.00172,,,0.02011,,,,0.00018,0.00197,0.00191,3e-27,,0.0,4e-43,,0.0,1.0000000000000001e-23,1e-07,9e-16,1e-21,,,2e-232,,,,0.09,0.08,6e-24,lgal
lgals3,LGALS3,Proteins,0.00252,0.86548,0.05437,0.00379,,0.01724,0.00132,0.00035,0.0508,8e-05,,,0.0004,,,,3e-05,0.00145,0.00217,4e-08,,0.0,7.000000000000001e-29,,1.9999999999999999e-184,8e-16,0.1,0.0,0.04,,,8e-06,,,,0.9,0.9,6e-25,lgal1
lgals3bp,LGALS3BP,Proteins,0.00885,0.87999,0.00093,0.00201,,0.09196,0.00131,0.00029,0.01151,0.00112,,,0.00019,,,,3e-05,0.00124,0.00056,3e-43,,3e-11,3e-12,,0.0,1e-15,0.2,3.0000000000000002e-123,2e-13,,,0.003,,,,0.9,0.9,2e-07,lgal2
lgals4,LGALS4,Proteins,0.00609,0.87615,0.06778,0.00446,,0.02621,0.0048,0.00082,0.00199,0.00622,,,0.00014,,,,8e-05,0.00135,0.00392,6e-24,,0.0,7e-35,,2.0000000000000002e-274,2e-52,4e-05,2e-18,2e-67,,,0.009,,,,0.6,0.9,4e-43,lgal3
lgals7_lgals7b,LGALS7_LGALS7B,Proteins,0.03039,0.85905,0.00809,0.00649,,0.01682,0.00022,0.00616,0.06444,0.0009,,,0.00409,,,,0.00019,0.00182,0.00134,8e-264,,5e-79,7e-56,,3.0000000000000003e-181,0.0009,2e-58,0.0,2e-11,,,9e-46,,,,0.1,0.5,4e-16,lgal_lgal
lgals8,LGALS8,Proteins,0.00294,0.95448,0.00149,0.02343,,0.00902,0.0,0.00262,0.00163,0.00025,,,0.00244,,,,9e-05,0.00161,1e-05,7e-10,,0.006,2e-208,,6e-90,0.9,5e-20,0.0002,0.0008,,,9.999999999999999e-26,,,,0.6,0.9,0.5,lgal4
lgals9,LGALS9,Proteins,0.00625,0.75135,0.07963,0.00476,,0.13523,0.00208,0.00055,0.00825,0.00094,,,0.00112,,,,2e-05,0.00115,0.00868,1.9999999999999998e-32,,0.0,2.0000000000000003e-45,,0.0,2e-27,0.001,2.0000000000000002e-72,3e-13,,,2e-15,,,,1.0,0.9,3e-108,lgal5
lgmn,LGMN,Proteins,0.00468,0.95264,0.00055,0.00364,,0.01416,0.00284,0.00169,0.00193,0.01357,,,0.00175,,,,0.00014,0.00156,0.00085,5e-25,,0.5,2.0000000000000002e-24,,3e-139,2.0000000000000002e-29,1e-11,3e-15,1e-133,,,7e-19,,,,0.3,0.9,7e-10,lgmn
lhb,LHB,Proteins,0.00348,0.85808,0.0229,0.00108,,0.00081,0.00071,0.00045,0.10718,0.00273,,,0.0,,,,4e-05,0.00218,0.00036,1.0000000000000001e-24,,9e-150,0.0001,,4e-10,4e-09,0.02,0.0,9.999999999999999e-31,,,1.0,,,,0.9,0.2,3e-05,lhb
lhpp,LHPP,Proteins,0.00314,0.89632,0.002,0.0468,,0.00715,0.00167,0.00476,0.03137,0.00271,,,0.00269,,,,8e-05,0.00123,0.0001,4e-18,,0.2,0.0,,1.0000000000000001e-75,6e-19,3.9999999999999995e-42,7e-301,7.999999999999999e-30,,,1.0000000000000001e-29,,,,0.6,1.0,0.03,lhpp
lif,LIF,Proteins,0.00144,0.985,0.00028,0.0007,,0.00833,0.00012,0.00037,0.00068,0.0006,,,0.00037,,,,0.00013,0.00118,0.0008,1e-07,,0.001,0.08,,2e-78,0.02,0.2,2e-07,5e-07,,,8e-05,,,,0.4,1.0,5e-09,lif
lifr,LIFR,Proteins,0.00252,0.96553,0.01144,0.00148,,2e-05,1e-05,0.00106,0.00539,0.00359,,,0.00652,,,,4e-05,0.00115,0.00125,6e-15,,1e-109,1e-06,,0.3,0.4,2e-06,4e-52,2.9999999999999998e-36,,,3e-64,,,,0.9,1.0,1e-13,lifr
lilra2,LILRA2,Proteins,0.01419,0.88257,0.0161,0.00392,,0.03795,1e-05,0.00027,0.03485,0.00609,,,0.00036,,,,8e-05,0.0016,0.00201,3e-113,,3e-136,2.0000000000000002e-29,,0.0,0.5,0.3,0.0,9.000000000000001e-66,,,3e-05,,,,0.6,0.8,6e-23,lilr
lilra3,LILRA3,Proteins,0.01327,0.96051,0.00247,0.00168,,0.00967,0.00026,0.00053,0.00892,2e-05,,,2e-05,,,,3e-05,0.0012,0.00142,4.0000000000000005e-49,,2e-22,3e-08,,1e-95,0.0006,0.01,3e-85,0.4,,,0.4,,,,0.9,1.0,1e-15,lilr1
lilra4,LILRA4,Proteins,0.00096,0.99189,0.00046,0.00045,,9e-05,0.0,9e-05,0.00449,3e-05,,,1e-05,,,,0.00015,0.00138,0.0,0.0003,,2e-05,0.5,,0.05,0.9,1.0,9.999999999999999e-43,0.3,,,0.4,,,,0.3,1.0,0.9,lilr2
lilra5,LILRA5,Proteins,0.01604,0.86743,0.01229,0.00374,,0.08924,0.00208,0.00123,0.00056,0.00382,,,1e-05,,,,4e-05,0.00154,0.00199,4e-101,,5e-126,3e-28,,0.0,7.000000000000001e-24,9e-09,0.5,1.9999999999999998e-42,,,0.5,,,,0.8,0.8,6e-23,lilr3
lilra6,LILRA6,Proteins,0.0116,0.97487,0.00228,0.00117,,0.00601,1e-05,0.0001,0.0008,0.0,,,0.0,,,,0.00016,0.00244,0.00055,1e-74,,3e-23,0.0001,,2e-59,0.6,1.0,7e-09,0.7,,,0.8,,,,0.2,0.05,8e-07,lilr4
lilrb1,LILRB1,Proteins,0.01571,0.91234,0.01041,0.00269,,0.02888,0.00091,0.00036,0.02566,0.00013,,,9e-05,,,,0.00016,0.0011,0.00156,5e-92,,2e-98,2e-17,,1e-293,6e-11,0.1,4.999999999999999e-252,0.01,,,0.04,,,,0.2,1.0,1e-17,lilr5
lilrb2,LILRB2,Proteins,0.01814,0.92924,0.01986,0.00244,,0.02239,0.00019,0.00054,0.0033,1e-05,,,0.0,,,,0.0001,0.00141,0.00237,2e-62,,2e-194,7e-15,,1e-223,0.003,0.009,1.9999999999999998e-30,0.5,,,0.9,,,,0.4,1.0,1.9999999999999998e-25,lilr6
lilrb4,LILRB4,Proteins,0.01435,0.83621,0.05067,0.00581,,0.07829,8e-05,0.00051,0.00381,0.00103,,,0.00255,,,,9e-05,0.00134,0.00526,4e-94,,0.0,9e-50,,0.0,0.05,0.007,3e-43,8e-13,,,1.0000000000000001e-29,,,,0.5,0.9,5e-59,lilr7
lilrb5,LILRB5,Proteins,0.00924,0.97367,0.00209,0.00067,,0.01076,0.00081,0.00045,0.00107,4e-05,,,9e-05,,,,8e-05,0.001,3e-05,2e-55,,6e-17,0.08,,7e-105,2e-09,0.05,6e-07,0.2,,,0.04,,,,0.6,1.0,0.2,lilr8
lipf,LIPF,Proteins,0.00277,0.93669,0.03134,0.00068,,0.00206,0.00013,0.00083,0.01009,0.01408,,,9e-05,,,,5e-05,0.00114,4e-05,9e-16,,1e-299,0.06,,9e-22,0.01,0.0001,1.9999999999999998e-97,6e-138,,,0.04,,,,0.8,1.0,0.2,lipf
lmnb1,LMNB1,Proteins,0.00166,0.94681,0.01655,0.01167,,0.01449,0.00089,0.00223,0.0021,0.00011,,,0.00016,,,,7e-05,0.00108,0.0022,9e-10,,2e-151,3e-98,,2e-143,3e-10,1e-16,2e-10,0.03,,,0.008,,,,0.7,1.0,2.0000000000000002e-23,lmnb
lmnb2,LMNB2,Proteins,0.00339,0.82691,0.06461,0.00277,,0.07958,0.00228,0.0023,0.00828,0.00029,,,0.00196,,,,3e-05,0.00124,0.00635,6e-17,,0.0,1e-20,,0.0,1e-27,3e-20,1.9999999999999998e-50,0.0001,,,6e-24,,,,0.9,0.9,2e-73,lmnb1
lmod1,LMOD1,Proteins,0.01572,0.78673,0.16056,0.002,,0.00078,0.00064,0.00052,0.02523,0.00012,,,0.00204,,,,6e-05,0.00107,0.00452,8e-111,,0.0,3e-14,,6e-11,3e-09,0.003,2e-295,0.01,,,4.9999999999999996e-26,,,,0.7,1.0,2e-55,lmod
lmod2,LMOD2,Proteins,0.00089,0.99486,0.00077,0.00055,,0.00011,5e-05,0.00016,9e-05,0.00124,,,1e-05,,,,8e-05,0.00119,0.0,7e-06,,2e-08,0.3,,0.03,0.1,0.8,0.09,6e-13,,,0.6,,,,0.7,1.0,0.8,lmod1
lonp1,LONP1,Proteins,0.00571,0.95708,0.00046,0.01581,,0.0096,5e-05,0.00423,0.00125,0.00057,,,0.0026,,,,7e-05,0.00253,3e-05,2e-27,,0.2,2e-132,,7e-93,0.1,1e-33,2e-09,6e-07,,,1.9999999999999998e-26,,,,0.7,0.03,0.2,lonp
lpa,LPA,Proteins,0.01603,0.97649,0.00213,0.00096,,0.0002,0.00014,0.00037,0.00061,0.0,,,0.00115,,,,7e-05,0.00175,8e-05,9.999999999999999e-131,,2e-20,0.003,,0.003,0.01,0.1,5e-06,0.7,,,2e-12,,,,0.7,0.6,0.06,lpa
lpcat2,LPCAT2,Proteins,0.00707,0.93896,0.00666,0.02081,,0.01262,0.00018,0.0023,0.00212,0.00464,,,0.00127,,,,0.00016,0.00159,0.00161,1e-62,,7e-67,9e-185,,2e-125,0.004,3e-17,3e-22,2e-47,,,3e-14,,,,0.2,0.9,1e-17,lpca
lpl,LPL,Proteins,0.00394,0.73085,0.00464,0.00084,,0.0271,0.00774,0.00133,0.20587,0.0089,,,0.00705,,,,0.00022,0.00146,7e-05,2e-27,,3e-60,0.0003,,0.0,2e-99,6e-12,0.0,5.9999999999999996e-114,,,9e-91,,,,0.03,0.5,0.05,lpl
lpo,LPO,Proteins,0.05734,0.92213,0.00212,0.00575,,0.00151,0.0008,0.00437,7e-05,0.00086,,,0.00351,,,,4e-05,0.00147,2e-05,0.0,,6e-22,4e-43,,2e-16,2e-09,7e-36,0.3,6e-10,,,5.9999999999999996e-36,,,,0.9,0.9,0.3,lpo
lpp,LPP,Proteins,0.00323,0.95475,0.00129,0.02746,,0.00283,0.0002,0.00449,0.00095,0.00017,,,0.00226,,,,4e-05,0.00225,7e-05,4e-20,,1e-07,1.0000000000000001e-237,,1.0000000000000001e-28,0.003,7e-36,0.0003,0.007,,,3e-23,,,,0.9,0.2,0.08,lpp
lrch4,LRCH4,Proteins,0.00227,0.90162,0.00049,0.0509,,0.0289,5e-05,0.00738,0.00327,0.0027,,,0.00011,,,,0.00011,0.00219,1e-05,5e-16,,0.2,0.0,,1.9999999999999998e-287,0.1,5.000000000000001e-66,5e-30,7.000000000000001e-29,,,0.02,,,,0.4,0.1,0.4,lrch
lrfn2,LRFN2,Proteins,0.00303,0.98968,0.00074,0.00108,,0.00165,1e-05,0.00032,0.00052,0.00077,,,4e-05,,,,0.0002,0.0019,6e-05,6e-19,,1e-07,0.0008,,7e-17,0.5,0.3,1e-05,1e-08,,,0.2,,,,0.1,0.5,0.1,lrfn
lrg1,LRG1,Proteins,0.01411,0.88922,0.01749,0.00134,,0.00039,5e-05,0.00013,0.07098,0.00301,,,0.0003,,,,0.00014,0.00119,0.00165,7e-111,,2e-179,1e-06,,2e-05,0.1,0.9,0.0,2e-33,,,0.0002,,,,0.2,1.0,4e-19,lrg1
lrig1,LRIG1,Proteins,0.02099,0.93293,0.0062,0.00154,,0.01079,0.0,0.00076,0.02325,0.00061,,,0.0,,,,0.00013,0.00144,0.00138,2e-108,,2e-62,1e-07,,3e-109,0.7,0.0003,1.9999999999999999e-230,1e-07,,,0.9,,,,0.3,1.0,2e-15,lrig
lrig3,LRIG3,Proteins,0.00554,0.94067,0.02336,0.00308,,0.01675,2e-05,0.00034,0.00489,0.00021,,,0.00167,,,,6e-05,0.0011,0.00231,2.0000000000000003e-34,,2.0000000000000002e-214,3e-19,,2e-161,0.3,0.2,2.0000000000000002e-39,0.002,,,9e-18,,,,0.7,1.0,6e-24,lrig1
lrp1,LRP1,Proteins,0.00217,0.89535,0.0493,0.00639,,0.01742,0.00019,0.00206,0.02475,0.00026,,,0.0,,,,3e-05,0.00103,0.00105,3e-06,,0.0,3e-52,,3e-180,0.003,5e-16,7e-243,0.0004,,,0.8,,,,0.9,1.0,2e-12,lrp1
lrp11,LRP11,Proteins,0.00765,0.91034,0.03238,0.00146,,0.04141,0.00038,0.00067,0.00188,0.00027,,,0.00061,,,,4e-05,0.00094,0.00196,5e-47,,2e-310,4e-07,,0.0,2e-05,0.001,2e-05,0.0004,,,9e-08,,,,0.9,1.0,1e-21,lrp11
lrp2,LRP2,Proteins,0.00093,0.99634,1e-05,0.00108,,1e-05,1e-05,0.00048,1e-05,4e-05,,,0.0,,,,1e-05,0.00108,0.0,0.005,,0.5,0.0009,,0.5,0.6,0.04,0.6,0.2,,,0.9,,,,1.0,1.0,0.9,lrp2
lrp2bp,LRP2BP,Proteins,0.00126,0.9935,2e-05,0.00084,,0.0,0.00012,0.00036,0.00149,0.0007,,,1e-05,,,,0.00032,0.00137,1e-05,2e-08,,0.5,0.02,,0.9,0.02,0.2,3e-15,6e-08,,,0.5,,,,0.02,1.0,0.6,lrp21
lrpap1,LRPAP1,Proteins,0.00431,0.92753,0.01428,0.00523,,0.01862,0.00049,0.00137,0.02031,0.00342,,,0.00251,,,,0.00012,0.00151,0.0003,3e-20,,1e-117,5e-40,,6e-188,2e-06,2e-09,1e-177,2.9999999999999998e-36,,,4e-27,,,,0.4,0.9,0.0002,lrpa
lrrc25,LRRC25,Proteins,0.00269,0.91428,0.00704,0.00114,,0.03042,0.00063,0.00054,0.03831,0.00168,,,0.00021,,,,5e-05,0.0015,0.00151,7e-17,,5.999999999999999e-70,9e-05,,1e-304,6e-08,0.009,0.0,9e-19,,,0.002,,,,0.8,1.0,6e-17,lrrc
lrrc37a2,LRRC37A2,Proteins,0.01869,0.97229,0.00221,0.00173,,0.00063,0.00029,0.00036,0.00088,0.00055,,,0.00014,,,,0.0001,0.00161,0.0005,1e-135,,3e-17,2e-08,,1e-07,0.0003,0.1,0.0003,8e-07,,,0.01,,,,0.5,0.7,3e-06,lrrc1
lrrc38,LRRC38,Proteins,0.00176,0.93241,0.00137,0.00044,,0.00306,0.0001,0.00058,0.0579,0.00052,,,0.00042,,,,0.00012,0.00117,0.00015,3e-10,,8e-15,0.5,,1e-31,0.03,0.007,0.0,1e-06,,,2e-05,,,,0.4,1.0,0.009,lrrc2
lrrc59,LRRC59,Proteins,0.00192,0.96475,0.00089,0.01665,,0.00735,8e-05,0.00382,0.00101,9e-05,,,0.00078,,,,8e-05,0.00258,0.0,6e-07,,0.9,4e-143,,5e-73,0.06,9.999999999999999e-31,0.02,0.05,,,4e-09,,,,0.6,0.02,0.8,lrrc3
lrrfip1,LRRFIP1,Proteins,0.00376,0.90727,0.00043,0.06237,,0.007,6e-05,0.01396,0.00134,0.00054,,,0.00014,,,,0.0001,0.00303,1e-05,9e-30,,0.8,0.0,,1e-73,0.1,2.9999999999999998e-133,5e-11,4e-07,,,0.01,,,,0.5,1e-05,0.5,lrrf
lrrn1,LRRN1,Proteins,0.00845,0.93518,0.00796,0.00296,,0.01098,0.00027,0.00065,0.0184,0.01052,,,0.00066,,,,3e-05,0.00169,0.00224,1e-71,,6e-59,1e-18,,2e-108,0.0006,0.002,2.0000000000000002e-159,7e-104,,,5e-08,,,,0.9,0.7,1.0000000000000001e-23,lrrn
lrtm1,LRTM1,Proteins,0.00071,0.99499,0.00078,0.00078,,0.00044,3e-05,0.00026,0.00061,7e-05,,,1e-05,,,,0.00018,0.00115,1e-05,0.001,,5e-08,0.04,,2e-05,0.2,0.5,2e-06,0.1,,,0.5,,,,0.2,1.0,0.5,lrtm
lrtm2,LRTM2,Proteins,0.00275,0.84946,0.00175,0.00452,,0.07726,3e-05,0.00119,0.04684,0.01494,,,9e-05,,,,4e-05,0.00108,7e-05,1e-14,,2e-06,3e-37,,0.0,0.2,9e-09,0.0,5.000000000000001e-165,,,0.03,,,,0.9,1.0,0.07,lrtm1
lsm1,LSM1,Proteins,0.00153,0.98739,0.00025,0.00708,,0.0,0.00029,0.00052,0.00032,0.00011,,,0.00099,,,,0.0001,0.00141,1e-05,8e-10,,0.001,2e-51,,0.7,0.0005,0.03,0.0003,0.03,,,1e-10,,,,0.5,1.0,0.5,lsm1
lsm8,LSM8,Proteins,0.00046,0.98674,0.00233,0.00074,,2e-05,0.00029,0.00036,0.00319,0.00473,,,0.0,,,,0.00012,0.00091,0.0001,0.03,,2.0000000000000002e-23,0.05,,0.3,0.0004,0.2,2e-31,8e-46,,,0.8,,,,0.4,1.0,0.04,lsm8
lsp1,LSP1,Proteins,0.00157,0.85365,0.00876,0.04511,,0.04737,0.00031,0.00566,0.01061,0.00672,,,0.01725,,,,0.0001,0.00214,0.00076,2e-12,,6e-88,0.0,,0.0,8e-05,7.999999999999999e-54,7e-108,2e-74,,,3e-187,,,,0.4,0.05,8e-10,lsp1
lta,LTA,Proteins,0.00203,0.93098,0.00329,0.00182,,0.00916,0.00076,0.00053,0.04428,0.00487,,,0.00109,,,,4e-05,0.00079,0.00036,7e-09,,6e-34,1e-09,,1e-92,4e-09,0.01,0.0,3e-50,,,2e-12,,,,0.9,1.0,4e-05,lta
lta4h,LTA4H,Proteins,0.00228,0.90605,0.02191,0.01601,,0.00379,0.00155,0.01324,0.00321,0.02723,,,0.00011,,,,2e-05,0.00329,0.00131,4e-17,,5.000000000000001e-214,6e-147,,5e-41,9e-18,7.000000000000001e-127,6e-23,3e-279,,,0.02,,,,1.0,3e-05,3e-15,lta4
ltb,LTB,Proteins,0.00247,0.96967,0.00201,0.00075,,0.00428,0.00016,0.0003,0.01879,0.00045,,,0.00023,,,,4e-05,0.00082,2e-05,3e-16,,4e-18,0.03,,6e-43,0.007,0.3,6e-178,7e-06,,,0.001,,,,0.9,1.0,0.4,ltb
ltbp2,LTBP2,Proteins,0.0078,0.67795,0.2721,0.00175,,0.01039,0.00018,0.00045,0.00903,0.00148,,,0.00634,,,,4e-05,0.00126,0.01123,3e-27,,0.0,1e-14,,3e-144,0.0008,0.003,2.0000000000000003e-124,3e-22,,,4e-89,,,,0.8,0.7,8e-156,ltbp
ltbp3,LTBP3,Proteins,0.00726,0.87474,0.01936,0.00255,,0.0549,0.00082,0.00092,0.02843,0.00483,,,0.00325,,,,9e-05,0.00174,0.0011,1e-31,,5e-180,1e-16,,0.0,4e-10,8e-06,8e-272,7e-52,,,2e-35,,,,0.5,0.7,4e-13,ltbp1
ltbr,LTBR,Proteins,0.02661,0.9033,0.02638,0.00251,,0.02361,0.00015,0.00101,0.00401,0.00113,,,0.00679,,,,4e-05,0.00126,0.00319,5e-242,,1e-263,9e-16,,4e-239,0.007,2e-06,2.0000000000000002e-39,4e-13,,,8.999999999999999e-71,,,,0.9,1.0,3e-34,ltbr
lto1,LTO1,Proteins,0.00079,0.99603,0.0,0.00051,,0.00067,3e-05,0.00025,0.0003,3e-05,,,0.0,,,,9e-05,0.00127,2e-05,0.0002,,0.8,0.4,,1e-07,0.3,0.5,0.0004,0.2,,,0.8,,,,0.6,1.0,0.4,lto1
luzp2,LUZP2,Proteins,0.00237,0.93433,0.01018,0.00491,,0.0101,0.00035,0.0007,0.02932,0.00505,,,0.00065,,,,7e-05,0.00115,0.00082,5e-13,,2e-85,2e-36,,3e-102,6e-05,0.0007,7.000000000000001e-273,4e-52,,,5e-08,,,,0.6,1.0,8e-10,luzp
lxn,LXN,Proteins,0.00116,0.94238,0.00112,0.03146,,0.00022,0.00059,0.00317,0.01713,6e-05,,,0.00033,,,,0.00085,0.00145,7e-05,8e-05,,2e-09,3e-281,,0.002,3e-07,6.9999999999999995e-25,5e-164,0.09,,,0.0001,,,,4e-07,1.0,0.07,lxn
ly6d,LY6D,Proteins,0.00543,0.91892,0.03611,0.0035,,0.01672,0.00312,0.00934,0.00167,0.00017,,,0.00056,,,,0.0002,0.00165,0.00259,6e-25,,0.0,5e-24,,8e-168,5e-33,9e-85,1e-15,0.005,,,4e-07,,,,0.09,0.7,9e-28,ly6d
ly75,LY75,Proteins,0.02425,0.95657,0.00596,0.00318,,0.00088,0.00054,0.00039,0.00277,0.00271,,,0.00072,,,,0.0001,0.0017,0.00024,8e-161,,1e-33,3e-20,,4e-10,1e-06,0.1,0.04,6e-28,,,1e-08,,,,0.5,0.7,0.001,ly75
ly9,LY9,Proteins,0.00183,0.96456,0.00912,0.00234,,0.00952,0.00018,0.00029,0.00652,0.003,,,0.0,,,,0.00013,0.00116,0.00134,1e-05,,3.9999999999999996e-86,5e-13,,5e-92,0.005,0.3,1e-61,3e-30,,,0.9,,,,0.3,1.0,2e-14,ly9
ly96,LY96,Proteins,0.00442,0.92804,0.01605,0.00161,,0.02588,0.00074,0.00049,0.01833,0.00037,,,0.0003,,,,1e-05,0.00171,0.00206,5e-15,,7e-146,5e-08,,2e-255,7e-09,0.02,4e-168,4e-05,,,0.0002,,,,1.0,0.8,3e-22,ly96
lyar,LYAR,Proteins,0.00091,0.97027,0.00137,0.01878,,0.00214,0.0,0.00195,0.00081,7e-05,,,0.00184,,,,0.0001,0.00172,3e-05,0.0001,,3e-11,1e-156,,9e-22,0.9,3e-13,6e-06,0.08,,,6e-19,,,,0.5,0.9,0.2,lyar
lyn,LYN,Proteins,0.00269,0.95054,0.00139,0.02878,,0.0065,0.00018,0.00254,0.00325,0.00012,,,0.00143,,,,0.00015,0.00243,1e-05,1e-10,,0.4,2e-256,,5e-65,0.005,3e-19,5e-20,0.02,,,1e-15,,,,0.3,0.1,0.6,lyn
lypd1,LYPD1,Proteins,0.00219,0.99453,0.00111,0.00041,,4e-05,0.00014,0.0001,6e-05,0.00017,,,5e-05,,,,0.00018,0.00098,4e-05,1e-14,,2e-11,0.6,,0.2,0.01,1.0,0.3,0.008,,,0.1,,,,0.2,1.0,0.2,lypd
lypd3,LYPD3,Proteins,0.00758,0.96382,0.01395,0.00147,,0.00498,0.00022,0.00053,0.00523,0.00058,,,0.00033,,,,6e-05,0.00122,3e-05,3.9999999999999996e-30,,1e-121,1e-06,,1.0000000000000001e-49,0.002,0.02,2e-38,5e-07,,,0.0001,,,,0.7,1.0,0.2,lypd1
lypd8,LYPD8,Proteins,0.01516,0.97269,0.005,0.00187,,0.00263,0.00013,0.00027,0.00031,5e-05,,,0.00023,,,,0.00012,0.00111,0.00043,2e-136,,1.0000000000000001e-45,4e-09,,3e-26,0.02,0.4,0.3,0.1,,,0.002,,,,0.4,1.0,2e-05,lypd2
lypla2,LYPLA2,Proteins,0.00035,0.99543,0.00107,0.0007,,0.00013,2e-05,0.00051,0.00034,0.00015,,,0.0,,,,9e-05,0.00123,0.0,0.05,,5e-10,0.08,,0.02,0.4,0.03,0.005,0.01,,,0.8,,,,0.6,1.0,0.9,lypl
lysmd3,LYSMD3,Proteins,0.00453,0.97527,0.00236,0.01157,,0.00049,0.0003,0.00177,0.00217,9e-05,,,0.0004,,,,7e-05,0.00097,3e-05,1e-35,,1.0000000000000001e-23,5e-92,,5e-06,0.0003,9e-12,7e-22,0.05,,,3e-05,,,,0.7,1.0,0.3,lysm
lyve1,LYVE1,Proteins,0.00531,0.94431,0.00062,0.00211,,0.00687,0.0,0.00128,0.03355,0.00428,,,0.00025,,,,0.00021,0.00118,3e-05,9e-28,,1e-07,7e-12,,8.999999999999999e-70,1.0,2e-08,0.0,2.9999999999999997e-44,,,0.0007,,,,0.09,1.0,0.2,lyve
lyzl2,LYZL2,Proteins,0.00308,0.80976,0.00059,0.00126,,0.00094,1e-05,0.00066,0.18099,0.00103,,,0.00028,,,,3e-05,0.00136,0.0,1e-19,,4e-07,1e-06,,4e-12,0.4,0.0004,0.0,4e-13,,,0.0002,,,,0.9,0.7,0.7,lyzl
lztfl1,LZTFL1,Proteins,0.00208,0.95663,0.00145,0.02327,,0.00551,0.00012,0.00275,0.00167,1e-05,,,0.00419,,,,2e-05,0.00219,0.0001,1e-05,,0.1,4e-201,,1.9999999999999998e-54,0.02,1e-20,0.0005,0.6,,,9e-42,,,,1.0,0.1,0.03,lztf
m6pr,M6PR,Proteins,0.00081,0.99268,9e-05,0.00169,,0.00158,0.0,0.00036,9e-05,1e-05,,,0.00059,,,,9e-05,0.00181,0.0002,0.0009,,0.2,1e-07,,3e-16,0.7,0.2,0.2,0.5,,,7e-07,,,,0.6,0.7,0.004,m6pr
mad1l1,MAD1L1,Proteins,0.00863,0.84566,0.02342,0.01898,,0.0711,0.00012,0.00493,0.01935,0.00245,,,0.0,,,,0.00018,0.00182,0.00335,1e-62,,1.0000000000000001e-233,9e-186,,0.0,0.01,2e-46,1.9999999999999998e-190,2.0000000000000002e-28,,,0.7,,,,0.1,0.4,4e-38,mad1
maea,MAEA,Proteins,0.00086,0.97707,0.00043,0.0138,,0.00094,0.0,0.00332,0.0014,9e-05,,,8e-05,,,,7e-05,0.00189,6e-05,0.007,,5e-05,4e-111,,2e-10,0.9,8.999999999999998e-25,3e-14,0.06,,,0.07,,,,0.7,0.8,0.1,maea
mag,MAG,Proteins,0.00027,0.99668,0.0,0.0003,,0.00121,3e-05,0.00014,0.00026,0.0,,,1e-05,,,,0.00013,0.00096,1e-05,0.08,,0.9,0.9,,1e-12,0.2,0.9,0.0009,0.8,,,0.5,,,,0.4,1.0,0.6,mag
magea3,MAGEA3,Proteins,0.00053,0.99751,4e-05,0.00027,,1e-05,0.0,0.00016,4e-05,0.0,,,1e-05,,,,0.00011,0.00126,6e-05,0.01,,0.3,0.9,,0.5,0.8,0.8,0.3,0.9,,,0.5,,,,0.5,1.0,0.1,mage
maged1,MAGED1,Proteins,0.00174,0.98419,0.00028,0.00843,,0.00131,0.00023,0.00087,0.00014,1e-05,,,0.00113,,,,9e-05,0.00156,0.0,1e-09,,0.002,3e-63,,9e-14,0.002,0.0001,0.06,0.6,,,4e-12,,,,0.6,1.0,0.8,mage1
mamdc2,MAMDC2,Proteins,0.00223,0.91009,0.0477,0.00951,,0.01625,0.00033,0.00107,0.00041,0.00185,,,0.00431,,,,3e-05,0.00125,0.00497,3e-10,,0.0,3e-82,,1e-167,8e-05,5e-07,0.005,9e-21,,,4e-46,,,,0.9,1.0,8e-53,mamd
mamdc4,MAMDC4,Proteins,0.00914,0.93682,0.02323,0.00213,,0.02309,0.00026,0.00031,0.00197,0.00118,,,0.00036,,,,8e-05,0.00142,0.0,2e-67,,2.0000000000000002e-214,4e-12,,7e-229,0.0006,0.2,7e-05,2e-13,,,6e-05,,,,0.6,0.9,0.9,mamd1
man1a2,MAN1A2,Proteins,0.02136,0.88036,0.06648,0.00259,,0.00143,9e-05,0.00051,0.0251,0.0003,,,7e-05,,,,0.0001,0.00136,0.00024,2e-181,,0.0,8e-17,,2e-16,0.04,0.01,3.9999999999999997e-128,0.0001,,,0.06,,,,0.5,0.9,0.0007,man1
man2b2,MAN2B2,Proteins,0.00334,0.93372,0.00871,0.00106,,0.02163,9e-05,0.0011,0.02609,0.00191,,,0.00089,,,,4e-05,0.00131,0.0001,2e-10,,9.999999999999999e-87,0.0003,,3e-216,0.04,5e-07,2e-257,6e-21,,,2e-10,,,,0.8,1.0,0.03,man2
maneal,MANEAL,Proteins,0.00145,0.99586,0.00037,0.00043,,0.0,0.0,0.00014,0.00014,0.0002,,,0.00029,,,,0.00012,0.00097,2e-05,4e-06,,0.001,0.6,,0.8,1.0,0.9,0.2,0.004,,,0.0005,,,,0.4,1.0,0.4,mane
manf,MANF,Proteins,0.00211,0.96197,0.00045,0.0213,,0.00348,8e-05,0.00217,0.00047,0.00013,,,0.00462,,,,0.00014,0.00304,4e-05,3e-07,,0.08,1e-185,,2e-35,0.07,9e-16,0.05,0.02,,,2e-46,,,,0.3,0.0004,0.2,manf
mansc1,MANSC1,Proteins,0.01654,0.9742,0.00206,0.00241,,0.00053,0.0,0.00075,0.0002,1e-05,,,0.00119,,,,2e-05,0.00094,0.00115,9.999999999999999e-129,,4e-21,1e-13,,2e-06,0.7,0.0005,0.006,0.4,,,4e-13,,,,1.0,1.0,1e-12,mans
mansc4,MANSC4,Proteins,0.0081,0.95066,0.03225,0.00313,,0.00062,0.0,0.00031,0.00212,0.00013,,,0.00028,,,,0.0002,0.00132,0.00087,9.999999999999999e-57,,9e-303,2e-19,,2e-07,0.8,0.3,9e-21,0.02,,,0.0004,,,,0.1,1.0,7e-10,mans1
map1lc3a,MAP1LC3A,Proteins,0.00046,0.99475,2e-05,0.00096,,0.00066,0.0,0.00032,0.00017,0.00025,,,0.0,,,,0.00049,0.00186,7e-05,0.01,,0.4,0.005,,2e-07,0.9,0.3,0.009,0.001,,,0.9,,,,0.0009,0.6,0.1,map1
map1lc3b2,MAP1LC3B2,Proteins,0.00056,0.99523,0.00069,0.0006,,0.00032,0.0,0.00022,0.00075,0.00016,,,0.0001,,,,0.0001,0.00126,1e-05,0.002,,9e-07,0.2,,0.0003,0.8,0.6,3e-07,0.01,,,0.04,,,,0.5,1.0,0.6,map11
map2,MAP2,Proteins,0.00135,0.95494,0.00025,0.02688,,0.00765,0.0,0.00324,0.00241,1e-05,,,0.001,,,,8e-05,0.00208,0.00012,8e-06,,0.003,3e-240,,2e-76,0.9,9.999999999999999e-26,7.999999999999999e-25,0.5,,,2e-11,,,,0.6,0.2,0.02,map2
map2k1,MAP2K1,Proteins,0.00155,0.93665,0.00457,0.03504,,0.00955,1e-05,0.00428,0.00219,0.00027,,,0.00347,,,,9e-05,0.0021,0.00021,0.0001,,9.999999999999999e-33,4e-322,,1e-96,0.5,5.9999999999999996e-36,9e-09,0.0005,,,2e-36,,,,0.5,0.08,0.002,map21
map2k6,MAP2K6,Proteins,0.001,0.94845,0.00109,0.03608,,0.00129,0.00011,0.00405,0.00069,6e-05,,,0.00401,,,,0.00022,0.00274,0.00021,0.0003,,8e-07,0.0,,3e-14,0.03,5e-33,0.01,0.1,,,6e-41,,,,0.08,0.004,0.002,map22
map3k5,MAP3K5,Proteins,0.00097,0.91113,0.0005,0.06693,,0.00068,0.00024,0.01444,0.00078,4e-05,,,0.00051,,,,0.00024,0.00352,2e-05,0.0003,,0.04,0.0,,2e-08,0.001,1e-133,4e-05,0.2,,,1e-06,,,,0.05,1e-05,0.3,map3
map4k5,MAP4K5,Proteins,0.00174,0.94844,0.00106,0.03514,,0.00359,8e-05,0.00299,0.00108,1e-05,,,0.00345,,,,0.00012,0.00223,5e-05,2e-07,,5e-06,2e-314,,1e-36,0.05,4.0000000000000004e-23,3e-06,0.5,,,3e-35,,,,0.4,0.2,0.1,map4
mapk13,MAPK13,Proteins,0.00073,0.98644,0.00196,0.00374,,0.00282,3e-05,0.00081,3e-05,0.00103,,,0.00058,,,,0.00016,0.00137,0.0003,0.004,,1e-19,2.0000000000000002e-23,,1e-27,0.2,0.0003,0.3,5e-11,,,7e-07,,,,0.3,1.0,0.0004,mapk
mapk9,MAPK9,Proteins,0.00272,0.94698,0.00986,0.02132,,0.00874,5e-05,0.00378,0.00458,0.0003,,,2e-05,,,,5e-05,0.00146,0.00014,9e-21,,7e-76,4e-188,,5e-87,0.1,1.9999999999999998e-30,3e-24,0.0002,,,0.3,,,,0.8,0.9,0.01,mapk1
mapkapk2,MAPKAPK2,Proteins,0.00958,0.95229,0.00071,0.02631,,0.00076,0.00054,0.00337,0.00042,3e-05,,,0.00303,,,,0.00028,0.00262,5e-05,5e-86,,3e-05,1e-231,,7e-09,1e-06,1.9999999999999998e-26,0.04,0.2,,,5e-31,,,,0.03,0.003,0.1,mapk2
mapre3,MAPRE3,Proteins,0.00335,0.98596,0.00014,0.00192,,0.00016,0.00065,0.00028,3e-05,0.00603,,,2e-05,,,,0.00016,0.00125,4e-05,3e-17,,0.01,3e-09,,0.009,2e-07,0.4,0.3,6e-57,,,0.3,,,,0.2,1.0,0.2,mapr
mapt,MAPT,Proteins,0.00055,0.99576,0.00043,0.00063,,0.00029,8e-05,0.0006,0.00012,0.0,,,0.0,,,,0.00013,0.00134,7e-05,0.03,,0.0002,0.1,,0.0005,0.07,0.008,0.3,0.9,,,0.9,,,,0.4,1.0,0.08,mapt
marco,MARCO,Proteins,0.00255,0.9062,0.03588,0.00211,,0.04071,0.00083,0.00027,0.00782,0.00064,,,7e-05,,,,1e-05,0.00127,0.00165,1e-11,,0.0,2e-12,,0.0,4e-10,0.3,4.999999999999999e-44,4e-08,,,0.07,,,,1.0,1.0,1e-18,marc
mars1,MARS1,Proteins,0.00181,0.93511,0.00082,0.04052,,0.00606,0.00012,0.00701,0.00171,0.00014,,,0.00397,,,,0.00012,0.00259,2e-05,3e-06,,0.6,0.0,,7e-61,0.02,1.0000000000000001e-60,2e-10,0.01,,,2e-40,,,,0.4,0.005,0.4,mars
masp1,MASP1,Proteins,0.00264,0.94612,0.01348,0.00217,,0.02464,0.00036,0.00082,0.00764,1e-05,,,0.00026,,,,0.0001,0.0015,0.00025,4e-19,,1.0000000000000001e-72,4e-12,,2e-238,6e-05,0.0001,6e-16,0.4,,,0.0007,,,,0.5,1.0,0.0008,masp
matn2,MATN2,Proteins,0.00441,0.91923,0.01449,0.00191,,0.01021,0.00091,0.00039,0.04589,0.0,,,1e-05,,,,0.00012,0.00107,0.00135,2e-22,,3e-117,1e-10,,2e-104,8e-11,0.08,0.0,0.9,,,0.4,,,,0.3,1.0,2e-15,matn
matn3,MATN3,Proteins,0.03143,0.91401,0.0057,0.00198,,0.01744,0.0,0.00052,0.02068,1e-05,,,0.00618,,,,6e-05,0.00123,0.00077,2e-280,,4e-14,4e-11,,7e-176,0.7,0.01,9e-164,0.5,,,6.999999999999999e-64,,,,0.8,1.0,3e-09,matn1
mavs,MAVS,Proteins,0.00192,0.92158,0.00056,0.05813,,0.00228,0.00023,0.00948,0.00078,0.00014,,,0.00185,,,,0.0001,0.00295,0.0,2e-07,,0.007,0.0,,3e-24,0.001,9.999999999999999e-85,4e-05,0.01,,,6e-20,,,,0.5,0.003,0.7,mavs
max,MAX,Proteins,0.00158,0.96468,0.00514,0.01673,,0.00356,2e-05,0.00192,0.00082,0.00028,,,0.003,,,,3e-05,0.00213,0.00011,7e-08,,3e-43,4e-139,,3e-35,0.4,4e-13,0.04,0.0005,,,5e-30,,,,0.9,0.4,0.03,max
mb,MB,Proteins,0.00645,0.70846,0.04285,0.00227,,0.03197,0.0022,0.00084,0.19996,0.00026,,,0.0017,,,,3e-05,0.00114,0.00187,2e-18,,0.0,1e-19,,0.0,8e-31,4e-07,0.0,7e-05,,,3e-24,,,,0.9,0.9,1.9999999999999998e-26,mb
mbl2,MBL2,Proteins,0.0049,0.97348,0.00071,0.00064,,0.00452,0.0,0.00033,0.00904,0.00422,,,0.00041,,,,0.00016,0.00147,0.00011,1.9999999999999998e-30,,5e-06,0.1,,1e-44,0.6,0.2,4e-85,9e-42,,,2e-05,,,,0.2,0.9,0.03,mbl2
mcam,MCAM,Proteins,0.01006,0.87799,0.08215,0.00376,,0.0039,5e-05,0.00072,0.00524,0.01363,,,6e-05,,,,5e-05,0.00147,0.00092,2.0000000000000002e-82,,0.0,4.0000000000000003e-28,,5e-43,0.1,0.0003,2e-10,6e-145,,,0.08,,,,0.8,0.9,2e-11,mcam
mcee,MCEE,Proteins,0.0007,0.99288,0.00024,0.00243,,0.0,0.00013,0.00067,0.0004,1e-05,,,0.00089,,,,0.00014,0.00152,0.0,0.01,,0.004,2e-13,,0.9,0.02,0.002,9e-05,0.5,,,6e-10,,,,0.3,0.9,1.0,mcee
mcemp1,MCEMP1,Proteins,0.00893,0.96889,0.00022,0.00753,,0.00508,6e-05,0.00149,0.00022,0.00223,,,0.00385,,,,3e-05,0.00147,1e-05,1.0000000000000001e-66,,0.8,1.9999999999999999e-56,,2.0000000000000003e-49,0.1,2e-09,1.0,1e-22,,,7e-38,,,,0.9,0.9,0.6,mcem
mcfd2,MCFD2,Proteins,0.00631,0.96486,0.00067,0.01587,,0.00317,0.00147,0.00165,0.00258,0.00051,,,0.00114,,,,5e-05,0.00166,8e-05,7e-46,,2e-05,1e-133,,3.9999999999999997e-32,9e-16,4e-11,7.000000000000001e-24,2e-06,,,2e-12,,,,0.8,0.8,0.07,mcfd
mcts1,MCTS1,Proteins,0.00131,0.97691,0.00422,0.00754,,0.00061,8e-05,0.00108,0.005,0.00131,,,0.00058,,,,0.00028,0.00103,4e-05,4e-05,,2e-38,7e-58,,2e-07,0.06,2e-06,6e-46,3e-14,,,5e-07,,,,0.03,1.0,0.2,mcts
mdga1,MDGA1,Proteins,0.01249,0.92176,0.00974,0.00117,,0.00011,0.00029,0.00066,0.04843,0.00424,,,3e-05,,,,7e-05,0.00097,3e-05,6e-95,,3e-56,6e-05,,0.02,0.0003,0.001,0.0,2.9999999999999997e-44,,,0.2,,,,0.7,1.0,0.2,mdga
mdh1,MDH1,Proteins,0.00341,0.91902,0.00179,0.04528,,0.01109,0.00052,0.00543,0.00717,0.0004,,,0.00346,,,,0.00023,0.00219,0.0,3e-14,,0.01,0.0,,2e-113,1e-06,1e-47,1e-57,2e-05,,,8e-37,,,,0.06,0.05,0.8,mdh1
mdk,MDK,Proteins,0.01386,0.93697,0.02453,0.00645,,0.00421,0.00029,0.00297,0.00075,0.00451,,,0.00246,,,,0.00017,0.00122,0.00162,4e-87,,1e-242,1.9999999999999998e-50,,1e-43,0.0003,1.0000000000000001e-23,5e-09,1e-46,,,3e-26,,,,0.2,1.0,8e-18,mdk
mdm1,MDM1,Proteins,0.00152,0.98649,0.00033,0.00804,,4e-05,3e-05,0.0009,0.00058,1e-05,,,0.0,,,,4e-05,0.00194,9e-05,2e-08,,0.5,5e-60,,0.2,0.3,7e-05,0.001,0.6,,,0.7,,,,0.9,0.4,0.06,mdm1
mecr,MECR,Proteins,0.00408,0.96492,0.00049,0.01151,,0.00856,4e-05,0.00165,0.00143,0.00046,,,0.00404,,,,2e-05,0.00276,3e-05,7e-15,,0.03,1e-92,,2.0000000000000002e-82,0.2,6e-11,1e-11,7e-06,,,6.9999999999999995e-40,,,,1.0,0.008,0.2,mecr
med18,MED18,Proteins,0.003,0.95471,0.001,0.02791,,0.00231,0.00016,0.00322,0.00077,8e-05,,,0.00434,,,,9e-05,0.00236,4e-05,6e-12,,8e-05,3e-242,,1.0000000000000001e-23,0.008,1.0000000000000001e-24,0.02,0.06,,,5e-43,,,,0.5,0.2,0.2,med1
med21,MED21,Proteins,0.0006,0.99325,9e-05,0.00261,,0.00028,2e-05,0.00052,1e-05,0.00041,,,0.00062,,,,0.00015,0.00123,0.00022,0.001,,0.06,3e-14,,0.0007,0.3,0.02,0.7,3e-05,,,4e-07,,,,0.3,1.0,0.002,med2
megf10,MEGF10,Proteins,0.01269,0.92931,0.02088,0.00398,,0.00872,3e-05,0.00043,0.01743,0.00367,,,0.00191,,,,6e-05,0.00087,2e-05,1e-73,,4e-37,4.0000000000000003e-28,,3e-88,0.2,0.05,0.04,2e-38,,,9e-21,,,,0.7,1.0,0.4,megf
megf11,MEGF11,Proteins,0.00054,0.9863,1e-05,0.00071,,2e-05,4e-05,0.00032,0.00923,0.0011,,,0.0003,,,,3e-05,0.00134,6e-05,0.04,,0.9,0.07,,0.4,0.2,0.3,3e-86,1e-11,,,0.0004,,,,0.9,1.0,0.1,megf1
megf9,MEGF9,Proteins,0.00525,0.93161,0.00815,0.00227,,0.0392,0.00158,0.00117,0.00693,0.00112,,,0.00102,,,,5e-05,0.00112,0.00054,9.999999999999999e-31,,3e-14,2e-13,,0.0,2e-17,1e-07,0.2,7e-13,,,8e-12,,,,0.8,1.0,6e-07,megf2
meltf,MELTF,Proteins,0.00279,0.95246,0.0086,0.00095,,0.00042,5e-05,0.00024,0.02975,0.00205,,,0.00138,,,,5e-05,0.00119,6e-05,2e-10,,1.0000000000000001e-60,0.002,,1e-05,0.1,0.5,1e-264,7e-22,,,3e-15,,,,0.8,1.0,0.1,melt
ment,MENT,Proteins,0.00219,0.85037,0.01133,0.00121,,0.0423,0.00012,0.00044,0.08688,0.00381,,,6e-05,,,,0.00012,0.00116,1e-05,3e-09,,6e-120,8e-06,,0.0,0.01,0.03,0.0,9.999999999999999e-43,,,0.09,,,,0.3,1.0,0.4,ment
mep1a,MEP1A,Proteins,0.00388,0.89815,0.01664,0.00096,,0.0178,0.00276,0.00037,0.03955,0.0072,,,0.01098,,,,5e-05,0.00165,1e-05,1e-20,,1.0000000000000001e-171,0.0009,,6e-185,1.9999999999999998e-30,0.09,0.0,2e-76,,,3e-115,,,,0.8,0.5,0.4,mep1
mep1b,MEP1B,Proteins,0.00897,0.94551,0.00924,0.00083,,0.02763,0.0003,0.00016,0.00299,0.00237,,,2e-05,,,,5e-05,0.0015,0.00045,2.9999999999999998e-40,,2e-69,0.01,,3.0000000000000003e-268,0.0003,0.8,4e-08,6.9999999999999995e-25,,,0.4,,,,0.8,0.9,6e-06,mep11
mepe,MEPE,Proteins,0.02037,0.863,0.00889,0.00477,,0.00247,0.0,0.00131,0.09536,0.0016,,,0.00015,,,,0.00026,0.00139,0.00043,3e-194,,1e-95,2e-38,,3e-28,0.8,1e-09,0.0,6e-19,,,0.006,,,,0.02,0.9,5e-06,mepe
mertk,MERTK,Proteins,0.0073,0.89334,0.05678,0.00228,,0.01042,0.0002,0.00064,0.02387,0.00023,,,2e-05,,,,0.00011,0.00117,0.00363,6e-58,,0.0,2e-14,,9.999999999999999e-111,0.002,0.001,2.9999999999999997e-248,0.0008,,,0.4,,,,0.4,1.0,6.9999999999999995e-40,mert
mesd,MESD,Proteins,0.00217,0.95904,0.00064,0.02406,,0.00406,9e-05,0.00232,0.00052,0.00016,,,0.00455,,,,6e-05,0.00229,2e-05,2e-07,,0.005,2e-211,,4e-41,0.05,4e-17,0.1,0.007,,,8e-46,,,,0.7,0.1,0.3,mesd
met,MET,Proteins,0.00792,0.88603,0.00711,0.0018,,0.05212,0.00026,0.00039,0.03935,0.00336,,,1e-05,,,,3e-05,0.00129,0.00034,2.0000000000000003e-49,,1e-06,3e-10,,0.0,0.0004,0.06,0.0,4e-37,,,0.6,,,,0.9,1.0,5e-05,met
metap1,METAP1,Proteins,0.00082,0.99571,0.00045,0.00127,,5e-05,0.00011,0.00017,0.00011,0.00014,,,1e-05,,,,6e-05,0.00109,0.0,0.0008,,2e-05,7e-05,,0.1,0.03,0.8,0.04,0.01,,,0.5,,,,0.8,1.0,0.7,meta
metap1d,METAP1D,Proteins,0.00288,0.96807,0.00089,0.0149,,0.00467,3e-05,0.00201,0.00134,0.00024,,,0.00278,,,,0.0001,0.00207,0.0,9e-14,,0.3,6.000000000000001e-125,,2e-46,0.2,4e-14,4e-06,0.001,,,2.0000000000000002e-28,,,,0.5,0.3,0.8,meta1
metap2,METAP2,Proteins,0.00166,0.94181,0.0009,0.0351,,0.00831,0.0,0.00307,0.00373,0.00037,,,0.00306,,,,5e-05,0.00187,6e-05,4e-07,,0.8,6e-322,,3.9999999999999997e-84,0.8,2.0000000000000002e-24,6.999999999999999e-30,4e-05,,,3.9999999999999997e-32,,,,0.8,0.7,0.1,meta2
mfap3,MFAP3,Proteins,0.00075,0.99628,1e-05,0.00039,,0.00073,0.0,0.0005,1e-05,5e-05,,,0.0,,,,6e-05,0.00119,3e-05,0.003,,0.8,0.7,,3e-08,0.9,0.04,0.9,0.1,,,0.8,,,,0.8,1.0,0.3,mfap
mfap3l,MFAP3L,Proteins,0.00225,0.99353,9e-05,0.00129,,0.00029,3e-05,0.00025,0.00094,9e-05,,,4e-05,,,,3e-05,0.00116,2e-05,3e-12,,0.1,5e-05,,0.0005,0.3,0.5,5e-10,0.06,,,0.2,,,,0.9,1.0,0.4,mfap1
mfap4,MFAP4,Proteins,0.00475,0.88802,0.04572,0.00208,,0.00175,0.0,0.00012,0.01454,0.01304,,,0.02546,,,,0.00028,0.00176,0.00249,1.0000000000000001e-24,,0.0,3e-12,,1e-19,0.9,0.9,9.000000000000001e-147,4e-135,,,4e-260,,,,0.02,0.4,2e-27,mfap2
mfap5,MFAP5,Proteins,0.00662,0.81741,0.01513,0.00089,,0.12928,0.00102,0.00053,0.02563,0.00036,,,0.00025,,,,2e-05,0.00161,0.00125,3.9999999999999996e-50,,3.9999999999999994e-142,0.0006,,0.0,2e-13,0.004,1e-259,1e-05,,,0.0003,,,,0.9,0.5,5e-16,mfap3
mfge8,MFGE8,Proteins,0.0081,0.92597,0.00661,0.00122,,0.00881,0.00635,0.00048,0.01608,0.01348,,,0.0111,,,,0.00014,0.00138,0.00028,2.9999999999999998e-40,,3e-37,3e-05,,7.000000000000001e-90,2e-65,0.02,2.0000000000000002e-131,4e-136,,,2.0000000000000001e-112,,,,0.2,1.0,0.0003,mfge
mgll,MGLL,Proteins,0.00187,0.95504,0.00145,0.02853,,0.00125,0.00073,0.00243,0.00162,3e-05,,,0.00395,,,,0.00016,0.00273,0.00022,6e-09,,0.02,6e-254,,7e-14,1e-08,4e-18,0.0002,0.2,,,4e-40,,,,0.2,0.004,0.002,mgll
mgmt,MGMT,Proteins,0.00159,0.96647,0.00061,0.02072,,0.00181,2e-05,0.00182,0.00061,0.0001,,,0.00366,,,,0.00022,0.0023,6e-05,3e-06,,0.7,2e-178,,4e-19,0.4,1e-12,0.5,0.03,,,7e-37,,,,0.08,0.1,0.1,mgmt
mia,MIA,Proteins,0.01279,0.95068,0.01176,0.00278,,0.00438,0.00187,0.00208,0.00717,0.00439,,,0.00021,,,,6e-05,0.00121,0.00062,5.0000000000000003e-107,,4e-116,3e-17,,9.000000000000001e-45,5e-20,3e-15,2e-71,8.000000000000001e-45,,,0.002,,,,0.8,1.0,1e-07,mia
micall2,MICALL2,Proteins,0.00653,0.93951,0.00032,0.04292,,0.00067,0.00013,0.0066,0.00027,7e-05,,,0.00011,,,,0.00019,0.00266,3e-05,1e-53,,0.2,0.0,,5e-08,0.02,1.9999999999999999e-56,0.9,0.09,,,0.03,,,,0.1,0.004,0.3,mica
micb_mica,MICB_MICA,Proteins,0.01299,0.95712,0.00483,0.00252,,0.01835,9e-05,0.00064,0.00046,0.00014,,,0.0001,,,,2e-05,0.00175,0.00099,9.999999999999999e-64,,6e-48,8e-15,,8e-178,0.05,0.003,3e-05,0.01,,,0.04,,,,1.0,0.7,4e-11,micb_mica
mif,MIF,Proteins,0.00184,0.94343,0.00086,0.03549,,0.00455,0.0001,0.00415,0.00082,2e-05,,,0.00633,,,,6e-05,0.00232,3e-05,2e-06,,0.004,8e-322,,2e-46,0.03,3e-34,0.01,0.3,,,6e-64,,,,0.8,0.1,0.3,mif
milr1,MILR1,Proteins,0.00324,0.95774,0.00972,0.0015,,0.00276,0.0,0.00042,0.01817,0.00181,,,0.00053,,,,9e-05,0.00151,0.0025,7e-12,,1e-92,9e-07,,5e-28,1.0,0.07,6e-172,6e-19,,,1e-06,,,,0.6,0.9,9.999999999999999e-26,milr
mindy1,MINDY1,Proteins,0.00243,0.94639,0.00114,0.03868,,0.0004,0.00042,0.0063,0.00055,8e-05,,,0.00124,,,,0.00017,0.00209,0.00013,1e-15,,2e-08,0.0,,2e-05,1e-05,1.9999999999999998e-54,0.03,0.06,,,6e-14,,,,0.2,0.1,0.01,mind
mink1,MINK1,Proteins,0.00213,0.95357,0.0011,0.03048,,0.00339,0.00012,0.00336,0.00101,0.00023,,,0.00201,,,,3e-05,0.00245,0.00012,1e-10,,0.001,2.0000000000000002e-274,,5e-35,0.02,9e-27,0.01,0.001,,,2e-21,,,,0.9,0.02,0.02,mink
mitd1,MITD1,Proteins,0.00168,0.94753,0.00067,0.03665,,0.00431,0.00012,0.0034,0.00063,0.00011,,,0.00275,,,,8e-05,0.00201,7e-05,1e-07,,0.006,0.0,,1e-43,0.02,6e-27,0.02,0.03,,,2.0000000000000002e-28,,,,0.6,0.4,0.08,mitd
mki67,MKI67,Proteins,0.0015,0.98272,0.00011,0.00827,,0.00173,0.0,0.00153,0.00101,1e-05,,,0.00134,,,,0.00013,0.00133,0.0003,1e-05,,0.1,5e-62,,1e-17,0.8,1e-09,2e-10,0.5,,,5e-14,,,,0.4,1.0,0.0003,mki6
mllt1,MLLT1,Proteins,0.00049,0.99512,0.00047,0.00106,,0.00019,6e-05,0.00092,0.00012,0.00013,,,6e-05,,,,5e-05,0.00129,5e-05,0.008,,1e-05,0.001,,0.005,0.1,7e-05,0.03,0.02,,,0.1,,,,0.9,1.0,0.2,mllt
mln,MLN,Proteins,0.02597,0.84054,0.10508,0.00558,,0.01026,0.00017,0.00129,0.00216,0.00573,,,0.00045,,,,5e-05,0.00142,0.00129,5.9999999999999995e-258,,0.0,4e-48,,2.9999999999999998e-114,0.003,1e-09,1e-16,7e-65,,,2e-06,,,,0.8,0.8,6e-16,mln
mme,MME,Proteins,0.00444,0.87616,0.00716,0.00225,,0.04454,0.00046,0.00132,0.05848,0.00327,,,5e-05,,,,9e-05,0.00172,7e-05,6e-35,,2e-16,3e-14,,0.0,2e-06,2e-09,0.0,2.9999999999999998e-36,,,0.1,,,,0.5,0.7,0.08,mme
mmp1,MMP1,Proteins,0.00574,0.96713,0.01028,0.00212,,0.00296,0.00011,0.00081,4e-05,0.00612,,,0.00264,,,,0.00015,0.00161,0.00028,6e-34,,8.999999999999999e-96,9e-11,,6e-29,0.03,0.0003,0.2,6e-58,,,4.9999999999999996e-26,,,,0.3,0.9,0.0006,mmp1
mmp10,MMP10,Proteins,0.00274,0.9541,0.00279,0.00193,,0.0104,9e-05,0.00141,0.00566,0.01468,,,0.0046,,,,3e-05,0.00134,0.00023,1e-11,,0.5,4e-10,,4e-102,0.05,3e-09,1.0000000000000001e-29,6e-143,,,3e-46,,,,0.9,1.0,0.001,mmp11
mmp12,MMP12,Proteins,0.00213,0.79667,0.14046,0.00262,,0.00312,0.002,0.00204,0.00034,0.04337,,,0.00034,,,,3e-05,0.00166,0.00521,1e-10,,0.0,4e-20,,4e-38,3.9999999999999997e-25,3e-18,0.0003,0.0,,,2e-05,,,,0.9,0.6,2e-62,mmp12
mmp13,MMP13,Proteins,0.00136,0.96415,0.01478,0.00071,,0.00842,7e-05,0.00023,0.00814,0.0002,,,0.00025,,,,0.00014,0.00127,0.00028,4e-06,,1e-95,0.06,,7.000000000000001e-81,0.07,0.5,2e-33,0.003,,,0.001,,,,0.3,1.0,0.0005,mmp13
mmp15,MMP15,Proteins,0.00117,0.99535,0.00027,0.00057,,0.00027,0.0,0.00033,0.00027,4e-05,,,8e-05,,,,0.00015,0.00149,2e-05,4e-08,,0.0007,0.2,,0.0007,0.7,0.2,0.0007,0.2,,,0.07,,,,0.3,1.0,0.4,mmp14
mmp3,MMP3,Proteins,0.00359,0.59989,0.00125,0.00154,,0.0,0.00094,0.00213,0.38059,0.00677,,,0.00024,,,,0.0001,0.00169,0.00125,1e-22,,8e-21,2e-14,,0.6,3e-16,8e-27,0.0,2.9999999999999997e-106,,,4e-05,,,,0.2,0.01,4e-21,mmp3
mmp7,MMP7,Proteins,0.0023,0.87617,0.07503,0.0056,,0.00985,0.00124,0.00055,0.01383,0.00785,,,0.00239,,,,0.00012,0.00128,0.00378,2e-10,,0.0,7e-45,,2e-103,1e-14,0.007,9e-144,6.999999999999999e-83,,,1.9999999999999998e-26,,,,0.3,1.0,6e-41,mmp7
mmp8,MMP8,Proteins,0.00491,0.90357,0.00046,0.0281,,0.0258,0.00083,0.01146,0.00616,0.01374,,,0.00256,,,,8e-05,0.00166,0.00068,7e-36,,0.4,2e-266,,8.999999999999999e-265,4e-10,6e-109,8e-61,7e-143,,,3e-28,,,,0.6,0.7,1e-08,mmp8
mmp9,MMP9,Proteins,0.00706,0.8966,0.00049,0.01753,,0.02654,0.00079,0.01057,0.01448,0.02179,,,0.00167,,,,9e-05,0.00175,0.00066,5e-65,,0.005,8.000000000000001e-162,,4e-272,1e-09,5e-100,4e-147,2e-224,,,5e-19,,,,0.5,0.6,2e-08,mmp9
mmut,MMUT,Proteins,0.0012,0.98967,0.00046,0.00436,,7e-05,0.0003,0.00068,0.00036,0.00102,,,0.00044,,,,6e-05,0.00139,0.0,2e-05,,0.0005,3e-28,,0.1,0.0004,0.003,0.004,6e-11,,,2e-05,,,,0.8,1.0,0.7,mmut
mn1,MN1,Proteins,0.00049,0.99576,0.00024,0.00045,,0.00069,0.0,0.00015,0.00039,0.00054,,,0.0,,,,0.00013,0.00116,0.0,0.03,,0.02,0.5,,8e-08,0.9,0.8,0.0005,2e-06,,,0.9,,,,0.4,1.0,0.7,mn1
mnat1,MNAT1,Proteins,0.00179,0.99117,0.00104,0.00259,,0.00075,0.00019,0.00074,0.00018,6e-05,,,0.0,,,,5e-05,0.00142,1e-05,6e-13,,3e-11,2e-14,,2e-08,0.004,0.0009,0.005,0.1,,,0.9,,,,0.8,0.9,0.5,mnat
mnda,MNDA,Proteins,0.0033,0.86192,0.0,0.09376,,0.0087,0.00022,0.01107,0.00559,0.00404,,,0.0081,,,,0.00021,0.00289,0.00021,3e-33,,0.7,0.0,,8e-95,0.001,3e-109,1e-61,4.0000000000000006e-45,,,2.0000000000000001e-88,,,,0.06,0.0001,0.001,mnda
mocs2,MOCS2,Proteins,0.00217,0.93929,0.00414,0.02607,,0.0134,1e-05,0.00467,0.00462,0.00031,,,0.00289,,,,4e-05,0.00233,7e-05,2e-11,,1.9999999999999998e-26,4e-231,,2.0000000000000002e-131,0.5,2e-38,5e-31,0.0002,,,6.999999999999999e-30,,,,0.9,0.04,0.07,mocs
mog,MOG,Proteins,0.00958,0.83206,0.07006,0.03196,,0.03811,0.00099,0.00327,0.0068,0.00402,,,6e-05,,,,1e-05,0.00168,0.00141,1e-85,,0.0,0.0,,0.0,9e-13,1.9999999999999998e-30,1e-41,5e-47,,,0.08,,,,1.0,0.6,1e-17,mog
morc3,MORC3,Proteins,0.0005,0.98945,6e-05,0.00563,,3e-05,1e-05,0.00158,1e-05,0.0,,,0.00035,,,,0.00038,0.00195,5e-05,0.002,,0.1,2e-40,,0.3,0.5,2e-10,0.6,0.8,,,0.0001,,,,0.005,0.4,0.2,morc
morf4l1,MORF4L1,Proteins,0.00099,0.99546,0.00042,0.00062,,0.00027,0.0,0.00047,0.00015,0.00037,,,6e-05,,,,4e-05,0.00115,0.0,0.003,,6e-05,0.2,,0.0007,0.7,0.04,0.03,8e-05,,,0.1,,,,0.9,1.0,0.8,morf
morf4l2,MORF4L2,Proteins,0.00112,0.9932,8e-05,0.00082,,0.00064,0.00036,0.00024,0.0,0.00188,,,1e-05,,,,0.0,0.00156,8e-05,4e-05,,0.06,0.03,,2e-07,0.0001,0.5,0.7,9e-19,,,0.5,,,,1.0,0.9,0.06,morf1
morn4,MORN4,Proteins,0.0009,0.99584,0.00016,0.00138,,1e-05,6e-05,0.00053,5e-05,3e-05,,,5e-05,,,,8e-05,0.0009,0.0,0.02,,0.009,2e-05,,0.6,0.1,0.02,0.2,0.2,,,0.1,,,,0.6,1.0,0.7,morn
mphosph8,MPHOSPH8,Proteins,0.00232,0.96216,0.00104,0.01976,,0.00612,0.00018,0.00236,0.00092,0.00019,,,0.00291,,,,0.00011,0.0019,2e-05,8e-12,,0.0005,4e-167,,1e-59,0.005,6e-17,0.01,0.004,,,3e-29,,,,0.4,0.6,0.3,mpho
mpi,MPI,Proteins,0.00839,0.94385,0.00324,0.02068,,0.00659,0.00012,0.00326,0.00172,0.00044,,,0.00933,,,,0.00028,0.00211,0.0,4e-71,,5e-19,1.9999999999999998e-182,,3e-66,0.02,7e-26,0.0007,9e-06,,,5.999999999999999e-93,,,,0.03,0.4,0.7,mpi
mpig6b,MPIG6B,Proteins,0.00225,0.96664,0.00051,0.01355,,0.00172,0.00034,0.0054,0.0005,0.00022,,,0.0067,,,,0.00013,0.002,4e-05,1e-09,,0.4,5e-113,,3e-18,0.0001,1e-44,0.7,0.002,,,4.0000000000000004e-66,,,,0.3,0.4,0.2,mpig
mpo,MPO,Proteins,0.00232,0.92033,0.00163,0.0225,,0.04382,0.00048,0.00222,0.00012,0.00115,,,0.00213,,,,4e-05,0.00154,0.00171,2e-07,,6e-17,1e-205,,0.0,2e-06,5e-17,0.9,3e-13,,,3e-23,,,,0.9,0.9,5e-19,mpo
mprip,MPRIP,Proteins,0.00134,0.98045,0.00229,0.00195,,0.00936,0.0,0.00081,0.00213,0.00015,,,0.0002,,,,2e-05,0.00131,0.0,4e-06,,0.004,5e-10,,2e-90,0.6,0.0002,0.2,0.01,,,0.003,,,,1.0,1.0,0.7,mpri
mrc1,MRC1,Proteins,0.00697,0.82944,0.06084,0.00402,,0.08168,0.0018,0.00064,0.00524,0.00224,,,0.00191,,,,0.00016,0.00144,0.00363,1.0000000000000001e-45,,0.0,3e-33,,0.0,5e-22,0.0005,1e-44,5e-27,,,3e-23,,,,0.2,0.7,9.999999999999999e-43,mrc1
mri1,MRI1,Proteins,0.00288,0.94105,0.00178,0.02603,,0.0013,5e-05,0.01008,0.01143,0.00016,,,0.00277,,,,0.00023,0.00209,0.00014,7e-13,,0.0004,1e-229,,3e-14,0.1,8e-89,9.999999999999999e-98,0.007,,,1.0000000000000001e-28,,,,0.07,0.2,0.01,mri1
mrpl24,MRPL24,Proteins,0.00187,0.99339,0.00078,0.00043,,0.00165,6e-05,0.00018,9e-05,5e-05,,,2e-05,,,,0.00017,0.00116,0.00015,1e-11,,3e-08,0.6,,1e-16,0.1,0.7,0.2,0.1,,,0.3,,,,0.2,1.0,0.01,mrpl
mrpl28,MRPL28,Proteins,0.00041,0.99759,9e-05,0.0003,,0.0,6e-05,0.00022,7e-05,0.00016,,,2e-05,,,,0.00011,0.00094,3e-05,0.06,,0.2,0.9,,0.8,0.1,0.6,0.4,0.009,,,0.4,,,,0.5,1.0,0.3,mrpl1
mrpl46,MRPL46,Proteins,0.00078,0.99298,0.00033,0.00193,,0.00068,5e-05,0.00028,0.00023,0.00024,,,0.00064,,,,0.0003,0.00156,0.0,0.005,,0.0008,3e-09,,1e-07,0.2,0.4,0.008,0.002,,,2e-07,,,,0.03,1.0,0.8,mrpl2
mrpl52,MRPL52,Proteins,0.00077,0.99655,5e-05,0.0005,,1e-05,0.00015,0.00042,7e-05,0.0001,,,1e-05,,,,0.00011,0.0012,6e-05,3e-05,,0.6,0.4,,0.5,0.01,0.09,0.2,0.04,,,0.5,,,,0.5,1.0,0.1,mrpl3
mrpl58,MRPL58,Proteins,0.0017,0.98392,0.00011,0.00347,,0.00615,0.0,0.00141,0.00047,0.00013,,,0.00079,,,,8e-05,0.00174,3e-05,4e-08,,0.04,3e-22,,3e-60,0.9,5e-09,7e-06,0.02,,,4e-09,,,,0.6,0.6,0.2,mrpl4
mrps16,MRPS16,Proteins,0.0025,0.99131,0.00033,0.00048,,6e-05,5e-05,0.00035,0.00337,0.00085,,,0.0,,,,3e-05,0.00068,0.0,6e-15,,0.007,0.4,,0.1,0.2,0.2,3.0000000000000003e-31,2e-09,,,0.9,,,,1.0,1.0,0.7,mrps
msln,MSLN,Proteins,0.01127,0.86839,0.0362,0.00307,,0.00114,0.00074,0.0004,0.00028,0.07158,,,0.00263,,,,7e-05,0.00173,0.0025,9e-91,,0.0,6e-22,,9e-14,2e-09,0.05,0.0007,0.0,,,9e-30,,,,0.6,0.7,3e-28,msln
mslnl,MSLNL,Proteins,0.00166,0.99367,0.00083,0.00059,,0.00018,5e-05,0.00023,0.00106,0.0005,,,0.0,,,,5e-05,0.0011,9e-05,6e-09,,1e-07,0.2,,0.006,0.2,0.6,1e-09,5e-06,,,0.8,,,,0.8,1.0,0.05,msln1
msmb,MSMB,Proteins,0.01303,0.81759,0.01619,0.0025,,0.0017,0.00074,0.00135,0.10403,0.03945,,,0.00121,,,,6e-05,0.00141,0.00074,9.000000000000001e-124,,4e-180,5e-18,,7e-21,6e-10,1e-10,0.0,0.0,,,3e-15,,,,0.7,0.8,6e-10,msmb
msr1,MSR1,Proteins,0.00444,0.81061,0.1034,0.00408,,0.06645,0.00176,0.00026,0.00062,0.00066,,,0.0001,,,,6e-05,0.00142,0.00616,5.0000000000000005e-37,,0.0,7e-35,,0.0,5e-22,0.2,0.06,3e-09,,,0.02,,,,0.7,0.8,8e-73,msr1
msra,MSRA,Proteins,0.00215,0.95308,0.00116,0.02681,,0.0055,0.0,0.00291,0.00122,0.00041,,,0.00442,,,,6e-05,0.00226,3e-05,2e-07,,0.5,3.0000000000000002e-239,,2e-55,0.8,1e-22,0.08,2e-05,,,5.0000000000000004e-45,,,,0.8,0.2,0.2,msra
mst1,MST1,Proteins,0.00557,0.97755,0.00151,0.0023,,0.00599,0.00113,0.00047,0.00166,0.002,,,0.00042,,,,2e-05,0.00127,0.00011,6e-22,,0.03,2e-12,,4e-58,3e-12,0.04,0.0007,1e-20,,,2e-05,,,,1.0,1.0,0.03,mst1
mstn,MSTN,Proteins,0.01036,0.78973,0.00257,0.00145,,0.00692,4e-05,0.00082,0.1778,0.00225,,,0.00629,,,,0.00015,0.00137,0.00025,2e-105,,3e-09,1e-08,,3.0000000000000004e-81,0.1,9e-06,0.0,1e-27,,,4e-74,,,,0.1,0.9,0.0003,mstn
mtdh,MTDH,Proteins,0.00297,0.95184,0.00033,0.01517,,0.02043,2e-05,0.00186,0.00337,2e-05,,,0.00209,,,,4e-05,0.00182,3e-05,2e-13,,0.4,8e-127,,1e-194,0.4,8e-13,5e-31,0.4,,,1e-21,,,,0.9,0.5,0.2,mtdh
mthfd2,MTHFD2,Proteins,0.00118,0.99273,0.00032,0.00095,,0.00201,1e-05,0.00021,0.00087,0.00016,,,1e-05,,,,9e-05,0.00142,5e-05,2e-07,,0.0003,0.004,,1e-20,0.5,0.6,1e-09,0.009,,,0.6,,,,0.6,0.9,0.1,mthf
mthfsd,MTHFSD,Proteins,0.00311,0.9569,0.00155,0.02154,,0.00595,0.00024,0.00468,0.00123,0.00061,,,0.00185,,,,0.00034,0.00187,0.00013,5e-18,,3e-08,1.0000000000000001e-186,,7e-59,0.001,4e-38,6e-05,2e-07,,,2e-19,,,,0.01,0.3,0.02,mthf1
mtif3,MTIF3,Proteins,0.00381,0.97127,0.0006,0.01077,,0.0059,0.0,0.00164,0.00071,7e-05,,,0.00313,,,,0.00015,0.00196,0.0,2e-22,,0.02,1e-87,,2e-58,0.9,4e-11,0.001,0.07,,,8.999999999999999e-32,,,,0.3,0.2,0.9,mtif
mtpn,MTPN,Proteins,0.00109,0.9916,0.00018,0.00331,,0.0006,0.00029,0.00084,0.00027,0.00025,,,0.00016,,,,0.00019,0.00123,0.0,3e-08,,0.8,7e-20,,5e-07,0.0005,0.0002,0.05,0.001,,,0.01,,,,0.2,1.0,0.8,mtpn
mtr,MTR,Proteins,0.00107,0.99467,0.00028,0.00183,,5e-05,0.00015,0.00017,5e-05,0.00074,,,1e-05,,,,9e-05,0.00086,3e-05,2e-06,,0.001,1e-08,,0.1,0.01,0.8,0.3,3e-08,,,0.6,,,,0.6,1.0,0.2,mtr
mtss1,MTSS1,Proteins,0.00159,0.93033,0.00155,0.04705,,0.00287,0.00112,0.00982,0.00199,0.0005,,,1e-05,,,,0.00048,0.00264,4e-05,3e-06,,3e-07,0.0,,9.999999999999999e-31,6e-13,1e-89,9e-12,1e-06,,,0.6,,,,0.0005,0.001,0.2,mtss
mtss2,MTSS2,Proteins,0.0018,0.94596,0.00171,0.03133,,0.00426,5e-05,0.00807,0.00212,0.00067,,,0.00183,,,,0.00012,0.00201,7e-05,5e-06,,4e-08,7e-284,,8e-44,0.1,2.9999999999999997e-71,3e-12,4e-08,,,9e-20,,,,0.4,0.2,0.07,mtss1
mtus1,MTUS1,Proteins,0.00193,0.92902,0.00332,0.00261,,0.03492,0.00081,0.0014,0.02167,0.0021,,,0.00048,,,,8e-05,0.00125,0.00039,2e-08,,5e-20,5e-16,,0.0,1e-09,2e-09,9.999999999999999e-200,2e-22,,,3e-06,,,,0.6,1.0,2e-05,mtus
muc13,MUC13,Proteins,0.00339,0.92021,0.01581,0.00136,,0.0152,0.00055,0.00063,0.00433,0.00129,,,0.03474,,,,0.00012,0.00181,0.00056,2e-18,,8e-135,4e-06,,1e-150,7e-07,0.003,2e-22,2e-14,,,0.0,,,,0.3,0.7,4e-07,muc1
muc16,MUC16,Proteins,0.00184,0.98586,0.00615,0.00077,,0.00018,1e-05,0.00027,0.00208,6e-05,,,5e-05,,,,0.00011,0.00263,0.0,3e-12,,5e-40,0.03,,0.005,0.6,0.4,0.5,0.1,,,0.2,,,,0.4,0.07,0.7,muc11
muc2,MUC2,Proteins,0.00429,0.97922,0.00955,0.00189,,0.00057,1e-05,0.00025,0.00143,4e-05,,,5e-05,,,,0.00014,0.00243,0.00012,6e-17,,3e-87,1e-09,,5e-07,0.6,0.4,1e-09,0.2,,,0.1,,,,0.3,0.06,0.02,muc2
mucl3,MUCL3,Proteins,0.00054,0.99466,0.00059,0.00103,,8e-05,0.0,0.00011,0.00183,0.00018,,,7e-05,,,,9e-05,0.00079,3e-05,0.02,,3e-06,0.002,,0.06,0.7,1.0,1e-17,0.006,,,0.08,,,,0.6,1.0,0.3,mucl
mvk,MVK,Proteins,0.00534,0.89273,0.0032,0.01448,,0.04685,0.00031,0.00405,0.02425,0.0061,,,0.00076,,,,3e-05,0.0018,8e-05,1e-17,,2e-18,7.999999999999999e-130,,0.0,0.0001,1.0000000000000001e-34,1.9999999999999999e-230,6e-64,,,2e-09,,,,0.9,0.5,0.05,mvk
mxra8,MXRA8,Proteins,0.01726,0.77275,0.06264,0.00251,,0.074,0.00217,0.00266,0.05224,0.01161,,,5e-05,,,,1e-05,0.00178,0.00031,4e-125,,0.0,3e-19,,0.0,2e-27,1.9999999999999998e-25,0.0,3e-138,,,0.1,,,,1.0,0.1,4e-05,mxra
mybpc1,MYBPC1,Proteins,0.0077,0.78888,0.0611,0.00197,,0.02407,8e-05,0.00033,0.07768,0.00015,,,0.03208,,,,0.00017,0.00247,0.00332,2.0000000000000002e-24,,0.0,6e-14,,4.0000000000000003e-283,0.03,0.08,0.0,0.005,,,0.0,,,,0.1,0.0005,3e-41,mybp
mybpc2,MYBPC2,Proteins,0.00351,0.88135,0.00064,0.00095,,0.01128,0.00015,0.00062,0.09341,0.00088,,,0.00455,,,,8e-05,0.00166,0.00094,5e-23,,3e-08,0.001,,8e-118,0.008,0.002,0.0,9e-11,,,9e-49,,,,0.6,0.7,2e-11,mybp1
mycbp2,MYCBP2,Proteins,0.00077,0.94533,0.00016,0.03387,,0.00814,0.00014,0.00811,0.00057,0.0001,,,0.00027,,,,0.00028,0.00227,1e-05,0.0002,,0.2,5e-309,,4.0000000000000004e-82,0.01,5.000000000000001e-72,8e-06,0.04,,,0.0005,,,,0.03,0.05,0.5,mycb
mydgf,MYDGF,Proteins,0.00449,0.94977,0.00125,0.01873,,0.01424,0.0,0.00239,0.0009,0.00067,,,0.00523,,,,5e-05,0.00225,2e-05,2e-19,,1e-05,4.0000000000000005e-165,,3e-141,0.8,5e-18,0.07,3e-08,,,3e-53,,,,0.8,0.1,0.3,mydg
myh4,MYH4,Proteins,0.00037,0.99604,0.00033,0.00055,,0.00037,1e-05,0.00019,0.00027,0.00018,,,0.0,,,,0.00025,0.00138,5e-05,0.05,,0.0002,0.3,,8e-05,0.5,0.7,0.0009,0.006,,,0.9,,,,0.07,1.0,0.1,myh4
myh7b,MYH7B,Proteins,0.0012,0.99466,0.0008,0.00046,,0.00034,2e-05,0.00017,0.00084,8e-05,,,2e-05,,,,7e-05,0.00134,1e-05,0.0004,,1e-08,0.5,,0.0002,0.4,0.8,6e-09,0.07,,,0.3,,,,0.7,1.0,0.5,myh7
myh9,MYH9,Proteins,0.00217,0.95142,0.00219,0.01946,,0.01317,0.00077,0.00474,0.0031,0.00013,,,0.00047,,,,0.00021,0.00215,1e-05,3e-07,,4e-07,1.0000000000000001e-171,,9.999999999999999e-131,3e-09,1.0000000000000001e-39,3e-16,0.01,,,5e-06,,,,0.09,0.2,0.4,myh9
myl1,MYL1,Proteins,0.00124,0.96187,0.00015,0.00086,,0.0018,0.00012,0.00031,0.03154,9e-05,,,0.00034,,,,3e-05,0.00118,0.00047,0.001,,0.01,0.01,,1e-18,0.02,0.3,6e-294,0.05,,,0.0001,,,,0.9,1.0,6e-06,myl1
myl3,MYL3,Proteins,0.008,0.81921,0.05739,0.0018,,0.02249,0.00014,0.00105,0.07033,0.0,,,0.01528,,,,0.0001,0.00217,0.00204,9.999999999999999e-26,,0.0,3e-11,,1e-248,0.008,1e-07,0.0,0.7,,,2e-170,,,,0.4,0.03,2.0000000000000002e-24,myl3
myl4,MYL4,Proteins,0.00206,0.90434,0.00046,0.03905,,0.00721,0.00074,0.00218,0.04079,0.0005,,,0.0,,,,0.00013,0.00198,0.00056,1e-12,,1e-05,0.0,,3e-74,5e-09,1e-16,0.0,2e-06,,,0.7,,,,0.3,0.3,4e-07,myl4
myl6b,MYL6B,Proteins,0.00179,0.99148,0.0,0.00112,,8e-05,8e-05,0.00034,3e-05,0.00368,,,9e-05,,,,5e-05,0.00106,0.00019,2e-05,,0.9,0.0005,,0.07,0.06,0.2,0.3,1e-35,,,0.06,,,,0.8,1.0,0.005,myl6
mylpf,MYLPF,Proteins,0.00331,0.8902,0.00116,0.00157,,0.00611,0.00019,0.00028,0.09165,0.00058,,,0.00272,,,,0.0002,0.00132,0.0007,5e-12,,5e-13,5e-08,,3e-64,0.003,0.3,0.0,2e-07,,,1.0000000000000001e-29,,,,0.1,0.9,1e-08,mylp
myo6,MYO6,Proteins,0.00072,0.99329,4e-05,0.00325,,0.00026,0.0,0.00084,1e-05,1e-05,,,0.0,,,,4e-05,0.00148,6e-05,1e-05,,0.2,4e-20,,0.0009,0.9,0.0001,0.6,0.5,,,1.0,,,,0.9,0.9,0.1,myo6
myo9b,MYO9B,Proteins,0.00091,0.94167,0.00025,0.04377,,0.00195,0.0001,0.0088,0.0002,0.0,,,2e-05,,,,0.00011,0.00221,0.0,9e-05,,0.09,0.0,,1e-20,0.03,1e-76,0.4,0.7,,,0.3,,,,0.4,0.1,0.7,myo9
myoc,MYOC,Proteins,0.00641,0.90007,0.05872,0.01004,,0.00019,0.00061,0.00143,0.01518,0.00238,,,0.00271,,,,0.00014,0.0015,0.00062,1e-40,,0.0,1e-87,,0.003,7e-08,4e-10,1.0000000000000001e-72,3e-26,,,1.0000000000000001e-29,,,,0.2,0.9,6e-08,myoc
myom1,MYOM1,Proteins,0.001,0.99367,0.00028,0.00039,,0.002,4e-05,0.00033,0.00069,0.00018,,,0.00026,,,,6e-05,0.00096,0.00014,0.002,,0.01,0.7,,6e-20,0.2,0.2,1e-06,0.006,,,0.001,,,,0.8,1.0,0.01,myom
myom2,MYOM2,Proteins,0.00459,0.94227,0.00622,0.00211,,0.00163,4e-05,0.00089,0.03818,7e-05,,,0.00224,,,,1e-05,0.00137,0.00038,4.9999999999999996e-26,,4e-61,2e-11,,2e-17,0.2,4e-05,0.0,0.08,,,3e-23,,,,1.0,1.0,5e-05,myom1
myom3,MYOM3,Proteins,0.01122,0.85069,0.03108,0.00335,,0.00402,9e-05,0.00213,0.09366,0.00035,,,0.00067,,,,2e-05,0.00152,0.00121,2e-52,,2e-312,8.999999999999998e-25,,6e-45,0.04,2e-17,0.0,4e-05,,,9e-09,,,,1.0,0.6,1e-14,myom2
mzb1,MZB1,Proteins,0.02295,0.90268,0.00378,0.00425,,0.04499,0.00303,0.00072,0.00779,0.00563,,,0.00018,,,,9e-05,0.00125,0.00266,9e-146,,0.06,1e-31,,0.0,6e-33,0.0003,8e-44,1e-59,,,0.004,,,,0.5,1.0,4.0000000000000003e-29,mzb1
mzt1,MZT1,Proteins,0.00212,0.9513,0.00031,0.03564,,0.001,0.00028,0.00466,0.00182,0.0,,,0.00034,,,,5e-05,0.00247,1e-05,4e-15,,0.3,1e-313,,4e-11,0.0005,1e-37,3e-16,0.9,,,0.0001,,,,0.8,0.1,0.6,mzt1
naa10,NAA10,Proteins,0.00116,0.9766,0.00016,0.01617,,0.0017,1e-05,0.00137,0.00015,0.0,,,0.00115,,,,0.0001,0.00142,0.0,0.0005,,0.6,7e-132,,2e-17,0.4,2e-08,1.0,0.8,,,3e-12,,,,0.5,1.0,0.7,naa1
naa80,NAA80,Proteins,0.00877,0.94587,0.00203,0.02283,,0.00677,0.00048,0.00328,0.00411,0.00029,,,0.00293,,,,8e-05,0.00248,6e-05,1.9999999999999998e-54,,0.02,5e-199,,6e-67,4e-06,1.9999999999999998e-25,5e-23,0.0003,,,5e-30,,,,0.6,0.02,0.09,naa8
naaa,NAAA,Proteins,0.00571,0.97739,0.0039,0.00084,,0.00949,0.0,0.00064,0.00023,5e-05,,,0.00024,,,,9e-05,0.00141,1e-05,1.9999999999999998e-32,,4e-38,0.01,,1e-90,0.8,0.004,0.003,0.2,,,0.001,,,,0.6,1.0,0.5,naaa
nacc1,NACC1,Proteins,0.00088,0.93909,0.00182,0.03118,,0.01283,0.00015,0.00639,0.00358,0.00014,,,0.00172,,,,3e-05,0.00203,0.00015,0.003,,1e-06,9.999999999999999e-285,,1.9999999999999999e-128,0.008,7.999999999999999e-56,2.0000000000000002e-24,0.01,,,8e-19,,,,0.9,0.1,0.008,nacc
nadk,NADK,Proteins,0.00323,0.87524,0.01452,0.04705,,0.03401,0.00129,0.00936,0.00342,6e-05,,,0.0084,,,,0.00028,0.00191,0.00124,1e-12,,2e-144,0.0,,0.0,2e-15,5e-90,5e-28,0.09,,,3e-90,,,,0.02,0.3,1e-14,nadk
naga,NAGA,Proteins,0.00866,0.97757,0.00051,0.00208,,0.0006,0.00015,0.00045,0.00646,0.0,,,0.00198,,,,0.00025,0.00128,0.0,5e-62,,0.07,1e-10,,4e-07,0.01,0.06,1e-57,1.0,,,5e-20,,,,0.06,1.0,0.7,naga
nagk,NAGK,Proteins,0.00244,0.92079,0.00448,0.0251,,0.01518,0.00041,0.00826,0.01847,5e-05,,,0.00269,,,,0.00013,0.00199,0.0,2e-07,,8e-16,9e-226,,1e-150,2e-05,2e-73,4e-153,0.1,,,2.0000000000000002e-28,,,,0.3,0.3,0.9,nagk
nagpa,NAGPA,Proteins,0.00493,0.93608,0.01294,0.00211,,0.02773,0.00061,0.00076,0.01299,0.00014,,,0.0,,,,9e-05,0.00156,5e-05,3.9999999999999997e-25,,0.4,1e-11,,1.0000000000000001e-268,2e-07,0.0003,0.09,0.01,,,0.8,,,,0.5,0.8,0.1,nagp
nampt,NAMPT,Proteins,0.00056,0.94777,5e-05,0.02953,,0.01245,0.00018,0.00574,0.00067,0.00106,,,2e-05,,,,3e-05,0.00159,0.00035,0.005,,0.3,6e-259,,2e-120,0.005,1e-47,1e-07,8e-12,,,0.4,,,,0.9,1.0,8e-05,namp
nap1l4,NAP1L4,Proteins,0.00175,0.92218,0.00106,0.05995,,6e-05,1e-05,0.00493,0.00546,0.00051,,,0.00192,,,,0.00028,0.00188,3e-05,2e-08,,2e-06,0.0,,0.1,0.4,9.999999999999999e-43,5e-51,1e-06,,,4e-21,,,,0.03,0.2,0.3,nap1
naprt,NAPRT,Proteins,0.00287,0.93935,0.00178,0.015,,0.00663,0.00015,0.00163,0.02858,0.00064,,,0.00142,,,,0.00016,0.0016,0.0002,2e-15,,7e-16,3.0000000000000005e-131,,1e-67,0.009,2e-11,1.0000000000000001e-278,6e-08,,,8e-16,,,,0.2,0.7,0.002,napr
nars1,NARS1,Proteins,0.00391,0.95354,0.00262,0.02463,,0.00415,0.00027,0.0032,0.00297,0.0,,,0.00266,,,,5e-05,0.00196,3e-05,3.0000000000000003e-31,,7e-14,1e-219,,1.9999999999999998e-42,0.0005,1.9999999999999998e-25,2e-17,0.7,,,7e-28,,,,0.8,0.3,0.3,nars
nbl1,NBL1,Proteins,0.00522,0.91386,0.04197,0.00167,,0.02372,9e-05,0.00047,0.0053,0.00094,,,0.00125,,,,0.00017,0.00113,0.00423,1e-20,,0.0,9e-09,,1e-240,0.04,0.02,8.999999999999999e-36,3e-11,,,2e-14,,,,0.2,1.0,7e-45,nbl1
nbn,NBN,Proteins,0.00133,0.89246,0.00125,0.05435,,0.01996,0.00012,0.00711,0.01284,0.00191,,,0.00562,,,,0.00012,0.00235,0.00058,1e-05,,3e-08,0.0,,2e-203,0.02,1e-64,3e-126,3e-21,,,4e-59,,,,0.3,0.03,2e-07,nbn
ncam1,NCAM1,Proteins,0.0048,0.84884,0.01894,0.00202,,0.02335,0.00015,0.00056,0.08788,0.01169,,,0.00023,,,,4e-05,0.00116,0.00034,7e-35,,5e-153,7e-13,,1e-253,0.005,0.003,0.0,7e-129,,,0.0007,,,,0.9,1.0,3e-05,ncam
ncam2,NCAM2,Proteins,0.00303,0.89849,0.00264,0.00421,,0.08011,8e-05,0.00027,0.00748,0.00139,,,0.00046,,,,4e-05,0.00176,4e-05,7e-22,,1.0000000000000001e-24,1e-31,,0.0,0.05,0.3,2e-74,5e-16,,,3e-06,,,,0.8,0.6,0.2,ncam1
ncan,NCAN,Proteins,0.01335,0.76291,0.00162,0.00214,,0.09541,0.00018,0.00068,0.0826,0.03743,,,0.00166,,,,8e-05,0.00184,0.00011,3.9999999999999996e-97,,0.05,2e-16,,0.0,0.001,7e-05,0.0,0.0,,,4e-22,,,,0.5,0.1,0.01,ncan
ncf2,NCF2,Proteins,0.00527,0.85281,0.00057,0.10555,,0.0138,7e-05,0.00644,0.00642,0.00423,,,0.00127,,,,9e-05,0.00306,0.00042,9e-49,,1e-07,0.0,,2e-150,0.05,6.999999999999999e-62,2.9999999999999997e-71,1e-47,,,2e-15,,,,0.5,8e-06,5e-06,ncf2
nck2,NCK2,Proteins,0.00161,0.95598,0.00103,0.02863,,0.00414,0.00033,0.00222,0.00111,0.00029,,,0.00228,,,,0.00012,0.00219,6e-05,4e-07,,0.0005,4e-255,,5e-42,0.0001,3e-16,9e-05,0.0003,,,6e-24,,,,0.3,0.1,0.09,nck2
ncln,NCLN,Proteins,0.00126,0.99453,0.00034,0.00074,,7e-05,2e-05,0.00021,8e-05,0.00145,,,4e-05,,,,5e-05,0.00119,0.0,3e-08,,0.0002,0.05,,0.09,0.3,0.6,0.08,6e-15,,,0.2,,,,0.8,1.0,0.9,ncln
ncr1,NCR1,Proteins,0.04026,0.91881,0.00928,0.00554,,0.01455,0.00056,0.00019,0.00182,0.00509,,,0.00229,,,,0.00011,0.00105,0.00045,0.0,,6e-95,7e-43,,2e-147,4e-07,0.6,5e-20,4e-53,,,7.999999999999999e-25,,,,0.4,1.0,4e-06,ncr1
ncr3lg1,NCR3LG1,Proteins,0.01979,0.87172,0.02611,0.00214,,0.00026,0.0,0.00084,0.07285,0.00061,,,0.00052,,,,0.0001,0.00117,0.0039,8e-194,,1.9999999999999998e-276,2e-13,,0.0003,0.9,2e-05,0.0,4e-08,,,5e-07,,,,0.4,1.0,1e-43,ncr3
ncs1,NCS1,Proteins,0.01418,0.8005,0.10642,0.00411,,0.00186,0.00048,0.00067,0.06794,1e-05,,,0.00027,,,,9e-05,0.00117,0.00231,1e-111,,0.0,1e-35,,2.0000000000000002e-23,4e-07,0.0002,0.0,0.5,,,0.0001,,,,0.4,1.0,9.000000000000001e-29,ncs1
ndrg1,NDRG1,Proteins,0.00266,0.98684,0.00026,0.00215,,0.00429,0.0,0.00043,0.00054,0.00049,,,0.00024,,,,0.00018,0.00144,0.00049,1e-15,,0.01,5e-11,,3e-41,1.0,0.08,2e-05,5e-06,,,0.001,,,,0.2,1.0,6e-06,ndrg
ndst1,NDST1,Proteins,0.00076,0.99526,0.00033,0.00082,,0.00014,1e-05,0.00016,0.00096,1e-05,,,2e-05,,,,6e-05,0.00107,0.0004,0.0004,,0.0002,0.02,,0.01,0.6,0.8,1e-10,0.5,,,0.3,,,,0.7,1.0,4e-05,ndst
ndufa5,NDUFA5,Proteins,0.00185,0.97717,0.00279,0.00565,,0.00414,0.0,0.00063,0.00474,0.00016,,,0.00119,,,,3e-05,0.00136,0.00028,5e-06,,3e-19,1.0000000000000001e-39,,2.9999999999999998e-40,0.6,0.005,2e-37,0.008,,,1e-12,,,,0.9,1.0,0.0005,nduf
ndufb7,NDUFB7,Proteins,0.00309,0.96681,0.00146,0.01668,,0.00339,0.00027,0.00389,0.00047,0.00037,,,0.0015,,,,0.00021,0.00182,4e-05,1e-09,,8e-12,1.9999999999999997e-142,,2.0000000000000003e-34,0.0005,4e-31,0.08,6e-05,,,3e-16,,,,0.1,0.4,0.2,nduf1
ndufs6,NDUFS6,Proteins,0.00249,0.96397,0.00584,0.00392,,0.01481,9e-05,0.00133,0.00438,0.00077,,,3e-05,,,,8e-05,0.00158,0.0007,6e-08,,9.999999999999999e-51,9.999999999999999e-26,,2.9999999999999997e-140,0.04,2e-08,7e-37,7e-09,,,0.2,,,,0.6,1.0,4e-08,nduf2
neb,NEB,Proteins,0.00175,0.97431,0.00452,0.00127,,0.00572,4e-05,0.00018,0.00798,0.0,,,0.00263,,,,4e-05,0.00117,0.0004,2e-07,,8e-44,6e-05,,5.9999999999999996e-55,0.2,0.7,9e-76,0.9,,,3e-26,,,,0.9,1.0,4e-05,neb
necap2,NECAP2,Proteins,0.00182,0.96857,0.00073,0.01704,,0.00453,3e-05,0.00157,0.00133,0.00015,,,0.00146,,,,0.00012,0.00264,1e-05,1e-05,,0.2,6.999999999999999e-141,,4e-44,0.3,4e-10,2e-07,0.01,,,2e-15,,,,0.4,0.02,0.6,neca
nectin1,NECTIN1,Proteins,0.00063,0.99175,0.00151,0.00144,,0.00135,3e-05,0.00052,0.00066,0.00084,,,2e-05,,,,9e-05,0.00115,1e-05,0.01,,1e-10,6e-06,,5e-14,0.3,0.03,0.02,3e-09,,,0.4,,,,0.6,1.0,0.5,nect
nectin2,NECTIN2,Proteins,0.01945,0.91073,0.02425,0.0031,,0.02667,4e-05,0.00097,0.0,0.00384,,,0.00642,,,,4e-05,0.00138,0.0031,8.999999999999999e-152,,2e-244,8e-21,,3.0000000000000003e-268,0.2,4e-06,0.7,9e-41,,,8e-67,,,,0.9,1.0,3e-33,nect1
nectin4,NECTIN4,Proteins,0.00682,0.94369,0.007,0.00419,,0.00137,0.0015,0.00383,0.0181,0.00443,,,0.00576,,,,0.0001,0.00146,0.00174,5e-47,,2e-67,1.0000000000000001e-29,,3e-15,2e-16,2e-31,2e-175,2.0000000000000003e-45,,,1e-58,,,,0.5,1.0,7e-19,nect2
nedd4l,NEDD4L,Proteins,0.00194,0.93146,0.00191,0.04738,,0.00225,7e-05,0.00418,0.00606,3e-05,,,0.00307,,,,9e-05,0.00153,3e-05,8e-07,,3e-16,0.0,,1.0000000000000001e-23,0.08,4.0000000000000006e-34,9e-57,0.2,,,1e-31,,,,0.5,0.8,0.2,nedd
nedd9,NEDD9,Proteins,0.0007,0.97251,0.00115,0.01421,,0.00692,0.0001,0.00109,0.00124,6e-05,,,3e-05,,,,6e-05,0.00156,0.00038,0.005,,1e-10,1.9999999999999999e-115,,3e-66,0.04,3e-06,1e-11,0.1,,,0.3,,,,0.8,0.8,5e-05,nedd1
nefl,NEFL,Proteins,0.01508,0.69477,0.26138,0.00257,,0.00989,0.00015,0.00069,0.00096,6e-05,,,9e-05,,,,3e-05,0.00107,0.01324,1.0000000000000001e-145,,0.0,1e-22,,7.999999999999999e-130,0.002,2e-05,5e-10,0.07,,,0.02,,,,0.8,1.0,9.999999999999999e-173,nefl
nek7,NEK7,Proteins,0.00214,0.97143,0.00066,0.01681,,0.00171,0.00042,0.00183,0.00031,0.00012,,,0.00217,,,,0.0001,0.0022,9e-05,1e-10,,7e-05,1e-140,,6e-18,2e-05,2e-12,0.5,0.02,,,3e-22,,,,0.5,0.08,0.04,nek7
nell1,NELL1,Proteins,0.00383,0.98273,0.00298,0.00143,,0.00383,0.00157,0.00065,0.00131,0.00015,,,2e-05,,,,6e-05,0.00109,0.00037,5.0000000000000004e-29,,7.999999999999999e-30,3e-06,,4e-38,1e-16,0.003,7e-14,0.01,,,0.4,,,,0.8,1.0,6e-05,nell
nell2,NELL2,Proteins,0.01443,0.90908,0.00388,0.00348,,0.01516,0.0001,0.00056,0.03808,0.01276,,,0.00087,,,,3e-05,0.00136,0.00021,9e-118,,1.9999999999999998e-32,2.0000000000000002e-24,,8e-156,0.03,0.006,0.0,1.0000000000000001e-131,,,2e-10,,,,0.9,0.9,0.002,nell1
nenf,NENF,Proteins,0.00266,0.98983,3e-05,0.00122,,0.0,0.00025,0.00038,0.00079,0.00363,,,1e-05,,,,3e-05,0.00115,4e-05,6e-13,,0.3,9e-05,,0.9,0.001,0.1,5e-09,5.9999999999999996e-36,,,0.6,,,,0.9,1.0,0.2,nenf
neo1,NEO1,Proteins,0.00276,0.96157,0.01824,0.0017,,0.0026,0.0,0.00063,0.00989,0.00044,,,0.00042,,,,4e-05,0.00107,0.00062,1e-15,,2.9999999999999997e-149,2e-08,,4e-27,0.7,0.003,6.999999999999999e-69,8e-06,,,1e-05,,,,0.9,1.0,1e-07,neo1
nexn,NEXN,Proteins,0.00154,0.93753,0.00065,0.04753,,0.00271,0.00061,0.00496,0.00085,0.00011,,,0.0003,,,,0.00022,0.003,1e-05,2e-06,,0.9,0.0,,9.000000000000001e-29,1e-07,1.9999999999999998e-42,0.002,0.02,,,0.0002,,,,0.08,7e-05,0.5,nexn
nfasc,NFASC,Proteins,0.00528,0.85952,0.0901,0.0015,,0.02693,1e-05,0.0008,0.01001,0.00105,,,0.00098,,,,4e-05,0.00118,0.00261,3e-45,,0.0,2e-08,,3e-291,0.5,4e-05,1e-93,4e-13,,,3e-12,,,,0.9,1.0,3e-30,nfas
nfat5,NFAT5,Proteins,0.00086,0.93586,0.00092,0.04656,,0.0009,0.0002,0.00998,0.00087,8e-05,,,0.00033,,,,0.00012,0.00327,5e-05,0.001,,1e-09,0.0,,2e-10,0.003,6e-88,4e-09,0.06,,,0.0001,,,,0.4,1e-05,0.2,nfat
nfatc1,NFATC1,Proteins,0.00327,0.9126,0.00143,0.05104,,0.00454,0.0001,0.01152,0.009,0.00103,,,0.00248,,,,7e-05,0.00278,0.00012,2.0000000000000002e-24,,0.001,0.0,,7e-48,0.03,2e-107,9e-81,4e-12,,,5e-27,,,,0.7,0.001,0.02,nfat1
nfatc3,NFATC3,Proteins,0.00748,0.96542,0.00072,0.00277,,0.01442,8e-05,0.00053,0.00683,5e-05,,,2e-05,,,,0.00018,0.0015,0.0,3e-50,,0.2,3e-16,,5e-137,0.06,0.02,1e-59,0.1,,,0.3,,,,0.2,0.9,0.9,nfat2
nfe2,NFE2,Proteins,0.00132,0.92273,0.00071,0.05375,,0.00638,0.00014,0.00873,0.00051,3e-05,,,0.00202,,,,5e-05,0.00358,3e-05,0.0001,,0.002,0.0,,1e-64,0.01,9e-78,0.9,0.2,,,1e-21,,,,0.8,9e-07,0.2,nfe2
nfic,NFIC,Proteins,0.00122,0.98812,0.00025,0.00538,,0.00231,9e-05,0.00096,0.00038,7e-05,,,0.0,,,,4e-05,0.0011,7e-05,0.0002,,0.01,2e-38,,1.0000000000000001e-23,0.04,2e-05,0.0005,0.08,,,0.7,,,,0.9,1.0,0.08,nfic
nfkb1,NFKB1,Proteins,0.00225,0.93119,0.00134,0.0403,,0.00658,7e-05,0.01063,0.00332,0.00088,,,0.00058,,,,9e-05,0.00275,3e-05,2e-06,,3e-06,0.0,,1e-65,0.08,2e-94,7.999999999999999e-26,4e-10,,,4e-07,,,,0.5,0.005,0.3,nfkb
nfkb2,NFKB2,Proteins,0.00051,0.99616,0.0001,0.00121,,0.00014,0.0,0.00037,0.00011,0.0001,,,5e-05,,,,0.00038,0.00088,0.0,0.05,,0.09,0.0002,,0.02,0.9,0.2,0.07,0.04,,,0.1,,,,0.007,1.0,0.8,nfkb1
nfkbie,NFKBIE,Proteins,0.00198,0.93406,0.00248,0.03453,,0.01469,1e-05,0.00635,0.00212,0.00117,,,0.00026,,,,6e-05,0.00226,3e-05,7e-10,,1e-14,3e-309,,1e-143,0.4,3.9999999999999995e-54,3e-11,6e-13,,,0.0007,,,,0.8,0.2,0.2,nfkb2
nfu1,NFU1,Proteins,0.00416,0.969,0.00041,0.01342,,0.0044,4e-05,0.00205,0.00028,0.00017,,,0.00402,,,,0.00011,0.00193,1e-05,6e-16,,0.01,4.0000000000000003e-112,,4e-44,0.2,1e-14,0.5,0.006,,,2e-40,,,,0.4,0.3,0.5,nfu1
nfx1,NFX1,Proteins,0.00225,0.90955,0.00079,0.06374,,0.00721,0.00012,0.01079,0.00254,0.00016,,,4e-05,,,,6e-05,0.00273,1e-05,5e-16,,0.3,0.0,,2e-73,0.02,3e-98,2e-19,0.006,,,0.2,,,,0.7,0.003,0.4,nfx1
nfya,NFYA,Proteins,0.00229,0.96016,0.00081,0.01884,,0.01065,0.0,0.00148,0.00167,0.00175,,,0.00027,,,,7e-05,0.00158,0.00044,4e-14,,1e-05,2e-158,,7.0000000000000005e-102,0.7,2e-09,7e-14,3e-18,,,0.0006,,,,0.7,0.9,1e-05,nfya
ngf,NGF,Proteins,0.00107,0.99538,0.00012,0.00128,,1e-05,2e-05,7e-05,2e-05,8e-05,,,0.00038,,,,0.00016,0.00141,0.0,2e-06,,0.03,5e-05,,0.5,0.4,1.0,0.5,0.06,,,6e-05,,,,0.2,1.0,0.8,ngf
ngfr,NGFR,Proteins,0.00075,0.99112,0.00119,0.00058,,0.00106,0.00016,0.0004,0.00329,6e-05,,,7e-05,,,,2e-05,0.00113,0.00018,0.0004,,2e-12,0.2,,1e-11,0.009,0.1,1.9999999999999998e-32,0.1,,,0.08,,,,1.0,1.0,0.005,ngfr
ngrn,NGRN,Proteins,0.00149,0.95933,0.00212,0.00298,,0.02322,4e-05,0.00059,0.00813,0.00033,,,3e-05,,,,0.00017,0.00142,0.00015,5e-06,,5e-21,1e-18,,2.0000000000000002e-225,0.2,0.006,2e-79,0.0001,,,0.2,,,,0.2,0.9,0.01,ngrn
nhlrc3,NHLRC3,Proteins,0.00686,0.83896,0.02969,0.01537,,0.08659,0.00051,0.00137,0.01186,0.00389,,,0.00134,,,,0.00017,0.00213,0.00126,6e-34,,9.999999999999999e-302,1e-144,,0.0,5e-07,5e-10,1e-116,4e-43,,,6e-16,,,,0.2,0.04,4e-15,nhlr
nid1,NID1,Proteins,0.00313,0.93178,0.00611,0.0023,,0.01083,2e-05,0.0012,0.03574,0.00463,,,0.00234,,,,0.00012,0.00129,0.0005,3e-12,,5.999999999999999e-62,2e-13,,8e-109,0.3,9e-08,0.0,1e-47,,,5e-25,,,,0.4,1.0,2e-06,nid1
nid2,NID2,Proteins,0.00962,0.9653,0.00156,0.0027,,0.00612,0.00038,0.00075,0.00424,0.00145,,,0.00597,,,,0.00014,0.00175,3e-05,2.9999999999999995e-54,,4e-12,4e-16,,1.0000000000000001e-60,4e-05,0.0005,4e-38,1e-15,,,3e-59,,,,0.3,0.8,0.3,nid2
ninj1,NINJ1,Proteins,0.01046,0.96408,0.01439,0.00159,,0.00281,1e-05,0.00051,0.00396,0.00035,,,1e-05,,,,7e-05,0.0014,0.00037,4.0000000000000003e-88,,3e-129,3e-07,,3e-28,0.6,0.02,1e-31,0.0001,,,0.5,,,,0.7,1.0,7e-05,ninj
nit1,NIT1,Proteins,0.00107,0.92187,0.00682,0.0413,,0.00313,1e-05,0.00709,0.00949,0.00047,,,0.00519,,,,0.00012,0.00305,0.0004,0.002,,3e-60,0.0,,9e-33,0.4,2.9999999999999997e-62,1.9999999999999998e-86,4e-06,,,5e-53,,,,0.4,0.0002,2e-05,nit1
nit2,NIT2,Proteins,0.00166,0.93863,0.00234,0.02013,,0.021,6e-05,0.00428,0.00363,0.00045,,,0.00549,,,,5e-05,0.00225,2e-05,5e-05,,0.0001,7e-180,,4e-208,0.09,7e-36,1e-17,6e-06,,,3e-56,,,,0.8,0.09,0.4,nit2
nlgn1,NLGN1,Proteins,0.00077,0.99444,0.00072,0.00074,,4e-05,5e-05,0.00029,0.00101,0.00026,,,0.0,,,,0.00023,0.00141,3e-05,0.001,,5e-08,0.05,,0.2,0.2,0.3,8e-11,0.0009,,,0.9,,,,0.08,1.0,0.3,nlgn
nlgn2,NLGN2,Proteins,0.0007,0.99466,0.00045,0.00036,,0.00064,1e-05,0.00037,0.00045,0.00067,,,1e-05,,,,0.00025,0.00142,0.0,0.0005,,0.0001,0.8,,2e-07,0.5,0.2,0.0001,1e-07,,,0.6,,,,0.06,1.0,0.7,nlgn1
nme1,NME1,Proteins,0.00057,0.99293,3e-05,0.00084,,0.00317,8e-05,0.00023,5e-05,0.00021,,,0.00013,,,,2e-05,0.00175,0.0,0.07,,0.4,0.02,,9.999999999999999e-31,0.06,0.5,0.2,0.003,,,0.02,,,,1.0,0.7,0.8,nme1
nme3,NME3,Proteins,0.00191,0.9815,0.00145,0.00286,,0.00489,0.00082,0.00056,0.0032,0.00038,,,7e-05,,,,9e-05,0.00178,0.00047,4e-08,,1e-06,5e-17,,5e-48,2e-09,0.01,2.0000000000000002e-23,5e-05,,,0.09,,,,0.5,0.7,6e-06,nme3
nmi,NMI,Proteins,0.00427,0.95788,0.00028,0.02667,,0.00248,0.00025,0.00403,0.00026,0.00019,,,0.00109,,,,7e-05,0.00206,0.00045,8e-21,,0.1,5.999999999999999e-236,,7.999999999999999e-26,0.0008,1.9999999999999998e-32,0.2,0.003,,,3e-12,,,,0.6,0.1,8e-06,nmi
nmnat1,NMNAT1,Proteins,0.0017,0.87422,0.00881,0.05502,,0.02645,0.00083,0.0072,0.01412,0.00048,,,0.00871,,,,6e-05,0.00208,0.00033,1e-11,,6e-87,0.0,,9.999999999999999e-277,3e-10,8e-68,2.9999999999999998e-142,1e-06,,,2e-93,,,,0.7,0.2,6e-05,nmna
nmrk2,NMRK2,Proteins,0.00046,0.99327,0.00103,0.00067,,0.00251,0.0,0.00024,0.00054,6e-05,,,2e-05,,,,9e-05,0.0011,1e-05,0.04,,3e-10,0.1,,1.0000000000000001e-24,0.8,0.5,1e-05,0.1,,,0.4,,,,0.6,1.0,0.5,nmrk
nmt1,NMT1,Proteins,0.00305,0.97828,0.00016,0.01108,,0.00114,0.00036,0.00096,0.00046,0.0002,,,0.00185,,,,0.00017,0.00224,2e-05,4e-22,,0.1,5e-90,,1e-12,7e-05,1e-05,8e-05,0.003,,,2e-19,,,,0.2,0.09,0.3,nmt1
nomo1,NOMO1,Proteins,0.00683,0.86435,0.00769,0.00276,,0.0964,0.00222,0.00149,0.01139,0.00177,,,0.00307,,,,0.0001,0.00142,0.00051,5e-41,,2.0000000000000002e-60,3e-19,,0.0,9.999999999999999e-26,3e-11,9e-100,9e-21,,,8e-35,,,,0.4,0.9,5e-07,nomo
nop56,NOP56,Proteins,0.00127,0.99395,0.00078,0.00053,,0.00025,2e-05,0.00035,0.00019,0.00172,,,1e-05,,,,6e-05,0.00083,5e-05,3e-08,,4e-08,0.3,,0.001,0.4,0.2,0.02,2e-17,,,0.6,,,,0.8,1.0,0.1,nop5
nos1,NOS1,Proteins,0.00485,0.84923,0.03906,0.00123,,0.0189,0.00056,0.0004,0.07603,0.00052,,,0.0055,,,,2e-05,0.00111,0.00258,1e-15,,0.0,6e-06,,1e-201,1e-07,0.05,0.0,4e-07,,,1.0000000000000001e-60,,,,1.0,1.0,2.0000000000000002e-29,nos1
nos2,NOS2,Proteins,0.00116,0.98651,0.00142,0.00149,,0.00101,0.00039,0.00034,0.00431,0.00027,,,0.00119,,,,0.00014,0.00165,0.00011,2e-05,,8e-11,3e-06,,6e-11,5e-05,0.2,1e-37,0.0008,,,1e-12,,,,0.3,0.9,0.03,nos2
nos3,NOS3,Proteins,0.00802,0.87955,0.00789,0.00287,,0.06002,0.00026,0.00189,0.02843,0.00414,,,0.00062,,,,3e-05,0.00142,0.00487,3.9999999999999996e-50,,5.0000000000000004e-82,3e-19,,0.0,0.0005,2e-14,9.999999999999999e-290,2e-44,,,6e-08,,,,0.9,1.0,5e-52,nos3
notch1,NOTCH1,Proteins,0.0018,0.94148,0.00852,0.00367,,0.00063,1e-05,0.00084,0.03161,0.00681,,,0.00289,,,,0.00011,0.00133,0.00031,6e-10,,1.0000000000000001e-39,3e-25,,9e-08,0.4,7e-05,1e-265,2e-69,,,1.9999999999999998e-30,,,,0.4,1.0,0.0002,notc
notch2,NOTCH2,Proteins,0.05356,0.89626,0.01789,0.00666,,0.00051,0.00042,0.00027,0.0144,0.00788,,,0.0006,,,,3e-05,0.00104,0.00048,0.0,,6e-163,1e-55,,8e-07,7e-06,0.3,5.0000000000000006e-127,7.999999999999999e-84,,,8e-08,,,,0.9,1.0,1e-06,notc1
notch3,NOTCH3,Proteins,0.01254,0.84372,0.07715,0.00561,,0.00437,0.0,0.00113,0.03008,0.02048,,,2e-05,,,,2e-05,0.00125,0.00362,2e-99,,0.0,8.000000000000001e-49,,3e-50,0.7,3e-08,0.0,2.0000000000000002e-226,,,0.3,,,,0.9,1.0,5e-42,notc2
npc2,NPC2,Proteins,0.009,0.78776,0.07772,0.00349,,0.08044,0.00372,0.00071,0.00547,0.01922,,,0.00233,,,,0.00012,0.00184,0.00817,1e-74,,0.0,4.0000000000000003e-29,,0.0,3e-45,7e-05,3e-64,9e-224,,,5.0000000000000004e-29,,,,0.3,0.1,5.999999999999999e-97,npc2
npdc1,NPDC1,Proteins,0.02582,0.85379,0.07361,0.00414,,0.02911,0.0037,0.00032,0.00153,4e-05,,,0.00184,,,,1e-05,0.00151,0.00458,8e-224,,0.0,8e-33,,8e-312,7.999999999999999e-42,0.1,0.03,0.2,,,1e-21,,,,1.0,0.8,2e-51,npdc
nphs1,NPHS1,Proteins,0.00365,0.98233,0.00704,0.00079,,0.00082,1e-05,0.0005,0.00306,0.0001,,,0.00045,,,,0.00012,0.00101,0.00012,2e-14,,1e-38,0.03,,3e-09,0.6,0.03,0.4,0.04,,,1e-05,,,,0.4,1.0,0.03,nphs
nphs2,NPHS2,Proteins,0.00097,0.99645,0.00022,0.00059,,0.00015,3e-05,0.00023,3e-05,1e-05,,,6e-05,,,,7e-05,0.00116,4e-05,9e-05,,0.006,0.2,,0.01,0.2,0.6,0.9,0.5,,,0.1,,,,0.7,1.0,0.2,nphs1
npl,NPL,Proteins,0.00323,0.73831,0.07988,0.00593,,0.06598,0.00205,0.00441,0.09251,0.0034,,,0.0,,,,0.00015,0.00129,0.00287,1.0000000000000001e-28,,0.0,7e-61,,0.0,1e-27,2e-48,0.0,6e-45,,,0.9,,,,0.1,0.8,3e-38,npl
nppb,NPPB,Proteins,0.00399,0.91942,0.05478,0.0011,,2e-05,1e-05,0.00237,0.0102,5e-05,,,0.00031,,,,0.00013,0.00188,0.00575,5e-33,,0.0,0.0002,,0.4,0.5,6e-18,2e-90,0.1,,,0.0002,,,,0.3,0.5,1e-58,nppb
nppc,NPPC,Proteins,0.00808,0.73055,0.00062,0.00481,,0.0173,0.00122,0.00053,0.23129,0.00059,,,0.00297,,,,5e-05,0.00145,0.00054,3e-38,,9e-05,1e-47,,9.999999999999999e-219,3e-17,0.001,0.0,5e-09,,,2.0000000000000002e-39,,,,0.7,0.5,2e-08,nppc
npr1,NPR1,Proteins,0.00145,0.98729,0.00151,0.00125,,0.00289,0.00059,0.00023,0.00045,0.00289,,,7e-05,,,,0.00022,0.00105,0.00011,1e-06,,2e-15,9e-05,,3e-28,6e-07,0.6,1e-05,3e-28,,,0.09,,,,0.09,1.0,0.03,npr1
nptn,NPTN,Proteins,0.00096,0.97664,0.00512,0.00063,,0.00715,1e-05,0.00018,0.0066,0.00144,,,2e-05,,,,6e-05,0.00117,2e-05,0.002,,3.9999999999999996e-26,0.1,,4e-68,0.5,0.7,8e-40,5e-15,,,0.4,,,,0.8,1.0,0.4,nptn
nptx1,NPTX1,Proteins,0.00257,0.90521,0.02241,0.00063,,0.01747,0.00011,0.00038,0.04702,0.00118,,,0.00126,,,,2e-05,0.00118,0.00056,2e-08,,1.9999999999999997e-191,0.07,,2e-179,0.02,0.08,0.0,1e-13,,,1e-14,,,,1.0,1.0,3e-07,nptx
nptx2,NPTX2,Proteins,0.00102,0.70132,0.00971,0.00131,,0.00323,0.00093,0.00175,0.27709,4e-05,,,0.00072,,,,0.0001,0.0013,0.00148,0.0002,,9.999999999999999e-131,3e-09,,7e-45,5e-14,7e-18,0.0,0.1,,,4e-11,,,,0.3,0.6,2e-21,nptx1
nptxr,NPTXR,Proteins,0.00673,0.89891,0.00221,0.0142,,0.05028,4e-05,0.00176,0.01199,0.01227,,,0.00011,,,,6e-05,0.00141,4e-05,8e-37,,2e-05,3e-128,,0.0,0.2,4e-13,5.999999999999999e-106,3e-127,,,0.02,,,,0.8,0.9,0.2,nptx2
npy,NPY,Proteins,0.0054,0.90331,0.02089,0.01416,,0.02133,0.0012,0.00937,0.01756,0.00141,,,0.00227,,,,0.00015,0.00261,0.00035,6e-34,,1e-141,5e-129,,1e-220,4e-14,2.0000000000000001e-88,1e-107,2e-16,,,3e-25,,,,0.2,0.01,4e-05,npy
nrcam,NRCAM,Proteins,0.00628,0.95369,0.00528,0.0017,,0.01305,0.00012,0.00038,0.0023,0.01377,,,8e-05,,,,3e-05,0.0014,0.00192,1e-31,,3e-43,2e-08,,1e-127,0.02,0.1,2e-14,2e-134,,,0.06,,,,0.9,1.0,3e-20,nrca
nrgn,NRGN,Proteins,0.002,0.95681,0.00083,0.02419,,0.00261,7e-05,0.00434,0.00075,0.0004,,,0.00506,,,,0.00016,0.00275,3e-05,3e-06,,0.001,9.000000000000001e-215,,3e-27,0.08,1e-35,0.009,2e-05,,,4e-51,,,,0.2,0.001,0.3,nrgn
nrn1,NRN1,Proteins,0.00081,0.99486,0.00047,0.00068,,0.00096,0.0,0.00028,8e-05,0.00029,,,0.00019,,,,0.00012,0.00125,1e-05,0.0001,,1e-05,0.08,,1e-10,1.0,0.4,0.1,0.0004,,,0.004,,,,0.4,1.0,0.6,nrn1
nrp1,NRP1,Proteins,0.00679,0.95656,0.01477,0.00182,,0.0011,0.0012,0.00116,0.01304,2e-05,,,9e-05,,,,6e-05,0.00125,0.00213,2e-31,,4e-141,2e-09,,2e-12,3e-13,3e-07,1.0000000000000001e-124,0.4,,,0.05,,,,0.7,1.0,2e-22,nrp1
nrp2,NRP2,Proteins,0.01041,0.89649,0.0511,0.00475,,0.00048,0.00189,0.00038,0.02399,0.00228,,,0.00163,,,,4e-05,0.00159,0.00497,7e-98,,0.0,9e-37,,2e-06,3e-21,0.08,9.999999999999999e-223,1.9999999999999998e-25,,,1e-18,,,,0.9,0.8,3e-53,nrp2
nrtn,NRTN,Proteins,0.00044,0.99277,0.00012,0.00058,,0.00437,0.0,0.0002,2e-05,9e-05,,,7e-05,,,,0.00011,0.00112,0.00011,0.08,,0.03,0.2,,5.999999999999999e-42,0.7,0.7,0.5,0.05,,,0.1,,,,0.4,1.0,0.04,nrtn
nrxn3,NRXN3,Proteins,0.00145,0.9944,0.0001,0.00083,,7e-05,0.00021,0.00022,0.00014,0.00137,,,0.0,,,,0.00014,0.00104,3e-05,1e-08,,1.0,0.02,,0.08,0.003,0.6,0.2,3e-14,,,0.8,,,,0.3,1.0,0.3,nrxn
nsfl1c,NSFL1C,Proteins,0.00168,0.89926,0.00107,0.05904,,0.00882,0.00023,0.00648,0.01712,0.00085,,,0.00352,,,,0.0003,0.00164,0.0,0.0002,,0.6,0.0,,2.9999999999999997e-93,0.0008,1e-59,1e-167,2e-10,,,2e-38,,,,0.01,0.8,0.9,nsfl
nt5c,NT5C,Proteins,0.00319,0.95655,0.00172,0.02374,,0.00069,2e-05,0.003,0.00401,0.00026,,,0.00465,,,,4e-05,0.00211,1e-05,1e-14,,0.6,9e-211,,3e-08,0.4,2.0000000000000002e-23,3e-24,0.0006,,,2e-47,,,,0.9,0.2,0.6,nt5c
nt5c1a,NT5C1A,Proteins,0.00479,0.75685,0.10424,0.00869,,0.11095,0.00213,0.00138,0.00326,0.00129,,,0.00044,,,,9e-05,0.00126,0.00463,9e-24,,0.0,1.9999999999999998e-91,,0.0,5e-28,3e-12,1e-09,1e-17,,,6e-07,,,,0.4,0.8,6e-59,nt5c1
nt5c3a,NT5C3A,Proteins,0.00198,0.95234,0.00291,0.02796,,0.00027,0.00017,0.00332,0.00205,0.0001,,,0.0065,,,,0.00013,0.00217,7e-05,4e-14,,2e-14,1e-248,,0.0005,0.005,3e-26,8e-06,0.03,,,6e-65,,,,0.3,0.2,0.08,nt5c2
nt5e,NT5E,Proteins,0.03415,0.91988,0.00541,0.00409,,0.02678,0.00021,0.00134,0.00615,2e-05,,,0.00028,,,,8e-05,0.00138,0.00023,2e-211,,6e-21,1.0000000000000001e-29,,3e-269,0.002,3e-09,2.0000000000000002e-28,0.3,,,0.0003,,,,0.6,1.0,0.001,nt5e
ntf3,NTF3,Proteins,0.00274,0.9685,0.00219,0.00399,,0.01296,0.00124,0.0017,0.00477,0.00026,,,2e-05,,,,8e-05,0.00153,1e-05,8e-11,,5e-05,9e-27,,4e-125,1e-13,2e-11,5e-30,0.0007,,,0.3,,,,0.6,0.9,0.4,ntf3
ntf4,NTF4,Proteins,0.00188,0.98709,0.00694,0.0005,,9e-05,3e-05,0.00028,0.00203,6e-05,,,0.0,,,,0.00014,0.00096,0.0,2e-10,,4e-47,0.4,,0.05,0.3,0.4,0.4,0.1,,,0.6,,,,0.3,1.0,0.7,ntf4
ntprobnp,NTPROBNP,Proteins,0.01351,0.81997,0.11003,0.00168,,0.00117,3e-05,0.00316,0.03968,1e-05,,,0.00056,,,,3e-05,0.0013,0.00888,9.999999999999999e-129,,0.0,2e-10,,8e-15,0.3,3e-29,0.0,0.6,,,7e-08,,,,0.9,0.9,2e-101,ntpr
ntrk2,NTRK2,Proteins,0.00368,0.90648,0.03791,0.00179,,0.02348,3e-05,0.00056,0.01586,0.00742,,,0.00141,,,,0.00011,0.00125,1e-05,2e-14,,4e-295,9e-10,,2e-238,0.3,0.006,9e-75,2e-77,,,4e-16,,,,0.4,1.0,0.5,ntrk
ntrk3,NTRK3,Proteins,0.01156,0.82566,0.04607,0.00617,,0.08303,1e-05,0.00033,0.01012,0.01492,,,0.00016,,,,0.00022,0.00171,1e-05,2e-47,,0.0,5e-56,,0.0,0.4,0.1,5.0000000000000005e-58,1e-169,,,0.003,,,,0.05,0.4,0.4,ntrk1
nub1,NUB1,Proteins,0.00137,0.94728,0.00047,0.03717,,0.00361,5e-05,0.00401,0.001,8e-05,,,0.00275,,,,0.00016,0.00204,0.0,5e-05,,0.3,0.0,,4e-37,0.1,9.999999999999999e-33,5e-07,0.06,,,1.0000000000000001e-28,,,,0.2,0.3,0.9,nub1
nubp1,NUBP1,Proteins,0.00143,0.99293,0.0,0.00079,,6e-05,0.00015,0.00038,5e-05,0.00277,,,0.0,,,,0.0001,0.00128,5e-05,3e-06,,0.8,0.03,,0.1,0.01,0.1,0.2,8.000000000000001e-28,,,1.0,,,,0.5,1.0,0.1,nubp
nucb2,NUCB2,Proteins,0.00659,0.92976,0.00871,0.0128,,0.03219,2e-05,0.00174,0.00274,0.00142,,,0.00147,,,,3e-05,0.00161,0.00093,1e-33,,1e-83,1e-111,,4e-320,0.4,1e-12,1.0000000000000001e-23,5e-16,,,2e-16,,,,0.9,0.9,6e-11,nucb
nudc,NUDC,Proteins,0.00226,0.946,0.00071,0.03412,,0.00639,3e-05,0.00367,0.00072,0.00025,,,0.00335,,,,0.0001,0.00241,0.0,3e-13,,0.4,4e-312,,4e-65,0.3,5e-30,0.3,0.0007,,,5e-35,,,,0.5,0.03,0.9,nudc
nudt10,NUDT10,Proteins,0.00096,0.99463,0.00013,0.00055,,0.00131,2e-05,0.00033,4e-05,0.0,,,0.0,,,,5e-05,0.00196,3e-05,0.0008,,0.04,0.3,,1e-13,0.4,0.3,0.9,0.7,,,0.9,,,,0.8,0.6,0.2,nudt
nudt15,NUDT15,Proteins,0.00337,0.98931,0.00108,0.00266,,0.0003,0.0,0.00066,0.00032,0.00054,,,0.00024,,,,0.00014,0.00119,0.00018,1e-22,,1e-08,9e-15,,0.0003,0.8,0.003,0.3,2e-06,,,0.001,,,,0.3,1.0,0.007,nudt1
nudt16,NUDT16,Proteins,0.00264,0.95949,0.00115,0.01851,,0.00513,4e-05,0.00203,0.0019,0.00033,,,0.00719,,,,2e-05,0.00155,2e-05,2e-12,,2e-07,2e-160,,2e-51,0.2,1e-14,5e-15,0.0001,,,2e-71,,,,1.0,0.8,0.3,nudt2
nudt2,NUDT2,Proteins,0.00595,0.96459,0.00136,0.01577,,1e-05,0.00023,0.00291,0.00261,6e-05,,,0.00455,,,,0.0001,0.00184,2e-05,4.0000000000000005e-49,,0.004,2.9999999999999998e-133,,0.5,0.002,4e-22,2e-15,0.1,,,2.0000000000000003e-45,,,,0.5,0.8,0.3,nudt3
nudt5,NUDT5,Proteins,0.00257,0.92691,0.0013,0.03273,,0.01509,0.0001,0.00454,0.00659,0.00162,,,0.00631,,,,0.00011,0.00209,3e-05,2e-12,,0.002,4.999999999999999e-302,,6.999999999999999e-152,0.03,1e-38,9.999999999999999e-57,6e-18,,,6e-65,,,,0.4,0.3,0.3,nudt4
numb,NUMB,Proteins,0.00261,0.93279,0.00165,0.03835,,0.0122,0.00011,0.00491,0.00356,0.00059,,,0.00078,,,,0.00011,0.00226,7e-05,2e-11,,0.2,0.0,,6e-120,0.03,8e-41,1e-20,3e-07,,,3e-09,,,,0.4,0.05,0.09,numb
nup50,NUP50,Proteins,0.00057,0.99477,7e-05,0.00121,,0.00068,1e-05,0.00034,0.00045,3e-05,,,0.0001,,,,0.00014,0.00159,6e-05,0.04,,0.4,0.0002,,1e-07,0.6,0.2,4e-05,0.3,,,0.04,,,,0.3,0.9,0.1,nup5
nxpe4,NXPE4,Proteins,0.00037,0.9972,0.00013,0.00051,,2e-05,3e-05,0.00012,0.00018,0.0,,,4e-05,,,,5e-05,0.00134,0.0,0.05,,0.03,0.4,,0.4,0.2,0.9,0.01,0.8,,,0.2,,,,0.8,1.0,1.0,nxpe
nxph1,NXPH1,Proteins,0.00286,0.94493,0.00507,0.02449,,0.01261,1e-05,0.00228,0.00226,0.00339,,,0.00027,,,,0.00012,0.00154,0.00018,2e-17,,6.999999999999999e-42,1e-213,,1.9999999999999998e-122,0.5,1e-16,9e-15,2.0000000000000003e-34,,,0.0006,,,,0.4,0.9,0.005,nxph
nxph3,NXPH3,Proteins,0.00134,0.89517,0.01903,0.00333,,0.0487,6e-05,0.00037,0.02706,0.00082,,,0.00177,,,,0.00013,0.00148,0.00073,0.0004,,8e-148,7.000000000000001e-23,,0.0,0.1,0.1,2e-227,6e-10,,,1e-19,,,,0.3,0.8,6e-09,nxph1
obp2b,OBP2B,Proteins,0.00174,0.64485,0.0237,0.00115,,0.00898,0.00056,0.00082,0.31509,0.00098,,,0.00034,,,,0.00011,0.00154,0.00015,3e-17,,2.0000000000000001e-283,3e-08,,7e-129,1e-09,1e-07,0.0,1e-15,,,2e-06,,,,0.2,0.2,0.002,obp2
ocln,OCLN,Proteins,0.00897,0.8403,0.05303,0.00267,,0.04176,0.00368,0.00158,0.01081,0.0295,,,0.00035,,,,3e-05,0.00151,0.00581,3e-79,,0.0,2e-19,,0.0,9.999999999999999e-43,1e-12,5.0000000000000004e-89,0.0,,,2e-05,,,,0.9,0.6,2.0000000000000002e-66,ocln
odam,ODAM,Proteins,0.00414,0.94604,0.00367,0.00457,,0.01168,0.0,0.00066,0.00961,0.01733,,,0.00021,,,,4e-05,0.00152,0.00054,3e-18,,8e-36,7e-32,,4e-113,0.9,0.002,2e-92,2e-166,,,0.002,,,,0.9,1.0,1e-06,odam
ofd1,OFD1,Proteins,0.00066,0.99561,0.00073,0.00107,,2e-05,0.0,0.00031,0.00025,6e-05,,,0.0,,,,9e-05,0.00119,0.0,0.0007,,8e-08,0.0009,,0.3,0.7,0.3,0.004,0.1,,,0.7,,,,0.6,1.0,0.9,ofd1
oga,OGA,Proteins,0.00216,0.9351,0.00083,0.04123,,0.00465,0.00012,0.00819,0.00195,7e-05,,,0.00245,,,,0.00019,0.00304,2e-05,3e-09,,0.1,0.0,,4e-48,0.02,2e-73,2e-13,0.07,,,3.9999999999999996e-26,,,,0.1,3e-05,0.4,oga
ogfr,OGFR,Proteins,0.0104,0.89452,0.01102,0.02749,,0.01601,5e-05,0.00822,0.02863,0.00055,,,0.0,,,,5e-05,0.00232,0.00073,3e-88,,2e-83,1e-260,,5e-166,0.1,1e-76,4e-262,3e-07,,,0.7,,,,0.8,0.09,4e-09,ogfr
ogn,OGN,Proteins,0.0101,0.78861,0.09289,0.00205,,0.03994,0.00449,0.00039,0.05542,6e-05,,,0.00071,,,,0.00011,0.00139,0.00384,3e-41,,0.0,1e-14,,0.0,9.999999999999999e-55,0.03,0.0,0.07,,,6e-10,,,,0.3,0.8,5e-47,ogn
ogt,OGT,Proteins,0.00115,0.99449,0.00015,0.00074,,0.00015,8e-05,0.00019,0.0,0.00212,,,2e-05,,,,7e-05,0.00085,0.0,0.0005,,0.01,0.05,,0.01,0.07,0.7,0.8,3e-21,,,0.4,,,,0.7,1.0,0.7,ogt
olfm4,OLFM4,Proteins,0.00378,0.96498,0.00482,0.006,,0.00907,7e-05,0.00064,0.00544,0.00331,,,0.0,,,,0.00011,0.00148,0.00029,2e-20,,1.0000000000000001e-45,7.999999999999999e-42,,2.9999999999999996e-84,0.08,0.005,2e-51,4.999999999999999e-32,,,1.0,,,,0.5,0.9,0.0005,olfm
olr1,OLR1,Proteins,0.0071,0.90169,0.00244,0.04042,,0.00912,0.00019,0.01553,0.00127,0.01157,,,0.00706,,,,0.00023,0.00227,0.00113,2e-62,,3.9999999999999996e-26,0.0,,4e-94,0.003,5e-147,4e-14,1e-118,,,2e-73,,,,0.06,0.07,4e-13,olr1
omd,OMD,Proteins,0.01449,0.85749,0.04066,0.00266,,0.01915,0.00021,0.00116,0.02946,0.03189,,,0.0005,,,,3e-05,0.00206,0.00025,2e-118,,0.0,1e-18,,2e-207,0.001,3e-08,8e-242,0.0,,,6e-07,,,,0.9,0.08,0.0004,omd
omg,OMG,Proteins,0.00443,0.88611,0.00193,0.05728,,0.0165,0.00013,0.00351,0.00415,0.02261,,,0.00044,,,,0.0001,0.00234,0.00047,5e-22,,1e-12,0.0,,9.999999999999999e-173,0.01,3e-30,5e-36,5e-235,,,5e-06,,,,0.4,0.08,2e-06,omg
omp,OMP,Proteins,0.00019,0.99035,0.00012,0.00631,,3e-05,0.00015,0.00076,0.00012,0.00045,,,9e-05,,,,2e-05,0.0014,0.0,0.2,,0.1,1e-44,,0.3,0.01,0.0008,0.1,1e-05,,,0.05,,,,1.0,1.0,0.7,omp
ophn1,OPHN1,Proteins,0.00204,0.9199,0.00069,0.0595,,0.00297,0.00033,0.00824,0.00054,0.0,,,0.00214,,,,0.0002,0.00335,0.0001,2e-09,,0.002,0.0,,6e-32,9e-05,2.0000000000000002e-75,0.08,0.8,,,2.0000000000000002e-23,,,,0.1,1e-06,0.03,ophn
oplah,OPLAH,Proteins,0.00437,0.95047,0.0007,0.02599,,0.00346,0.0001,0.00325,0.0068,3e-05,,,0.00255,,,,3e-05,0.00224,0.0,1.9999999999999998e-30,,0.2,6e-227,,5e-35,0.04,3.9999999999999997e-25,1.0000000000000001e-60,0.2,,,3e-26,,,,0.9,0.1,0.7,opla
optc,OPTC,Proteins,0.0021,0.83428,0.02845,0.00092,,0.06548,1e-05,0.00062,0.05234,0.01003,,,0.00365,,,,3e-05,0.00158,0.0005,8e-09,,3e-306,0.0006,,0.0,0.4,0.0009,0.0,1.0000000000000001e-112,,,2.9999999999999996e-42,,,,0.9,0.8,5e-07,optc
orm1,ORM1,Proteins,0.00996,0.90849,0.002,0.00391,,0.05826,0.00021,0.00057,0.00778,0.00689,,,0.00015,,,,8e-05,0.00129,0.0004,5e-65,,0.2,2.0000000000000002e-28,,0.0,0.002,0.005,2e-61,2.0000000000000002e-72,,,0.007,,,,0.6,0.9,1e-05,orm1
osbpl2,OSBPL2,Proteins,0.00582,0.98829,0.00032,0.00202,,0.00036,3e-05,0.00022,0.00032,0.00146,,,2e-05,,,,0.00011,0.00103,0.0,5e-34,,0.003,2e-10,,8e-05,0.2,0.6,0.003,2e-15,,,0.4,,,,0.4,1.0,0.9,osbp
oscar,OSCAR,Proteins,0.00643,0.95575,0.00792,0.00191,,0.0125,0.00028,0.00055,0.0045,0.00562,,,0.0002,,,,4e-05,0.00095,0.00335,9.999999999999999e-27,,5.0000000000000004e-77,6e-10,,1.9999999999999998e-122,0.0004,0.01,4.999999999999999e-44,3e-56,,,0.003,,,,0.9,1.0,3e-34,osca
osm,OSM,Proteins,0.01127,0.88597,0.00253,0.01536,,0.04881,0.00055,0.00744,0.00491,0.02092,,,0.00011,,,,2e-05,0.00158,0.00052,2e-106,,3e-09,1e-141,,0.0,3e-07,3e-69,3e-34,3e-217,,,0.02,,,,0.9,0.7,6e-07,osm
osmr,OSMR,Proteins,0.00442,0.90363,0.03268,0.00293,,0.0027,0.00122,0.00096,0.0477,0.00059,,,1e-05,,,,1e-05,0.0014,0.00174,5e-25,,2e-306,1e-19,,1.0000000000000001e-29,3e-14,4e-06,0.0,1e-07,,,0.6,,,,1.0,0.9,1e-19,osmr
ostn,OSTN,Proteins,0.00089,0.98795,0.00443,0.00093,,0.00135,5e-05,0.00027,0.00238,0.00014,,,0.00012,,,,0.00021,0.00115,0.00011,0.001,,9.999999999999999e-43,0.006,,4e-14,0.1,0.4,1.0000000000000001e-23,0.01,,,0.02,,,,0.1,1.0,0.03,ostn
otoa,OTOA,Proteins,0.0006,0.99597,0.00019,0.00061,,0.0,7e-05,0.00038,0.0002,0.00028,,,3e-05,,,,0.00015,0.00153,1e-05,0.0009,,0.04,0.2,,0.9,0.09,0.1,0.04,0.0007,,,0.2,,,,0.3,0.9,0.6,otoa
otud6b,OTUD6B,Proteins,0.00226,0.94475,0.00077,0.03664,,0.00252,3e-05,0.0048,0.00069,9e-05,,,0.00446,,,,8e-05,0.00291,0.0,3e-10,,0.002,0.0,,9.999999999999999e-27,0.3,2e-40,0.01,0.04,,,9e-46,,,,0.6,0.0001,0.7,otud
otud7b,OTUD7B,Proteins,0.002,0.94347,0.00185,0.03148,,0.01017,2e-05,0.00415,0.0013,0.00085,,,0.00231,,,,0.00016,0.00221,3e-05,8e-09,,4e-07,3.9999999999999995e-287,,3e-102,0.4,2.0000000000000003e-34,0.4,5e-10,,,1.0000000000000001e-24,,,,0.2,0.07,0.2,otud1
oxct1,OXCT1,Proteins,0.00272,0.96806,0.0023,0.01232,,0.00324,0.0,0.00491,0.00195,2e-05,,,0.00192,,,,0.00011,0.00214,0.00032,2e-10,,8e-12,2e-99,,3e-32,0.7,2.0000000000000002e-39,2e-08,0.3,,,9e-20,,,,0.4,0.3,0.0002,oxct
oxt,OXT,Proteins,0.00693,0.82653,0.00967,0.00134,,0.12455,0.00248,0.00049,0.02294,0.00297,,,3e-05,,,,0.00014,0.00187,6e-05,1e-33,,1e-52,2e-07,,0.0,6.999999999999999e-30,0.008,7e-201,2e-35,,,0.2,,,,0.2,0.2,0.07,oxt
p4hb,P4HB,Proteins,0.00229,0.91273,0.00728,0.01709,,0.03823,0.00027,0.00226,0.00389,0.00275,,,0.01135,,,,1e-05,0.00181,2e-05,4e-12,,8e-37,2e-154,,0.0,0.0004,1e-17,0.08,1.0000000000000001e-29,,,2e-116,,,,1.0,0.7,0.3,p4hb
pacs2,PACS2,Proteins,0.00197,0.93467,0.00068,0.04494,,0.00535,0.00012,0.00582,0.00141,4e-05,,,0.0019,,,,0.00024,0.00287,1e-05,1e-08,,0.5,0.0,,1e-53,0.02,5.000000000000001e-49,9e-09,0.2,,,4e-20,,,,0.06,0.002,0.6,pacs
padi2,PADI2,Proteins,0.00091,0.97769,0.00055,0.00175,,0.00465,0.0,0.00033,0.00872,0.0,,,0.00332,,,,7e-05,0.00148,0.00053,0.004,,3e-06,3e-08,,4.0000000000000006e-45,0.9,0.2,2.0000000000000002e-82,0.9,,,9e-33,,,,0.7,1.0,2e-06,padi
padi4,PADI4,Proteins,0.00215,0.91596,0.00062,0.05227,,0.00685,0.00015,0.0089,0.0078,0.00102,,,0.00252,,,,1e-05,0.00172,4e-05,3e-17,,2e-07,0.0,,2e-69,0.01,2e-79,1e-78,1e-11,,,9.999999999999999e-27,,,,1.0,0.8,0.2,padi1
paep,PAEP,Proteins,0.00391,0.8014,0.13363,0.00173,,3e-05,0.0,0.00013,0.05653,0.00037,,,0.0002,,,,0.00012,0.00192,3e-05,1e-17,,0.0,4e-11,,0.2,1.0,0.8,1e-08,1e-05,,,0.001,,,,0.3,0.2,0.2,paep
pafah1b3,PAFAH1B3,Proteins,0.00566,0.98349,3e-05,0.00149,,0.00069,0.00071,0.00062,0.00046,0.00513,,,2e-05,,,,0.00011,0.00124,0.00035,3e-39,,0.3,1e-06,,4e-08,3e-08,0.005,7e-06,9.999999999999999e-51,,,0.4,,,,0.4,1.0,8e-05,pafa
pafah2,PAFAH2,Proteins,0.00251,0.976,0.00154,0.01403,,0.00055,0.00018,0.00134,0.00085,2e-05,,,0.00083,,,,7e-05,0.00206,3e-05,2e-11,,4e-08,6e-115,,1e-06,0.006,2e-08,0.5,0.3,,,2e-09,,,,0.7,0.2,0.2,pafa1
pag1,PAG1,Proteins,0.00405,0.91458,0.00101,0.01374,,0.04324,1e-05,0.00603,3e-05,0.01413,,,0.00155,,,,0.00011,0.00149,3e-05,4.0000000000000003e-28,,3e-11,4e-119,,0.0,0.4,2e-52,1.0,2e-141,,,4e-17,,,,0.4,0.9,0.3,pag1
pagr1,PAGR1,Proteins,0.00206,0.96169,0.00073,0.02035,,0.00686,7e-05,0.00253,0.0018,0.0006,,,0.00087,,,,0.00011,0.00232,1e-05,3e-10,,0.6,5e-173,,1.0000000000000001e-66,0.09,2e-18,8e-12,3e-07,,,8e-10,,,,0.4,0.1,0.5,pagr
paip2b,PAIP2B,Proteins,0.00119,0.99232,1e-05,0.00286,,0.0,0.0001,0.00081,1e-05,0.00141,,,4e-05,,,,4e-05,0.00114,6e-05,7e-05,,0.6,4e-16,,0.8,0.04,0.0004,0.8,2e-14,,,0.2,,,,0.9,1.0,0.1,paip
pak4,PAK4,Proteins,0.00321,0.96415,0.00113,0.01811,,0.00514,0.00027,0.00179,0.00278,0.00011,,,0.00101,,,,0.00019,0.00213,0.0,4e-16,,0.003,1e-151,,3e-50,0.0007,5e-12,4e-19,0.03,,,4e-11,,,,0.2,0.4,0.9,pak4
palld,PALLD,Proteins,0.00089,0.99509,0.00087,0.00064,,0.0002,5e-05,0.00028,3e-05,0.00024,,,1e-05,,,,0.00011,0.00153,6e-05,0.01,,2e-09,0.1,,0.004,0.2,0.4,0.3,0.002,,,0.5,,,,0.4,0.9,0.1,pall
palm,PALM,Proteins,0.00909,0.78756,0.04713,0.00279,,0.12769,0.00067,0.00187,0.01702,0.00156,,,0.00049,,,,0.00018,0.00129,0.00266,9.999999999999999e-33,,0.0,4e-22,,0.0,2e-09,1e-16,1.9999999999999999e-184,4e-20,,,3e-07,,,,0.09,0.7,4e-33,palm
palm2,PALM2,Proteins,0.00253,0.74702,0.06648,0.00335,,0.16687,0.0026,0.00043,0.00453,0.00022,,,0.00136,,,,7e-05,0.00128,0.00325,3e-15,,0.0,3.9999999999999996e-30,,0.0,2.0000000000000003e-34,0.009,2e-05,0.0004,,,9e-19,,,,0.6,0.7,1.9999999999999998e-42,palm1
palm3,PALM3,Proteins,0.00191,0.99136,0.00039,0.00115,,0.00057,9e-05,0.00012,9e-05,0.00311,,,6e-05,,,,0.0001,0.00092,0.00013,6e-10,,0.0004,0.0004,,1e-06,0.05,0.9,1.0,3e-30,,,0.1,,,,0.5,1.0,0.02,palm2
pam,PAM,Proteins,0.00235,0.94841,0.02481,0.00186,,0.01498,0.00026,0.00046,0.00327,0.00039,,,0.00031,,,,4e-05,0.0013,0.00156,3e-09,,9.999999999999999e-219,8e-10,,7e-148,0.0006,0.03,1e-09,3e-05,,,0.0002,,,,0.9,1.0,5e-17,pam
pamr1,PAMR1,Proteins,0.00502,0.81758,0.03794,0.00202,,0.12207,0.0014,0.00037,0.01056,0.00013,,,0.00125,,,,0.00014,0.00152,1e-05,8e-38,,4.000000000000003e-309,1e-13,,0.0,1e-17,0.06,0.006,0.008,,,7e-16,,,,0.2,0.7,0.4,pamr
pappa,PAPPA,Proteins,0.00578,0.89729,0.00478,0.00127,,3e-05,0.00024,0.00075,0.08802,0.00027,,,9e-05,,,,8e-05,0.00116,0.00023,9e-43,,4.0000000000000006e-45,9e-06,,0.2,0.0008,0.0002,0.0,0.0004,,,0.04,,,,0.6,1.0,0.001,papp
pard3,PARD3,Proteins,0.00215,0.98088,0.00044,0.01141,,0.00121,0.00027,0.00158,0.00026,0.00012,,,0.00019,,,,8e-05,0.00136,4e-05,9e-12,,0.001,5.999999999999999e-91,,6e-13,0.0007,3e-10,0.1,0.02,,,0.004,,,,0.6,0.9,0.2,pard
park7,PARK7,Proteins,0.00176,0.92791,0.00074,0.04008,,0.00632,0.0002,0.00454,0.00938,0.00089,,,0.00616,,,,0.00013,0.0019,0.0,6e-06,,0.03,0.0,,7e-65,0.003,2e-38,5.0000000000000004e-89,1e-10,,,3e-63,,,,0.3,0.5,0.9,park
parp1,PARP1,Proteins,0.00301,0.88248,0.00643,0.04237,,0.04028,0.00064,0.00342,0.01134,0.00747,,,0.00035,,,,0.00019,0.00182,0.00021,6e-11,,3e-45,0.0,,0.0,3e-08,1.0000000000000001e-29,1e-96,5e-80,,,4e-05,,,,0.1,0.4,0.002,parp
paxx,PAXX,Proteins,0.00407,0.9122,0.00418,0.02971,,0.02829,5e-05,0.00514,0.00931,0.00193,,,0.00306,,,,0.00011,0.00169,0.00026,2e-22,,5e-23,4e-273,,6.999999999999999e-281,0.1,2.9999999999999997e-44,3e-74,5e-21,,,1.9999999999999998e-32,,,,0.4,0.5,0.0005,paxx
pbk,PBK,Proteins,0.00067,0.99103,6e-05,0.00409,,0.00173,0.00017,0.00026,0.00017,0.0,,,2e-05,,,,0.00017,0.00162,1e-05,0.005,,0.1,6e-26,,2e-17,0.009,0.4,0.007,0.7,,,0.4,,,,0.2,0.8,0.6,pbk
pbld,PBLD,Proteins,0.0038,0.91744,0.00535,0.00706,,0.0426,0.00029,0.00133,0.01651,0.00064,,,0.00346,,,,6e-05,0.00142,3e-05,1e-14,,0.3,7e-56,,0.0,0.0003,7e-09,7.000000000000001e-112,6e-08,,,5e-36,,,,0.7,1.0,0.2,pbld
pbxip1,PBXIP1,Proteins,0.00519,0.91652,0.00304,0.00277,,0.02705,0.0002,0.0004,0.04227,0.00086,,,0.00025,,,,0.00012,0.00114,0.0002,4e-21,,2e-16,5e-18,,5.0000000000000005e-273,0.002,0.06,0.0,2e-10,,,0.0006,,,,0.4,1.0,0.002,pbxi
pcare,PCARE,Proteins,0.00097,0.99464,0.00124,0.00038,,0.00035,9e-05,0.0005,0.00022,0.00035,,,1e-05,,,,7e-05,0.00119,1e-05,4e-06,,6e-13,0.7,,0.0001,0.05,0.03,0.003,0.0001,,,0.6,,,,0.7,1.0,0.6,pcar
pcbd1,PCBD1,Proteins,0.00293,0.81604,0.01834,0.0031,,0.1137,0.00257,0.00267,0.03517,0.00096,,,0.002,,,,0.00016,0.00187,0.00048,9e-12,,4e-129,1.0000000000000001e-23,,0.0,1.9999999999999998e-30,7.000000000000001e-24,1e-312,2e-12,,,4.0000000000000004e-24,,,,0.1,0.1,6e-07,pcbd
pcbp2,PCBP2,Proteins,0.0028,0.95233,0.00145,0.02537,,0.00524,5e-05,0.00237,0.00303,0.00022,,,0.00481,,,,0.00014,0.00217,0.0,6e-17,,0.003,5e-227,,3e-53,0.1,7e-18,3e-19,0.002,,,5.000000000000001e-49,,,,0.3,0.1,0.7,pcbp
pcdh1,PCDH1,Proteins,0.00486,0.92543,0.0303,0.0011,,0.00841,0.0,0.00083,0.02655,0.00014,,,0.00027,,,,8e-05,0.00115,0.00089,9e-35,,3e-286,0.0002,,1.9999999999999998e-86,0.8,6e-05,2e-249,0.01,,,0.0004,,,,0.6,1.0,1e-10,pcdh
pcdh12,PCDH12,Proteins,0.00157,0.98973,0.0022,0.00145,,0.00012,3e-05,0.00026,0.00235,0.00086,,,0.00015,,,,6e-05,0.00077,0.00045,7e-05,,3e-10,3e-06,,0.02,0.2,0.4,1e-11,1e-09,,,0.01,,,,0.8,1.0,9e-06,pcdh1
pcdh17,PCDH17,Proteins,0.00454,0.95175,0.00313,0.00128,,0.00356,2e-05,0.00045,0.01436,0.01607,,,0.00199,,,,0.00016,0.00134,0.00135,8.000000000000001e-23,,3e-32,2e-05,,2e-36,0.3,0.05,2e-140,9e-157,,,4e-21,,,,0.2,1.0,8e-15,pcdh2
pcdh7,PCDH7,Proteins,0.01114,0.94452,0.02404,0.00136,,0.00029,0.00124,0.0005,0.01156,0.00294,,,0.00036,,,,8e-05,0.00117,0.0008,5.999999999999999e-97,,7e-235,4e-06,,0.0003,6e-14,0.02,5e-114,9e-31,,,6e-05,,,,0.6,1.0,2e-09,pcdh3
pcdh9,PCDH9,Proteins,0.00616,0.91992,0.02992,0.00318,,0.01638,5e-05,0.00035,0.00429,0.018,,,8e-05,,,,7e-05,0.00127,0.00034,1e-19,,1e-273,1e-21,,2e-166,0.1,0.1,1e-17,9.999999999999999e-183,,,0.06,,,,0.7,0.9,8e-05,pcdh4
pcdhb15,PCDHB15,Proteins,0.00678,0.9805,0.00276,0.00121,,0.00198,1e-05,0.00056,0.00065,0.00373,,,0.0002,,,,4e-05,0.00095,0.00062,2.9999999999999996e-42,,3.9999999999999997e-25,8e-05,,1e-20,0.5,0.01,9e-05,3e-37,,,0.003,,,,0.9,1.0,2e-07,pcdh5
pcna,PCNA,Proteins,0.00069,0.99329,0.00259,0.0003,,0.00036,7e-05,0.00023,0.00021,0.00072,,,7e-05,,,,0.00021,0.00124,3e-05,0.01,,3e-25,0.9,,0.0001,0.08,0.6,0.004,5e-08,,,0.08,,,,0.1,1.0,0.3,pcna
pcsk7,PCSK7,Proteins,0.01148,0.97585,0.00059,0.00228,,0.00606,0.00013,0.00061,0.00084,0.00019,,,0.00079,,,,8e-05,0.0011,0.0,1e-99,,0.01,1e-12,,1e-59,0.02,0.005,4e-05,0.004,,,4e-09,,,,0.6,1.0,0.8,pcsk
pcsk9,PCSK9,Proteins,0.00497,0.88818,0.02324,0.00235,,0.03418,0.00169,0.00071,0.02826,0.00082,,,0.01357,,,,0.00013,0.00147,0.00041,3e-21,,5e-213,4e-15,,0.0,2e-19,0.0003,1e-264,3e-10,,,7e-144,,,,0.3,0.9,8e-06,pcsk1
pcyt2,PCYT2,Proteins,0.00277,0.95796,0.00087,0.01932,,0.0086,1e-05,0.00226,0.00103,0.00036,,,0.00472,,,,9e-05,0.00196,5e-05,3e-10,,0.02,2e-168,,3e-85,0.6,1e-16,0.0004,6e-05,,,1e-47,,,,0.5,0.2,0.1,pcyt
pdap1,PDAP1,Proteins,0.00293,0.96238,0.00055,0.01913,,0.00416,6e-05,0.00216,0.00051,0.00024,,,0.00493,,,,9e-05,0.00283,4e-05,9e-13,,0.07,2e-166,,2.9999999999999996e-42,0.1,9e-16,0.3,0.001,,,1.0000000000000001e-49,,,,0.6,0.002,0.2,pdap
pdcd1,PDCD1,Proteins,0.00566,0.95122,0.01438,0.00181,,0.00675,1e-05,0.00058,0.00812,0.00578,,,0.00017,,,,0.00014,0.00102,0.00437,2e-18,,6e-128,2e-09,,5.0000000000000005e-68,0.6,0.006,5e-67,1e-58,,,0.006,,,,0.3,1.0,1e-44,pdcd
pdcd1lg2,PDCD1LG2,Proteins,0.00406,0.97377,0.01515,0.00172,,0.0,8e-05,0.00041,0.00133,1e-05,,,4e-05,,,,9e-05,0.00126,0.00208,5e-16,,2e-132,3e-08,,0.9,0.07,0.08,0.5,0.6,,,0.2,,,,0.6,1.0,2e-21,pdcd1
pdcd5,PDCD5,Proteins,0.00534,0.91826,0.00182,0.04016,,0.01717,0.00059,0.00388,0.00564,0.00178,,,0.00328,,,,0.00011,0.00188,9e-05,9.999999999999999e-33,,3e-08,0.0,,2e-175,2e-07,5e-33,2e-47,7e-20,,,3e-35,,,,0.4,0.5,0.04,pdcd2
pdcd6,PDCD6,Proteins,0.00344,0.97821,0.00032,0.0072,,3e-05,0.00052,0.00169,0.00396,6e-05,,,0.00316,,,,8e-05,0.00116,0.00016,1e-12,,0.004,2.9999999999999995e-54,,0.3,2e-06,3e-11,6e-38,0.09,,,1e-31,,,,0.7,1.0,0.007,pdcd3
pdcl2,PDCL2,Proteins,0.00045,0.99556,0.0002,0.00147,,0.0,1e-05,0.00043,0.00058,2e-05,,,9e-05,,,,3e-05,0.00115,0.0,0.006,,0.004,4e-06,,0.8,0.5,0.08,9e-07,0.4,,,0.05,,,,1.0,1.0,0.8,pdcl
pde1c,PDE1C,Proteins,0.00041,0.99531,0.00076,0.00091,,0.00064,9e-05,0.00051,5e-05,0.00018,,,8e-05,,,,5e-05,0.00098,2e-05,0.08,,3e-08,0.009,,2e-07,0.05,0.03,0.3,0.006,,,0.08,,,,0.8,1.0,0.3,pde1
pde4d,PDE4D,Proteins,0.00082,0.99573,0.00133,0.00061,,0.00024,0.0,0.00012,3e-05,0.00025,,,0.0,,,,0.00011,0.00072,3e-05,0.0003,,2e-13,0.2,,0.001,1.0,0.9,0.9,0.001,,,1.0,,,,0.5,1.0,0.2,pde4
pde5a,PDE5A,Proteins,0.00137,0.94057,0.00055,0.03882,,0.00399,0.00019,0.00687,0.00072,2e-05,,,0.00424,,,,0.00017,0.00244,4e-05,0.0004,,0.4,0.0,,1e-40,0.003,6e-59,0.005,0.3,,,6e-43,,,,0.2,0.02,0.2,pde5
pdgfa,PDGFA,Proteins,0.00965,0.96952,0.00084,0.00322,,0.00404,0.00036,0.00103,0.00055,0.00248,,,0.00651,,,,0.00021,0.00155,4e-05,8.000000000000001e-75,,3e-06,2e-20,,8e-41,7e-05,3e-06,0.003,9e-26,,,1e-64,,,,0.1,0.9,0.2,pdgf
pdgfb,PDGFB,Proteins,0.00918,0.96803,0.00153,0.00321,,0.00522,0.00015,0.00113,0.00069,0.00329,,,0.00617,,,,0.00013,0.00125,1e-05,2e-70,,3e-10,2e-20,,6e-52,0.009,7e-07,0.1,2e-33,,,5.0000000000000005e-61,,,,0.3,1.0,0.4,pdgf1
pdgfc,PDGFC,Proteins,0.00765,0.96284,0.00257,0.00327,,0.01687,4e-05,0.00048,0.00243,0.00103,,,0.00077,,,,6e-05,0.00184,0.00014,1e-51,,0.01,3e-20,,1.0000000000000001e-159,0.2,0.04,0.9,2e-11,,,8e-09,,,,0.8,0.8,0.01,pdgf2
pdgfra,PDGFRA,Proteins,0.00188,0.95174,0.03977,0.00174,,5e-05,0.00011,0.00118,0.00062,3e-05,,,0.0,,,,0.00011,0.00101,0.00177,8e-06,,0.0,1e-08,,0.1,0.03,2e-07,0.006,0.3,,,1.0,,,,0.4,1.0,6e-19,pdgf3
pdgfrb,PDGFRB,Proteins,0.01264,0.97084,0.00842,0.0017,,0.00283,0.00015,0.00033,0.00118,0.0004,,,3e-05,,,,2e-05,0.00112,0.00034,1e-70,,5.000000000000001e-72,2e-08,,4.0000000000000003e-29,0.01,0.2,0.09,3e-05,,,0.3,,,,1.0,1.0,0.0001,pdgf4
pdia2,PDIA2,Proteins,0.00035,0.99668,0.00043,0.0003,,0.0003,5e-05,0.00013,0.00013,1e-05,,,0.0,,,,5e-05,0.00156,0.0,0.05,,6e-05,0.9,,0.0004,0.1,0.9,0.05,0.5,,,0.7,,,,0.9,0.9,0.7,pdia
pdia3,PDIA3,Proteins,0.00369,0.96923,0.00827,0.0029,,0.01063,0.00017,0.00061,0.00138,0.0011,,,2e-05,,,,5e-05,0.00106,0.00088,3e-24,,2.0000000000000002e-75,3e-17,,1e-101,0.007,0.006,1e-10,5e-12,,,0.3,,,,0.8,1.0,6e-10,pdia1
pdia4,PDIA4,Proteins,0.00309,0.95582,0.00077,0.02077,,0.00795,0.00012,0.00277,0.00104,0.00012,,,0.00466,,,,8e-05,0.00281,0.0,2e-12,,0.6,4e-183,,2e-79,0.02,2e-21,0.0004,0.02,,,2e-47,,,,0.6,0.002,0.9,pdia2
pdia5,PDIA5,Proteins,0.00105,0.99253,9e-05,0.00225,,0.00061,0.00015,0.00035,0.00039,0.00085,,,0.00035,,,,0.00015,0.00119,4e-05,3e-06,,1.0,1e-11,,5e-07,0.01,0.2,0.0004,3e-09,,,0.0001,,,,0.3,1.0,0.2,pdia3
pdlim5,PDLIM5,Proteins,0.00323,0.94414,0.00062,0.04044,,0.00174,0.00032,0.00451,0.00055,1e-05,,,0.00181,,,,0.00011,0.00243,0.0001,1e-18,,0.01,0.0,,6e-19,0.0001,7e-38,0.05,0.4,,,1e-19,,,,0.4,0.02,0.03,pdli
pdlim7,PDLIM7,Proteins,0.00154,0.93177,0.00082,0.05085,,0.00464,0.00041,0.00541,0.00129,1e-05,,,0.00085,,,,8e-05,0.00232,0.0,3e-07,,0.05,0.0,,4e-48,2e-05,9e-47,5e-07,0.4,,,4e-10,,,,0.6,0.05,0.8,pdli1
pdp1,PDP1,Proteins,0.00154,0.9873,0.00104,0.00518,,0.00116,0.00028,0.00073,0.00026,0.00039,,,0.00064,,,,0.00013,0.00131,3e-05,2e-06,,1e-10,3e-35,,2e-12,0.0005,0.001,0.004,5e-05,,,2e-07,,,,0.4,1.0,0.3,pdp1
pdrg1,PDRG1,Proteins,0.00087,0.99453,6e-05,0.00166,,8e-05,0.00018,0.00077,6e-05,0.00054,,,1e-05,,,,9e-05,0.00113,0.0,0.0004,,0.2,2e-07,,0.06,0.006,0.0006,0.2,2e-06,,,0.5,,,,0.6,1.0,0.8,pdrg
pdxdc1,PDXDC1,Proteins,0.00153,0.99469,0.00029,0.0013,,6e-05,2e-05,0.00027,0.00018,0.00015,,,5e-05,,,,0.00021,0.00112,0.00014,9e-06,,0.002,6e-05,,0.1,0.4,0.4,0.02,0.01,,,0.1,,,,0.1,1.0,0.02,pdxd
pdzd2,PDZD2,Proteins,0.00076,0.95865,0.00064,0.02575,,0.00348,0.0,0.00658,0.00124,0.00025,,,4e-05,,,,0.0001,0.00241,0.0001,0.001,,0.001,2.9999999999999997e-221,,1.0000000000000001e-34,0.8,1.9999999999999998e-54,2e-09,0.001,,,0.2,,,,0.5,0.07,0.04,pdzd
pdzk1,PDZK1,Proteins,0.00318,0.9003,0.0026,0.00154,,0.07232,0.00102,0.00057,0.01555,0.00107,,,9e-05,,,,6e-05,0.00125,0.00046,1e-17,,7e-12,1e-07,,0.0,7e-12,0.006,1e-141,2e-12,,,0.04,,,,0.8,1.0,3e-06,pdzk
pear1,PEAR1,Proteins,0.00639,0.97423,0.0034,0.00634,,0.00024,4e-05,0.00134,0.00334,0.00177,,,0.00162,,,,3e-05,0.00125,1e-05,9.999999999999999e-26,,0.03,1e-47,,0.001,0.2,1e-08,0.2,1e-18,,,3e-17,,,,0.9,1.0,0.5,pear
pebp1,PEBP1,Proteins,0.00159,0.9042,0.00208,0.05131,,0.01297,0.00125,0.00567,0.01264,0.00083,,,0.00541,,,,0.00016,0.00185,4e-05,4e-05,,3e-05,0.0,,3e-134,2e-14,9e-51,2e-113,4e-10,,,3e-57,,,,0.2,0.5,0.1,pebp
pecam1,PECAM1,Proteins,0.00621,0.95084,0.00476,0.00681,,0.00911,4e-05,0.01435,0.00229,0.00026,,,0.00401,,,,8e-05,0.00115,0.0001,4e-21,,5e-31,1e-52,,2e-90,0.2,6e-130,1e-06,0.0006,,,6e-41,,,,0.6,1.0,0.03,peca
pecr,PECR,Proteins,0.00194,0.98224,0.00039,0.00608,,0.00631,1e-05,0.0007,0.0005,0.00024,,,0.00023,,,,0.00011,0.00122,2e-05,1e-07,,0.7,2e-43,,3e-60,0.4,0.002,0.03,0.001,,,0.002,,,,0.4,1.0,0.4,pecr
penk,PENK,Proteins,0.00303,0.92787,0.04768,0.00787,,0.00365,0.00463,0.00065,0.00158,1e-05,,,1e-05,,,,2e-05,0.0009,0.0021,5e-08,,0.0,5e-63,,1e-37,2e-47,0.002,0.03,0.6,,,0.5,,,,1.0,1.0,2e-22,penk
pepd,PEPD,Proteins,0.00593,0.96599,0.01223,0.00246,,0.00319,0.00037,0.00121,0.00661,0.00011,,,0.0002,,,,0.00012,0.00151,8e-05,8e-36,,6.999999999999999e-64,3e-14,,9.999999999999999e-33,5e-05,1e-07,3e-09,0.03,,,0.003,,,,0.4,0.8,0.06,pepd
per3,PER3,Proteins,0.00162,0.95979,0.00188,0.00663,,0.00169,1e-05,0.00166,0.02191,0.00108,,,0.00147,,,,9e-05,0.00214,2e-05,6e-08,,2e-19,3e-49,,1e-17,0.6,5e-11,1e-206,7e-12,,,1e-15,,,,0.6,0.1,0.3,per3
pf4,PF4,Proteins,0.0058,0.97672,0.00048,0.00323,,0.00357,0.00034,0.00116,0.00054,0.00132,,,0.00516,,,,8e-05,0.00155,5e-05,7e-35,,0.002,3e-20,,1e-35,0.0001,5e-07,0.0006,3e-14,,,7e-51,,,,0.7,0.8,0.1,pf4
pfdn2,PFDN2,Proteins,0.00061,0.98497,9e-05,0.0099,,0.00015,0.0,0.00202,5e-05,5e-05,,,0.00036,,,,0.00017,0.0016,5e-05,0.009,,0.1,5e-76,,0.01,0.7,1e-13,0.4,0.2,,,0.0001,,,,0.2,0.9,0.2,pfdn
pfdn4,PFDN4,Proteins,0.00092,0.99334,0.00087,0.00162,,0.00016,6e-05,0.00041,4e-05,0.00089,,,0.00016,,,,0.00024,0.00125,4e-05,0.005,,2e-09,4e-07,,0.01,0.1,0.1,0.3,1e-09,,,0.01,,,,0.08,1.0,0.2,pfdn1
pfdn6,PFDN6,Proteins,0.00035,0.99521,0.00059,0.00077,,0.00033,0.0,0.00023,0.00068,0.00063,,,0.0,,,,0.00012,0.00107,1e-05,0.03,,7e-06,0.04,,0.0002,0.9,0.6,1e-06,3e-07,,,0.9,,,,0.4,1.0,0.5,pfdn2
pfkfb2,PFKFB2,Proteins,0.00219,0.92675,0.0007,0.04506,,0.00259,2e-05,0.00769,0.01017,0.00066,,,0.00185,,,,0.00017,0.00215,0.0,2e-11,,0.2,0.0,,1e-27,0.3,2e-68,2.9999999999999997e-96,4e-08,,,3e-20,,,,0.2,0.3,0.9,pfkf
pga4,PGA4,Proteins,0.00312,0.9212,0.0261,0.00054,,0.00313,0.00026,0.00041,0.01578,0.02601,,,0.00068,,,,6e-05,0.00124,0.00145,9e-16,,4e-256,0.2,,1e-33,0.0005,0.06,1e-153,4e-262,,,2e-08,,,,0.7,1.0,2e-16,pga4
pgd,PGD,Proteins,0.0012,0.93215,0.00735,0.0289,,0.01659,0.00026,0.0036,0.0037,0.00039,,,0.00363,,,,1e-05,0.00188,0.00033,0.0003,,8e-69,4e-266,,4.9999999999999994e-167,0.0005,9e-30,3e-32,2e-05,,,3e-38,,,,1.0,0.4,0.0001,pgd
pgf,PGF,Proteins,0.02381,0.68554,0.08356,0.00451,,0.06766,9e-05,0.00123,0.08467,0.00696,,,0.03411,,,,0.00021,0.00173,0.0059,9e-280,,0.0,2e-48,,0.0,0.02,4e-12,0.0,1e-96,,,0.0,,,,0.02,0.03,2.0000000000000002e-82,pgf
pglyrp1,PGLYRP1,Proteins,0.03277,0.91923,0.00209,0.00637,,0.02639,0.0003,0.00181,0.00367,0.00342,,,0.00074,,,,4e-05,0.00165,0.00152,2e-259,,7e-17,6e-51,,2e-265,0.0002,2e-13,5e-33,2e-36,,,5e-09,,,,0.9,0.7,4e-17,pgly
pglyrp2,PGLYRP2,Proteins,0.00172,0.98356,0.00437,0.00142,,0.00441,0.00049,0.00029,0.00131,0.0004,,,0.00019,,,,0.00018,0.00164,1e-05,0.0001,,9e-31,5e-06,,3e-43,4e-06,0.3,0.3,3e-05,,,0.004,,,,0.2,0.8,0.5,pgly1
pglyrp4,PGLYRP4,Proteins,0.00299,0.96618,0.00096,0.00092,,0.00181,4e-05,0.00048,0.02524,0.0,,,0.00018,,,,0.00014,0.00102,5e-05,1e-17,,2e-10,0.006,,1e-18,0.2,0.04,3e-235,1.0,,,0.005,,,,0.3,1.0,0.1,pgly2
pgm2,PGM2,Proteins,0.00071,0.98787,4e-05,0.00806,,2e-05,0.0,0.00129,0.00042,8e-05,,,8e-05,,,,0.00015,0.00127,1e-05,0.003,,0.2,4.0000000000000004e-60,,0.4,0.8,9e-08,2e-05,0.07,,,0.07,,,,0.3,1.0,0.6,pgm2
pgr,PGR,Proteins,0.00105,0.98955,0.00135,0.00057,,0.00012,0.00016,0.00072,0.00052,0.00487,,,3e-05,,,,2e-05,0.00099,4e-05,0.002,,5e-12,0.2,,0.02,0.01,0.001,0.0004,2e-46,,,0.3,,,,1.0,1.0,0.2,pgr
phactr2,PHACTR2,Proteins,0.00197,0.95943,0.00084,0.02375,,0.00466,0.00013,0.00362,0.00089,0.00016,,,0.00208,,,,7e-05,0.00235,5e-05,2e-06,,0.2,4e-210,,2.9999999999999997e-47,0.02,6e-29,0.06,0.008,,,5e-22,,,,0.7,0.04,0.1,phac
phldb1,PHLDB1,Proteins,0.0065,0.89199,0.01616,0.02607,,0.0478,3e-05,0.00374,0.00459,9e-05,,,0.00081,,,,3e-05,0.00124,0.00095,3e-49,,5.0000000000000004e-163,2e-249,,0.0,0.2,9.999999999999999e-33,2e-43,0.03,,,4e-10,,,,0.9,0.9,2e-11,phld
phldb2,PHLDB2,Proteins,0.00116,0.99535,0.00051,0.00093,,2e-05,0.0,0.00026,2e-05,0.00028,,,1e-05,,,,4e-05,0.00136,7e-05,0.0005,,4e-06,0.007,,0.4,0.8,0.5,0.4,0.0007,,,0.5,,,,0.9,1.0,0.09,phld1
phospho1,PHOSPHO1,Proteins,0.008,0.8354,0.05166,0.00356,,0.06235,1e-05,0.00087,0.03306,9e-05,,,6e-05,,,,0.00012,0.00162,0.00319,1e-38,,0.0,8.000000000000001e-28,,0.0,0.5,7e-06,0.0,0.03,,,0.08,,,,0.3,0.7,6e-37,phos3
phykpl,PHYKPL,Proteins,0.00424,0.94872,0.00695,0.01266,,0.01604,0.00049,0.00212,0.00711,0.0,,,0.00016,,,,4e-05,0.00125,0.00023,2e-31,,9.999999999999999e-43,4e-105,,4e-155,3e-06,3e-15,2.9999999999999997e-44,0.9,,,0.008,,,,0.9,1.0,0.002,phyk
pi16,PI16,Proteins,0.02215,0.90923,0.02734,0.00178,,0.00128,0.00054,0.00082,0.03509,0.00059,,,0.0,,,,8e-05,0.00106,5e-05,1.9999999999999998e-209,,8e-213,8e-10,,8e-15,4e-07,6e-05,1.9999999999999999e-290,1e-07,,,0.6,,,,0.6,1.0,0.1,pi16
pi3,PI3,Proteins,0.00969,0.8415,0.00595,0.00214,,0.02807,0.00385,0.00248,0.09452,0.0089,,,0.00012,,,,0.00015,0.00128,0.00136,1e-36,,6e-19,9e-14,,6e-301,2e-43,4e-21,0.0,7e-98,,,0.01,,,,0.2,1.0,2e-16,pi3
pibf1,PIBF1,Proteins,0.00185,0.95114,0.00059,0.02906,,0.00798,0.00029,0.00439,0.00078,5e-05,,,0.00137,,,,3e-05,0.0024,8e-05,2e-06,,0.4,5e-262,,4e-80,0.0003,2e-36,0.003,0.2,,,4e-15,,,,0.9,0.02,0.06,pibf
pigr,PIGR,Proteins,0.0159,0.86697,0.00708,0.00678,,0.00999,0.00204,0.00076,0.00177,0.08454,,,0.00024,,,,3e-05,0.00143,0.00244,1e-111,,9e-72,2e-57,,1e-106,3e-23,0.0001,9e-16,0.0,,,0.0006,,,,0.9,0.9,2e-27,pigr
pik3ap1,PIK3AP1,Proteins,0.00382,0.91573,0.00185,0.06324,,0.00213,0.00015,0.00889,0.00168,0.00048,,,0.00016,,,,0.00014,0.00173,0.0,3e-27,,0.0003,0.0,,3e-23,0.007,2.0000000000000002e-81,0.02,2e-06,,,0.006,,,,0.3,0.6,1.0,pik3
pik3ip1,PIK3IP1,Proteins,0.04144,0.81417,0.09165,0.00467,,0.02916,1e-05,0.0007,0.00239,0.00251,,,0.00734,,,,5e-05,0.00113,0.0048,0.0,,0.0,2e-40,,0.0,0.5,0.0001,1.9999999999999998e-26,1.9999999999999998e-30,,,3e-85,,,,0.8,1.0,1.9999999999999999e-56,pik31
pikfyve,PIKFYVE,Proteins,0.00356,0.94435,0.00164,0.03441,,0.0064,0.00018,0.00412,0.00289,3e-05,,,0.00093,,,,9e-05,0.00136,6e-05,4e-20,,6e-10,1e-304,,3e-63,0.005,5e-33,4e-22,0.3,,,1e-10,,,,0.6,1.0,0.1,pikf
pilra,PILRA,Proteins,0.01321,0.89733,0.03735,0.00242,,0.03497,0.00072,0.0004,0.00146,0.00515,,,0.00123,,,,5e-05,0.00147,0.00423,5.000000000000001e-72,,0.0,3e-15,,0.0,5e-09,0.06,5e-15,4e-55,,,2e-14,,,,0.8,0.9,1.0000000000000001e-45,pilr
pilrb,PILRB,Proteins,0.01082,0.92492,0.02649,0.00184,,0.02471,0.00067,0.00049,0.00134,0.00374,,,0.00059,,,,0.00019,0.00108,0.00312,6.999999999999999e-62,,6e-262,7e-10,,1e-245,3e-08,0.02,6e-14,4.0000000000000004e-39,,,2e-07,,,,0.1,1.0,5e-33,pilr1
pinlyp,PINLYP,Proteins,0.00521,0.97129,0.01819,0.00093,,0.0006,0.00046,0.00077,0.00066,0.00018,,,0.00049,,,,0.0001,0.00108,4e-05,1e-18,,4e-166,0.005,,4e-07,8e-06,0.0005,0.08,0.005,,,4e-06,,,,0.5,1.0,0.2,pinl
pithd1,PITHD1,Proteins,0.00073,0.99539,0.00039,0.00018,,0.00028,0.00012,0.00011,0.00116,0.00041,,,0.00016,,,,8e-05,0.00096,1e-05,9e-05,,0.0003,1.0,,0.0006,0.03,0.9,2e-11,4e-05,,,0.009,,,,0.7,1.0,0.5,pith
pkd1,PKD1,Proteins,0.00399,0.83469,0.13247,0.00162,,0.00181,1e-05,0.00015,0.01898,0.00155,,,0.00057,,,,4e-05,0.00133,0.00278,4.0000000000000004e-24,,0.0,1e-09,,4e-22,0.6,0.7,1.9999999999999998e-182,4e-19,,,6e-08,,,,0.8,0.9,5e-33,pkd1
pkd2,PKD2,Proteins,0.00235,0.93289,0.00654,0.02634,,0.01934,1e-05,0.00479,0.00245,0.00102,,,0.00114,,,,8e-05,0.00213,0.00093,1e-10,,2e-55,4.0000000000000003e-233,,1.0000000000000001e-187,0.6,1.0000000000000001e-39,1e-15,2e-11,,,1e-12,,,,0.6,0.2,1e-10,pkd2
pklr,PKLR,Proteins,0.0011,0.91227,0.00064,0.07191,,0.00056,0.00061,0.00313,0.00624,0.00038,,,0.00029,,,,0.00011,0.00261,0.00014,0.0001,,0.008,0.0,,3e-07,1e-07,9e-26,3e-60,3e-05,,,0.0002,,,,0.4,0.004,0.01,pklr
pkn3,PKN3,Proteins,0.00142,0.97606,0.00034,0.01653,,0.00199,0.00032,0.00169,0.00029,5e-05,,,3e-05,,,,8e-05,0.0012,0.0,1e-09,,0.06,2e-137,,2e-20,0.0002,3e-11,0.2,0.2,,,0.3,,,,0.6,1.0,1.0,pkn3
pla2g10,PLA2G10,Proteins,0.0147,0.85164,0.02634,0.00253,,0.03094,0.01893,0.0005,0.01721,0.0009,,,0.03249,,,,4e-05,0.00193,0.00185,8e-123,,1e-282,3e-17,,0.0,1e-204,0.009,3e-186,2e-11,,,0.0,,,,0.9,0.3,9e-22,pla2
pla2g15,PLA2G15,Proteins,0.01271,0.91353,0.00683,0.00279,,0.0442,0.00125,0.00174,0.00042,0.00962,,,0.00319,,,,0.00017,0.00139,0.00215,9.999999999999999e-98,,2e-68,3e-18,,0.0,2e-14,7e-13,0.009,1e-99,,,2.0000000000000003e-34,,,,0.2,1.0,1.0000000000000001e-23,pla21
pla2g1b,PLA2G1B,Proteins,0.00463,0.90542,0.00102,0.00264,,0.05568,4e-05,0.00037,0.02618,0.00206,,,0.00069,,,,3e-05,0.00114,0.0001,7e-14,,2e-11,4e-17,,0.0,0.2,0.1,2e-267,5e-23,,,1e-08,,,,0.9,1.0,0.03,pla22
pla2g2a,PLA2G2A,Proteins,0.00499,0.87512,0.02023,0.00114,,0.02353,0.0006,0.00079,0.06758,0.00252,,,0.00067,,,,8e-05,0.00125,0.0015,2.0000000000000003e-34,,2e-201,4e-05,,1e-246,6e-08,8e-05,0.0,3e-28,,,1e-08,,,,0.6,1.0,2e-17,pla23
pla2g4a,PLA2G4A,Proteins,0.00246,0.95167,0.00056,0.03073,,0.00158,0.00027,0.00365,0.00049,0.0002,,,0.00595,,,,0.00018,0.00222,5e-05,1e-13,,0.02,6e-276,,4e-17,0.0006,2.0000000000000002e-29,0.1,0.003,,,6e-60,,,,0.2,0.1,0.1,pla24
pla2g7,PLA2G7,Proteins,0.02513,0.89418,0.00611,0.00489,,0.00055,0.00052,0.00048,0.06493,0.00053,,,0.00118,,,,0.0002,0.00129,0.0,4e-242,,2e-35,3e-38,,3e-07,6e-07,0.02,0.0,6e-07,,,7e-14,,,,0.09,1.0,0.8,pla25
plat,PLAT,Proteins,0.0065,0.69542,0.06837,0.00697,,0.1376,0.00375,0.00279,0.03353,0.0077,,,0.03271,,,,0.00027,0.00233,0.00205,1.9999999999999998e-30,,0.0,4e-78,,0.0,4e-52,5e-31,0.0,1e-104,,,0.0,,,,0.005,0.0001,3e-29,plat
plau,PLAU,Proteins,0.00284,0.93373,0.03164,0.00164,,0.00114,7e-05,0.00087,0.02472,1e-05,,,0.00011,,,,1e-05,0.0015,0.00171,2e-20,,2e-270,3e-08,,5e-13,0.06,4e-05,2e-203,0.6,,,0.02,,,,1.0,0.9,9e-19,plau
plaur,PLAUR,Proteins,0.01041,0.81661,0.04951,0.00473,,0.03184,0.00204,0.00475,0.02203,0.04844,,,0.00075,,,,0.00016,0.0016,0.00714,2.9999999999999996e-76,,0.0,2e-40,,0.0,1.0000000000000001e-24,4e-46,2e-242,0.0,,,5e-10,,,,0.2,0.5,7e-82,plau1
plb1,PLB1,Proteins,0.00385,0.87535,0.03192,0.00166,,0.0082,2e-05,0.00165,0.07456,0.00022,,,2e-05,,,,4e-05,0.00128,0.00122,3e-24,,0.0,2e-09,,4e-89,0.3,1e-12,0.0,0.0009,,,0.3,,,,0.9,0.9,9e-15,plb1
plcb1,PLCB1,Proteins,0.00095,0.992,0.00139,0.00054,,0.00092,1e-05,0.00036,0.00047,0.00221,,,2e-05,,,,4e-05,0.00109,0.0,0.002,,2e-14,0.3,,5e-10,0.5,0.2,1e-05,6e-22,,,0.3,,,,0.9,1.0,0.9,plcb
plcb2,PLCB2,Proteins,0.00318,0.95616,0.00082,0.02509,,0.00302,6e-05,0.00339,0.00187,0.00043,,,0.00324,,,,4e-05,0.00264,6e-05,1e-16,,0.08,3e-223,,3.0000000000000003e-31,0.09,6e-27,1e-12,1e-05,,,2e-33,,,,0.9,0.004,0.09,plcb1
plekho1,PLEKHO1,Proteins,0.0013,0.92938,0.00133,0.04787,,0.00666,7e-05,0.00752,0.00103,0.00085,,,0.0011,,,,0.00015,0.00266,7e-05,4e-07,,4e-08,0.0,,1e-68,0.08,1e-67,5e-05,4e-10,,,9e-13,,,,0.2,0.002,0.06,plek
plg,PLG,Proteins,0.00608,0.94929,0.00235,0.00217,,0.01547,0.00243,0.00052,0.017,0.00303,,,0.00012,,,,2e-05,0.00108,0.00042,3e-30,,7e-09,7e-12,,2e-149,3.9999999999999997e-25,0.02,9e-149,6.0000000000000005e-31,,,0.02,,,,1.0,1.0,2e-05,plg
plin1,PLIN1,Proteins,0.00223,0.80627,0.02052,0.00255,,0.13045,2e-05,0.00129,0.02537,0.00254,,,0.00668,,,,9e-05,0.00153,0.00047,3e-14,,2e-185,2e-18,,0.0,0.3,6e-10,1e-238,1.9999999999999998e-30,,,7e-77,,,,0.5,0.7,9e-07,plin
plin3,PLIN3,Proteins,0.00374,0.93875,0.00147,0.02755,,0.01328,0.0,0.00374,0.00187,0.00067,,,0.00653,,,,2e-05,0.00214,0.00024,5e-15,,8e-15,4e-248,,8e-132,0.9,1.9999999999999998e-30,8e-19,4e-08,,,5.000000000000001e-66,,,,1.0,0.2,0.001,plin1
plpbp,PLPBP,Proteins,0.00264,0.93505,0.00105,0.04321,,0.00219,3e-05,0.00517,0.00197,0.00015,,,0.006,,,,0.00017,0.00232,6e-05,3e-13,,0.2,0.0,,2.0000000000000002e-23,0.3,4.999999999999999e-44,4e-11,0.01,,,5.0000000000000005e-61,,,,0.2,0.08,0.1,plpb
plscr3,PLSCR3,Proteins,0.00269,0.94389,0.0008,0.03141,,0.01291,0.00024,0.0033,0.00082,0.00064,,,0.00079,,,,0.00024,0.00228,1e-05,4e-14,,0.2,1e-285,,9.999999999999999e-129,0.0009,1.9999999999999998e-26,0.09,7e-08,,,2e-09,,,,0.05,0.05,0.6,plsc
pltp,PLTP,Proteins,0.00539,0.87437,0.0075,0.00321,,0.06477,0.00057,0.00048,0.03063,0.01178,,,0.0,,,,4e-05,0.00122,2e-05,4e-20,,1.0000000000000001e-81,3e-23,,0.0,1e-07,0.01,6e-323,8e-127,,,0.8,,,,0.8,1.0,0.3,pltp
plxdc1,PLXDC1,Proteins,0.00198,0.96927,0.00911,0.00181,,0.003,0.00077,0.00037,0.00568,0.00595,,,0.00058,,,,4e-05,0.0013,0.00015,6e-10,,1e-47,9e-09,,6.999999999999999e-30,9e-09,0.1,2e-15,2e-57,,,6e-07,,,,0.9,1.0,0.01,plxd
plxdc2,PLXDC2,Proteins,0.00797,0.97086,0.0133,0.0017,,0.00017,1e-05,0.00043,0.00317,0.00055,,,0.00068,,,,3e-05,0.00078,0.00034,8e-64,,1.9999999999999998e-110,3e-08,,0.005,0.5,0.06,3e-13,8e-07,,,4e-08,,,,0.9,1.0,0.0001,plxd1
plxna4,PLXNA4,Proteins,0.00327,0.96108,0.00111,0.01354,,0.00465,0.00025,0.00884,0.00163,0.00028,,,0.00352,,,,0.00017,0.00151,0.00015,3e-14,,0.4,3e-113,,1e-46,0.001,9e-77,9e-07,0.0005,,,8.999999999999999e-36,,,,0.2,0.9,0.01,plxn
plxnb2,PLXNB2,Proteins,0.00094,0.90932,0.05097,0.00136,,0.03159,0.0,0.00104,0.0011,0.00032,,,3e-05,,,,8e-05,0.00145,0.00178,0.003,,0.0,2e-06,,1e-319,0.7,1e-06,0.0002,9e-05,,,0.2,,,,0.5,0.9,5e-20,plxn1
plxnb3,PLXNB3,Proteins,0.00277,0.96279,0.00163,0.01577,,0.00251,0.00011,0.00551,0.003,7e-05,,,0.00445,,,,9e-05,0.00127,3e-05,1e-17,,0.008,8e-133,,9.999999999999999e-26,0.03,2.0000000000000003e-45,2e-16,0.07,,,2.9999999999999997e-44,,,,0.6,1.0,0.2,plxn2
pm20d1,PM20D1,Proteins,0.00323,0.95759,0.00424,0.00104,,0.00033,1e-05,0.00132,0.02643,0.00136,,,1e-05,,,,0.00011,0.00412,0.0002,4e-11,,6e-27,0.0008,,0.0001,0.6,2e-08,4.0000000000000005e-237,9e-15,,,0.5,,,,0.4,6e-09,0.003,pm20
pmch,PMCH,Proteins,0.0008,0.9941,0.0006,0.00049,,0.00021,0.0,0.00022,0.00186,0.00046,,,0.0001,,,,3e-05,0.00111,2e-05,0.0002,,6e-07,0.4,,0.003,1.0,0.6,1e-18,1e-05,,,0.04,,,,0.9,1.0,0.3,pmch
pmm2,PMM2,Proteins,0.00221,0.96768,0.00187,0.01877,,6e-05,3e-05,0.00222,0.0017,0.0,,,0.00314,,,,5e-05,0.00221,5e-05,9e-07,,1e-17,1e-156,,0.1,0.2,1e-15,4e-16,0.7,,,3.0000000000000003e-31,,,,0.8,0.2,0.2,pmm2
pms1,PMS1,Proteins,0.00046,0.9888,0.00084,0.00275,,0.00458,0.00013,0.00058,0.00014,0.00031,,,1e-05,,,,7e-05,0.00122,0.0001,0.08,,9e-09,1e-15,,4.999999999999999e-44,0.02,0.01,0.07,0.0003,,,0.5,,,,0.7,1.0,0.04,pms1
pmvk,PMVK,Proteins,0.01091,0.95683,0.00088,0.01812,,0.0016,0.00034,0.00194,0.00138,0.00039,,,0.00497,,,,0.0003,0.00231,4e-05,1e-89,,0.004,9.999999999999999e-153,,8e-17,0.0001,2e-13,4e-08,4e-05,,,8.000000000000001e-49,,,,0.02,0.2,0.2,pmvk
pnlip,PNLIP,Proteins,0.00611,0.98084,0.00114,0.00148,,0.0031,0.00355,0.00038,0.00053,0.00059,,,0.00082,,,,0.0001,0.00136,0.0,9e-22,,2e-11,1e-06,,3.0000000000000003e-31,1e-35,0.1,1e-05,4e-07,,,2e-09,,,,0.5,1.0,0.8,pnli
pnliprp1,PNLIPRP1,Proteins,0.00895,0.98335,0.00191,0.00031,,0.00026,0.00048,0.00025,0.00209,0.00026,,,0.00088,,,,4e-05,0.0011,0.00011,5.000000000000001e-49,,3e-10,0.9,,0.0007,5e-06,0.5,5e-12,0.0007,,,6e-10,,,,0.9,1.0,0.03,pnli1
pnliprp2,PNLIPRP2,Proteins,0.00492,0.98039,0.0011,0.00107,,0.00049,0.00115,0.00016,0.0004,0.00046,,,0.003,,,,0.00084,0.00598,6e-05,6e-33,,2e-08,0.0007,,4e-06,2e-12,0.8,0.2,9e-06,,,5e-30,,,,8e-07,1e-19,0.1,pnli2
pnma1,PNMA1,Proteins,0.0033,0.97274,0.00085,0.01435,,0.00147,0.00013,0.00171,0.00234,0.00015,,,0.00071,,,,2e-05,0.00223,2e-05,5e-16,,0.0003,4e-117,,2e-15,0.02,3e-11,2e-18,0.01,,,3e-08,,,,1.0,0.2,0.4,pnma
pnma2,PNMA2,Proteins,0.00078,0.99672,0.00022,0.00028,,7e-05,0.0,0.0004,6e-05,0.0,,,3e-05,,,,3e-05,0.00117,0.00024,6e-05,,0.003,0.9,,0.09,0.7,0.1,0.1,0.9,,,0.3,,,,0.9,1.0,0.001,pnma1
pnpt1,PNPT1,Proteins,0.00384,0.97304,0.01481,0.00215,,0.0001,0.00031,0.00022,0.002,0.00083,,,0.00072,,,,7e-05,0.00142,0.00049,1.0000000000000001e-28,,8e-139,3e-11,,0.04,0.0002,0.6,9e-20,2e-09,,,3e-08,,,,0.7,1.0,4e-06,pnpt
podxl,PODXL,Proteins,0.00266,0.99039,0.00109,0.00124,,0.00045,0.00013,0.0005,0.00121,0.00053,,,8e-05,,,,5e-05,0.00163,3e-05,1e-11,,0.1,7e-05,,1e-05,0.02,0.03,0.006,2e-06,,,0.06,,,,0.8,1.0,0.3,podx
podxl2,PODXL2,Proteins,0.00491,0.93232,0.01233,0.00087,,0.03113,0.00033,0.00035,0.00253,0.00977,,,0.00376,,,,8e-05,0.00148,0.00014,9.999999999999999e-33,,2e-99,0.005,,8e-308,0.0001,0.1,1.0,5.0000000000000005e-99,,,2.0000000000000002e-39,,,,0.6,1.0,0.01,podx1
pof1b,POF1B,Proteins,0.00408,0.96508,0.01735,0.00122,,0.00067,0.0011,0.00131,0.00462,4e-05,,,0.00104,,,,3e-05,0.00118,0.00227,6e-32,,3e-159,8e-05,,7e-08,5e-12,4e-08,9e-41,0.2,,,2e-11,,,,0.9,1.0,5e-23,pof1
polr2a,POLR2A,Proteins,0.00053,0.99624,5e-05,0.00053,,6e-05,3e-05,0.00025,5e-05,0.00069,,,1e-05,,,,7e-05,0.00138,0.0001,0.02,,0.4,0.3,,0.1,0.2,0.5,0.4,8e-08,,,0.6,,,,0.7,1.0,0.04,polr
polr2f,POLR2F,Proteins,0.00562,0.84451,0.03003,0.02071,,0.07838,0.00135,0.00244,0.0045,0.00627,,,0.00125,,,,0.0001,0.00182,0.00303,7e-35,,2e-310,1e-205,,0.0,2e-16,6e-21,5e-36,2e-70,,,2e-15,,,,0.4,0.5,5e-35,polr1
pomc,POMC,Proteins,0.01007,0.86582,0.00868,0.00116,,0.01237,0.00022,0.00098,0.08112,0.00152,,,0.01614,,,,2e-05,0.00183,7e-05,3e-73,,5e-67,3e-05,,3.0000000000000005e-131,0.001,2e-06,0.0,1e-17,,,2.9999999999999998e-170,,,,0.9,0.4,0.07,pomc
pon1,PON1,Proteins,0.00913,0.95081,0.00221,0.00167,,0.00843,9e-05,0.00063,0.02011,0.00487,,,0.00013,,,,2e-05,0.00106,0.00083,2e-36,,1e-07,2e-08,,1.9999999999999998e-84,0.04,0.003,2.9999999999999998e-182,1.0000000000000001e-49,,,0.02,,,,1.0,1.0,1e-09,pon1
pon2,PON2,Proteins,0.00242,0.95559,0.00086,0.00165,,0.03132,0.00074,0.00076,0.00117,0.00291,,,0.00079,,,,5e-05,0.00168,5e-05,1e-11,,7e-07,8e-08,,5e-295,1e-08,0.0005,7e-10,2.0000000000000002e-29,,,4e-09,,,,0.8,0.8,0.1,pon2
pon3,PON3,Proteins,0.01678,0.73886,0.00699,0.00301,,0.19023,0.00138,0.0007,0.03394,0.00425,,,0.00057,,,,0.00015,0.00177,0.00138,5e-149,,2.0000000000000002e-81,9.999999999999999e-27,,0.0,4e-19,3e-05,0.0,2.9999999999999998e-55,,,9e-09,,,,0.1,0.08,4e-19,pon3
postn,POSTN,Proteins,0.00571,0.95926,0.01107,0.00341,,0.0055,0.00077,0.00032,0.0052,0.00573,,,0.00074,,,,5e-05,0.00146,0.00079,9.999999999999999e-43,,3.0000000000000004e-81,2e-22,,2e-55,4e-09,0.2,4.0000000000000004e-24,1e-57,,,8e-09,,,,0.8,0.9,3e-09,post
ppbp,PPBP,Proteins,0.00399,0.97375,0.00065,0.00482,,0.0033,0.00034,0.00138,0.00208,0.00188,,,0.00593,,,,3e-05,0.0018,6e-05,9e-13,,0.0001,8.000000000000001e-34,,3e-33,0.0001,7e-09,1e-18,1e-19,,,3e-58,,,,0.9,0.5,0.09,ppbp
ppcdc,PPCDC,Proteins,0.00665,0.91299,0.00099,0.05403,,0.00697,0.00011,0.00788,0.00452,0.00041,,,0.00338,,,,0.00015,0.00194,0.0,2e-43,,0.003,0.0,,4e-73,0.02,2.0000000000000002e-72,6.9999999999999995e-40,1e-05,,,2e-36,,,,0.2,0.4,1.0,ppcd
ppib,PPIB,Proteins,0.00254,0.96043,0.00071,0.02158,,0.00452,8e-05,0.00204,0.00077,0.00041,,,0.00473,,,,9e-05,0.0021,1e-05,2e-08,,0.4,4.0000000000000006e-187,,3e-45,0.05,1e-14,0.06,2e-05,,,2.9999999999999997e-47,,,,0.6,0.3,0.5,ppib
ppie,PPIE,Proteins,0.00072,0.99501,7e-05,0.00103,,2e-05,1e-05,0.00034,0.00098,0.00018,,,8e-05,,,,6e-05,0.0015,0.0,0.0009,,0.1,0.002,,0.3,0.5,0.2,1e-10,0.006,,,0.06,,,,0.8,0.9,0.7,ppie
ppif,PPIF,Proteins,0.0018,0.98459,0.00088,0.00629,,0.00113,7e-05,0.00114,0.00088,2e-05,,,0.00144,,,,4e-05,0.00171,0.0,2e-07,,0.5,2e-46,,2e-12,0.09,7e-07,0.6,0.3,,,2e-15,,,,0.9,0.8,0.9,ppif
ppl,PPL,Proteins,0.00311,0.93962,0.01036,0.00456,,0.02947,0.00157,0.0006,0.00628,0.00037,,,0.00164,,,,4e-05,0.0014,0.00099,6e-13,,1e-71,3.9999999999999997e-32,,5e-282,7e-17,0.005,1.9999999999999998e-32,5e-05,,,2e-17,,,,0.9,0.9,3e-11,ppl
ppm1a,PPM1A,Proteins,0.00141,0.98884,0.00013,0.00601,,0.0,0.00021,0.00057,0.00054,0.0,,,0.00019,,,,0.00017,0.00193,1e-05,2e-09,,0.9,2.9999999999999996e-42,,1.0,0.003,0.01,4e-05,1.0,,,0.005,,,,0.2,0.8,0.6,ppm1
ppm1b,PPM1B,Proteins,0.00177,0.99161,0.00045,0.00232,,2e-05,0.0001,0.00064,0.00047,0.00136,,,7e-05,,,,3e-05,0.00116,0.0,6e-13,,0.0001,3e-12,,0.4,0.04,0.005,8e-05,4e-14,,,0.08,,,,1.0,1.0,0.9,ppm11
ppm1f,PPM1F,Proteins,0.00311,0.95367,0.00082,0.02687,,0.00315,3e-05,0.00306,0.00115,1e-05,,,0.00529,,,,0.0001,0.00274,0.0,1e-18,,0.03,7e-241,,9.999999999999999e-33,0.2,5e-24,9e-06,0.6,,,1e-53,,,,0.5,0.004,0.7,ppm12
ppme1,PPME1,Proteins,0.00176,0.90615,0.00052,0.06413,,0.00122,0.00015,0.00651,0.01199,0.00089,,,0.00404,,,,0.00033,0.00229,2e-05,6e-10,,1e-05,0.0,,4e-14,0.007,1e-58,1.9999999999999998e-122,1e-10,,,5e-43,,,,0.008,0.1,0.4,ppme
ppp1cc,PPP1CC,Proteins,0.00185,0.95302,0.00158,0.03091,,0.00367,0.00028,0.0033,0.00155,0.0,,,0.00121,,,,9e-05,0.00241,0.00013,9e-07,,0.002,9.000000000000001e-278,,1e-37,0.0004,3.9999999999999996e-26,0.005,1.0,,,2e-13,,,,0.5,0.01,0.02,ppp1
ppp1r12a,PPP1R12A,Proteins,0.00225,0.94886,0.00077,0.02953,,0.00926,0.00014,0.00406,0.0008,7e-05,,,0.00173,,,,0.00012,0.00232,6e-05,4e-11,,0.7,6e-266,,2e-92,0.01,2e-33,0.2,0.07,,,1e-18,,,,0.3,0.2,0.1,ppp11
ppp1r12b,PPP1R12B,Proteins,0.00124,0.97875,0.0001,0.01231,,0.00441,0.0,0.00142,9e-05,0.00012,,,3e-05,,,,7e-05,0.0014,5e-05,1e-06,,0.5,3e-99,,3e-43,1.0,5e-09,0.7,0.02,,,0.3,,,,0.7,0.9,0.1,ppp12
ppp1r14a,PPP1R14A,Proteins,0.00154,0.9682,0.00086,0.01457,,0.0044,4e-05,0.00277,0.00142,4e-05,,,0.00384,,,,5e-05,0.00225,1e-05,1e-05,,3e-06,3.0000000000000002e-123,,2.9999999999999997e-44,0.2,5e-21,9e-12,0.2,,,7e-39,,,,0.8,0.07,0.5,ppp13
ppp1r14d,PPP1R14D,Proteins,0.00349,0.95984,0.02081,0.00123,,4e-05,0.00704,0.00024,0.00044,0.00311,,,8e-05,,,,0.00011,0.00105,0.00251,6e-21,,2e-200,4e-05,,0.2,2e-70,0.5,0.002,3.9999999999999997e-32,,,0.05,,,,0.4,1.0,3e-26,ppp14
ppp1r2,PPP1R2,Proteins,0.00271,0.95133,0.00106,0.02835,,0.00693,9e-05,0.00282,0.0008,0.00014,,,0.00359,,,,0.00014,0.00204,0.0,4e-12,,0.0006,2.9999999999999995e-252,,4.999999999999999e-69,0.04,1e-21,0.8,0.01,,,1e-36,,,,0.3,0.3,0.9,ppp15
ppp1r9b,PPP1R9B,Proteins,0.00114,0.91941,0.00091,0.05865,,0.00808,0.00051,0.00723,0.00095,3e-05,,,1e-05,,,,0.00012,0.00296,0.0,3e-06,,0.001,0.0,,5.999999999999999e-84,1e-06,9.000000000000001e-66,0.0006,0.2,,,0.5,,,,0.4,0.0002,0.8,ppp16
ppp2r5a,PPP2R5A,Proteins,0.00214,0.95605,0.00013,0.02601,,0.00597,0.00021,0.00337,0.0013,0.0,,,0.00171,,,,1e-05,0.00308,2e-05,6e-10,,0.2,2e-231,,6e-60,0.002,9e-27,2e-13,0.7,,,2e-18,,,,1.0,4e-05,0.3,ppp2
ppp3r1,PPP3R1,Proteins,0.00207,0.92933,0.01298,0.02304,,0.02121,0.00016,0.00295,0.00505,0.00109,,,1e-05,,,,0.00016,0.00169,0.00028,4e-09,,2e-111,3e-207,,6e-210,0.008,2.0000000000000002e-23,3e-33,2e-12,,,0.6,,,,0.2,0.8,0.0003,ppp3
ppt1,PPT1,Proteins,0.00087,0.99439,0.00011,0.00125,,0.00058,0.0,0.00042,0.00116,1e-05,,,3e-05,,,,7e-05,0.00111,0.0,0.001,,0.09,9e-05,,8e-07,0.9,0.09,6e-12,0.6,,,0.3,,,,0.7,1.0,1.0,ppt1
ppy,PPY,Proteins,0.00781,0.8647,0.03675,0.00577,,0.00114,0.02778,0.00081,0.0121,0.00288,,,0.03817,,,,0.00011,0.00188,0.0001,2e-57,,0.0,1e-48,,6e-14,7e-296,3e-05,3e-130,9.999999999999999e-33,,,0.0,,,,0.4,0.5,0.02,ppy
pqbp1,PQBP1,Proteins,0.0024,0.95535,0.00116,0.0151,,0.01524,0.0001,0.00211,0.00285,0.00242,,,0.00151,,,,0.00026,0.00131,0.0002,1e-16,,4e-09,1e-125,,1.0000000000000001e-145,0.04,7e-15,1.9999999999999998e-25,1.0000000000000001e-24,,,5e-16,,,,0.04,1.0,0.003,pqbp
prame,PRAME,Proteins,0.0006,0.99587,0.0002,0.00079,,0.00101,3e-05,0.00032,1e-05,2e-05,,,0.0,,,,7e-05,0.00107,0.0,0.04,,0.005,0.03,,1e-10,0.2,0.3,0.9,0.4,,,0.8,,,,0.7,1.0,0.7,pram
prap1,PRAP1,Proteins,0.00901,0.69367,0.00889,0.00446,,0.20218,0.00174,0.00198,0.05332,0.01727,,,0.00454,,,,8e-05,0.00161,0.00126,3e-80,,2e-117,8e-47,,0.0,3e-25,5e-21,0.0,4e-232,,,6e-63,,,,0.4,0.1,1e-18,prap
prc1,PRC1,Proteins,0.0005,0.99644,0.0003,0.00062,,0.00019,1e-05,0.00017,7e-05,0.00075,,,1e-05,,,,2e-05,0.00092,0.0,0.0004,,0.0004,0.1,,0.005,0.5,0.8,0.08,1e-08,,,0.6,,,,1.0,1.0,0.8,prc1
prcp,PRCP,Proteins,0.00381,0.8163,0.02755,0.00506,,0.09971,0.00039,0.00352,0.02664,0.00643,,,0.00788,,,,0.00014,0.00205,0.00052,2e-13,,2e-258,1e-44,,0.0,5e-06,1e-33,2e-248,4.0000000000000003e-75,,,1.9999999999999998e-91,,,,0.2,0.06,2e-07,prcp
prdx1,PRDX1,Proteins,0.00095,0.93217,0.00047,0.05645,,0.00075,0.00012,0.00443,0.00028,0.0,,,0.00158,,,,0.0002,0.0026,0.0,0.001,,4e-06,0.0,,8e-09,0.02,2.9999999999999998e-36,0.0004,0.7,,,6e-17,,,,0.1,0.03,0.8,prdx
prdx2,PRDX2,Proteins,0.00098,0.87688,0.00058,0.0796,,0.00126,0.00077,0.0033,0.03352,0.00074,,,0.00037,,,,5e-05,0.00192,3e-05,0.008,,0.4,0.0,,7e-15,1e-09,2.0000000000000002e-28,0.0,2e-09,,,3e-05,,,,0.8,0.2,0.2,prdx1
prdx3,PRDX3,Proteins,0.0032,0.96976,0.0007,0.01064,,0.00918,0.0,0.00143,0.00118,0.00018,,,0.00185,,,,6e-05,0.00177,4e-05,4e-13,,0.2,2.9999999999999996e-84,,9e-88,0.7,5e-09,2e-06,0.005,,,4e-19,,,,0.7,0.7,0.2,prdx2
prdx5,PRDX5,Proteins,0.005,0.94916,0.00233,0.0267,,0.0035,1e-05,0.00289,0.00194,0.00015,,,0.00511,,,,0.0005,0.00271,0.0,4.0000000000000004e-39,,6e-13,5e-241,,2e-36,0.6,1e-22,5e-09,0.01,,,3e-52,,,,0.0004,0.004,0.8,prdx3
prdx6,PRDX6,Proteins,0.00212,0.9292,0.0006,0.05066,,0.00409,2e-05,0.00667,0.00056,0.00012,,,0.00385,,,,0.00017,0.00194,0.0,4e-09,,2e-07,0.0,,5e-43,0.3,2e-59,4e-07,0.02,,,1e-40,,,,0.2,0.5,0.7,prdx4
preb,PREB,Proteins,0.00224,0.97955,0.00218,0.00125,,0.0067,0.00032,0.00052,0.00374,0.00034,,,0.00104,,,,6e-05,0.00123,0.00083,7e-13,,5e-22,8e-05,,4.9999999999999997e-64,0.0002,0.02,1e-36,0.0001,,,3e-11,,,,0.7,1.0,3e-09,preb
prelp,PRELP,Proteins,0.0062,0.8662,0.11135,0.0026,,0.00569,0.00035,0.00181,0.00031,0.00175,,,0.00068,,,,0.0001,0.00129,0.00167,1.0000000000000001e-29,,0.0,1e-17,,2e-62,4e-05,3e-14,0.0006,2e-20,,,8e-09,,,,0.4,1.0,1e-19,prel
prg2,PRG2,Proteins,0.0469,0.91663,0.01051,0.00493,,0.00859,0.00067,0.00062,0.00591,0.00055,,,0.00106,,,,4e-05,0.00176,0.00184,0.0,,5e-101,9e-38,,3e-89,2e-08,0.002,1.9999999999999998e-54,4e-07,,,2e-12,,,,0.9,0.6,1e-20,prg2
prg3,PRG3,Proteins,0.05331,0.93595,0.00021,0.00444,,0.00258,0.00023,0.00048,0.00048,0.00013,,,0.00095,,,,5e-05,0.00116,3e-05,0.0,,0.005,1.9999999999999998e-32,,1e-27,0.001,0.02,5e-06,0.01,,,4e-11,,,,0.8,1.0,0.2,prg3
prkab1,PRKAB1,Proteins,0.00253,0.95192,0.00094,0.0282,,0.00672,5e-05,0.00363,0.00255,0.00013,,,0.0016,,,,6e-05,0.0016,8e-05,5e-15,,0.005,1e-246,,5.000000000000001e-66,0.2,2.0000000000000002e-28,6e-19,0.02,,,6e-17,,,,0.7,0.9,0.06,prka
prkag3,PRKAG3,Proteins,0.00047,0.99466,4e-05,0.00064,,0.00145,0.00012,0.00037,0.00011,0.00066,,,0.00012,,,,6e-05,0.00131,1e-05,0.05,,0.4,0.1,,5e-15,0.03,0.2,0.04,1e-07,,,0.02,,,,0.8,1.0,0.5,prka1
prkar1a,PRKAR1A,Proteins,0.00254,0.96175,0.00077,0.02182,,0.00537,0.00033,0.00317,0.00076,2e-05,,,0.00148,,,,7e-05,0.00188,3e-05,5e-14,,0.3,3e-189,,2e-53,0.0001,2.0000000000000002e-24,0.3,0.3,,,7e-16,,,,0.7,0.6,0.2,prka2
prkar2a,PRKAR2A,Proteins,0.00152,0.93171,0.00082,0.04123,,0.01004,3e-05,0.0074,0.00186,0.00027,,,0.00261,,,,0.00021,0.00228,2e-05,5e-05,,0.2,0.0,,6e-102,0.3,5.000000000000001e-66,2e-12,0.0005,,,6e-28,,,,0.08,0.04,0.4,prka3
prkcq,PRKCQ,Proteins,0.00072,0.99292,0.00057,0.00277,,0.00017,3e-05,0.0013,3e-05,8e-05,,,0.00014,,,,9e-05,0.00105,0.00013,0.03,,2e-06,1e-15,,0.008,0.3,8e-08,0.9,0.08,,,0.01,,,,0.6,1.0,0.02,prkc
prkd2,PRKD2,Proteins,0.0027,0.97903,0.00218,0.01037,,0.00078,0.00017,0.00176,0.0006,0.00045,,,0.00029,,,,2e-05,0.00159,6e-05,1.0000000000000001e-23,,2e-19,2e-80,,9e-09,0.008,1e-11,0.0002,1e-05,,,0.0004,,,,1.0,0.9,0.1,prkd
prkg1,PRKG1,Proteins,0.00139,0.94708,0.00067,0.03832,,0.0033,0.00016,0.00409,0.00109,0.00015,,,0.00124,,,,9e-05,0.00241,2e-05,6e-06,,0.3,0.0,,1e-33,0.008,6e-33,9e-06,0.01,,,1e-13,,,,0.6,0.02,0.3,prkg
prkra,PRKRA,Proteins,0.00167,0.92565,0.00249,0.02682,,0.01967,0.0,0.00537,0.01283,0.0014,,,0.00152,,,,4e-05,0.00252,0.0,3e-08,,4e-12,4e-240,,9e-193,0.7,2.0000000000000003e-45,4e-113,2e-15,,,1e-16,,,,0.9,0.06,1.0,prkr
prl,PRL,Proteins,0.00184,0.8997,0.03408,0.00695,,0.001,0.00069,0.00041,0.01564,0.01244,,,0.02514,,,,9e-05,0.00202,1e-05,3e-09,,4e-280,4e-58,,5e-12,9e-09,0.05,2.9999999999999998e-92,1.9999999999999998e-130,,,9e-260,,,,0.5,0.3,0.6,prl
prnd,PRND,Proteins,0.00588,0.97927,0.00097,0.00131,,0.00435,0.00028,0.00055,0.00079,0.0044,,,0.00087,,,,9e-05,0.00083,0.00042,2.0000000000000002e-29,,0.004,2e-05,,2e-43,0.0005,0.01,0.6,8e-44,,,7e-10,,,,0.6,1.0,2e-05,prnd
proc,PROC,Proteins,0.00463,0.92066,0.02446,0.00194,,0.01426,0.00121,0.00026,0.03051,8e-05,,,0.0005,,,,8e-05,0.0012,0.0002,4.0000000000000006e-34,,2e-77,9e-11,,3e-144,7e-14,0.4,1e-137,0.05,,,1e-06,,,,0.6,1.0,0.002,proc
procr,PROCR,Proteins,0.00077,0.99091,0.00251,0.00094,,0.00237,3e-05,0.00023,5e-05,0.00015,,,0.0003,,,,0.0002,0.00124,0.0003,0.0008,,2.0000000000000002e-24,0.006,,2.0000000000000002e-23,0.3,0.6,0.5,0.01,,,0.0004,,,,0.1,1.0,0.0004,proc1
prok1,PROK1,Proteins,0.01181,0.54348,0.04626,0.00207,,0.00662,0.00257,0.00087,0.379,0.00524,,,0.00011,,,,0.00011,0.00178,8e-05,4e-157,,0.0,3e-24,,5e-114,1.0000000000000001e-45,3e-10,0.0,7.999999999999999e-91,,,0.003,,,,0.1,0.0001,0.01,prok
pros1,PROS1,Proteins,0.00461,0.90788,0.02064,0.00362,,0.04012,0.00133,0.00208,0.01603,0.00071,,,0.00013,,,,4e-05,0.00132,0.00148,4e-21,,5.0000000000000004e-82,4.9999999999999996e-26,,0.0,2e-15,3e-16,1.0000000000000001e-34,7e-09,,,0.01,,,,0.9,0.9,6e-17,pros
prr4,PRR4,Proteins,0.03682,0.93835,0.00077,0.00349,,0.0124,0.00061,0.00456,0.00035,0.0006,,,0.00033,,,,0.0001,0.0014,0.00023,1e-304,,1e-05,7.000000000000001e-23,,5e-121,2e-07,3e-37,0.7,3e-07,,,0.0001,,,,0.5,0.9,0.002,prr4
prr5,PRR5,Proteins,0.00041,0.99649,0.00017,0.00049,,0.0,0.0,0.00028,2e-05,0.00061,,,0.0,,,,8e-05,0.00134,0.00011,0.05,,0.009,0.4,,0.8,0.9,0.4,0.4,5e-07,,,0.9,,,,0.7,1.0,0.03,prr5
prrt3,PRRT3,Proteins,0.03647,0.87645,0.00425,0.00246,,0.04737,2e-05,0.00069,0.02335,0.00174,,,0.00528,,,,0.00014,0.00137,0.00041,0.0,,1e-43,8e-16,,0.0,0.4,0.0005,3.0000000000000002e-239,8e-20,,,9.999999999999999e-57,,,,0.2,0.9,9e-06,prrt
prss2,PRSS2,Proteins,0.00524,0.97074,0.01366,0.00049,,4e-05,5e-05,0.00039,0.00103,0.00596,,,0.00075,,,,2e-05,0.00118,0.00045,2e-18,,6.0000000000000004e-123,0.4,,0.2,0.1,0.1,0.03,1e-58,,,9e-09,,,,1.0,1.0,9e-06,prss
prss22,PRSS22,Proteins,0.00282,0.96797,2e-05,0.00134,,0.00033,0.00048,0.00061,0.01671,0.00777,,,1e-05,,,,7e-05,0.00131,0.00055,3e-11,,0.4,2e-05,,0.0002,6e-06,0.006,3e-157,2e-74,,,0.5,,,,0.7,1.0,1e-06,prss1
prss27,PRSS27,Proteins,0.00386,0.98493,0.00101,0.00128,,0.00447,2e-05,0.00046,0.0001,0.00143,,,0.001,,,,9e-05,0.00128,6e-05,2e-14,,2e-10,4e-05,,1e-43,0.4,0.05,0.3,5e-15,,,6e-11,,,,0.6,1.0,0.1,prss2
prss53,PRSS53,Proteins,0.06395,0.92529,0.0044,0.00207,,9e-05,0.00034,0.00038,0.00197,0.0001,,,5e-05,,,,5e-05,0.00119,0.00012,0.0,,1e-36,7e-12,,0.04,8e-05,0.08,7e-12,0.03,,,0.1,,,,0.8,1.0,0.02,prss3
prss8,PRSS8,Proteins,0.02003,0.7242,0.03861,0.00578,,0.06896,0.00425,0.0004,0.06735,0.05628,,,0.00932,,,,0.00014,0.00195,0.00273,1e-194,,0.0,2e-59,,0.0,7.999999999999999e-56,0.02,0.0,0.0,,,8e-120,,,,0.2,0.02,1e-36,prss4
prtfdc1,PRTFDC1,Proteins,0.00112,0.95691,0.00091,0.03027,,0.00119,0.0002,0.00243,0.00082,5e-05,,,0.00373,,,,0.00011,0.00216,0.00012,4e-05,,0.02,3e-263,,6e-13,0.004,1e-17,0.3,0.1,,,4e-37,,,,0.4,0.3,0.03,prtf
prtg,PRTG,Proteins,0.01744,0.96,0.00819,0.00198,,0.00239,0.0004,0.00061,0.00701,0.00016,,,0.00029,,,,3e-05,0.00114,0.00037,2e-146,,2e-62,1e-10,,3.9999999999999997e-25,2e-05,0.004,5e-51,0.007,,,0.0003,,,,0.9,1.0,5e-05,prtg
prtn3,PRTN3,Proteins,0.00816,0.95745,0.00014,0.00669,,0.02076,0.00066,0.00134,0.00019,0.00119,,,0.00049,,,,0.0001,0.00171,0.00112,3e-33,,0.6,3e-49,,2e-194,1e-07,2e-08,0.1,8e-13,,,5e-06,,,,0.5,0.8,4e-12,prtn
prune2,PRUNE2,Proteins,0.00094,0.98168,0.00202,0.00081,,0.0095,0.00019,0.0006,0.00236,0.00025,,,0.0,,,,0.00016,0.00138,0.00012,0.004,,8e-17,0.02,,2e-90,0.004,0.007,5e-20,0.001,,,0.9,,,,0.2,0.9,0.02,prun
psap,PSAP,Proteins,0.00322,0.88364,0.04469,0.00282,,0.0378,0.00054,0.00113,0.00867,0.00719,,,0.00335,,,,0.00013,0.00158,0.00524,7e-13,,0.0,3e-19,,0.0,4e-07,9e-08,1e-83,4e-77,,,7e-37,,,,0.3,0.7,9.999999999999999e-57,psap
psapl1,PSAPL1,Proteins,0.01707,0.9446,0.00262,0.00203,,0.00669,0.0002,0.00257,0.02164,0.0,,,0.00071,,,,5e-05,0.00142,0.00043,2.9999999999999997e-140,,1.9999999999999998e-26,4e-11,,9e-68,0.003,1e-19,5e-212,1.0,,,1e-08,,,,0.8,0.9,1e-05,psap1
psca,PSCA,Proteins,0.00484,0.97879,0.00716,0.00109,,0.00144,0.00031,0.00027,0.00077,0.00211,,,0.0,,,,4e-05,0.00291,0.00028,3e-29,,2e-67,0.0005,,2e-15,0.0002,0.4,3e-06,7e-22,,,0.8,,,,0.9,0.0004,0.0005,psca
psg1,PSG1,Proteins,0.00229,0.92191,0.05347,0.00105,,0.00474,2e-05,0.00063,0.01173,0.0002,,,0.00076,,,,0.00014,0.001,0.00206,2e-15,,0.0,0.0004,,3e-49,0.3,0.002,1.0000000000000001e-112,0.003,,,4e-09,,,,0.3,1.0,2e-22,psg1
psip1,PSIP1,Proteins,0.00183,0.90024,0.00393,0.03971,,0.03385,6e-05,0.00476,0.00843,0.00141,,,0.00344,,,,0.0001,0.00183,0.00042,3e-07,,3e-18,0.0,,0.0,0.09,5e-42,2e-64,4e-16,,,4e-37,,,,0.5,0.4,9e-06,psip
psma1,PSMA1,Proteins,0.00146,0.99387,0.00082,0.00046,,0.00028,0.00028,0.00026,0.00012,0.00084,,,0.00024,,,,8e-05,0.00122,5e-05,1e-05,,7e-09,0.5,,0.0006,0.0006,0.4,0.04,3e-09,,,0.001,,,,0.6,1.0,0.2,psma
psmc3,PSMC3,Proteins,0.00101,0.99199,0.00079,0.00057,,0.00093,4e-05,0.00038,0.00262,0.00023,,,3e-05,,,,5e-05,0.00134,0.0,1e-05,,2e-08,0.2,,4e-10,0.2,0.1,1.9999999999999998e-25,0.002,,,0.2,,,,0.8,1.0,0.8,psmc
psmd1,PSMD1,Proteins,0.00081,0.94555,0.00297,0.03075,,0.00405,3e-05,0.00563,0.00805,0.0002,,,0.00043,,,,6e-05,0.00115,0.00032,0.005,,7e-28,9.999999999999999e-280,,7.999999999999999e-42,0.2,2e-48,5e-78,0.003,,,9e-06,,,,0.7,1.0,0.0001,psmd
psmd5,PSMD5,Proteins,0.00293,0.99181,0.00014,0.00214,,0.00055,1e-05,0.00046,0.00074,2e-05,,,4e-05,,,,0.00015,0.00101,0.0,9e-18,,0.1,7e-11,,2e-06,0.6,0.05,2e-07,0.3,,,0.2,,,,0.3,1.0,0.8,psmd1
psmd9,PSMD9,Proteins,0.00135,0.89659,0.00037,0.07393,,0.00238,0.00035,0.00508,0.01588,0.00168,,,0.0,,,,3e-05,0.00225,0.00012,0.0001,,0.8,0.0,,1.9999999999999998e-26,5e-05,3e-45,1e-160,5e-19,,,1.0,,,,0.9,0.1,0.02,psmd2
psme1,PSME1,Proteins,0.00211,0.90184,0.00165,0.04701,,0.01072,9e-05,0.0062,0.02463,0.00126,,,0.00199,,,,0.0003,0.00195,0.00025,2e-08,,0.01,0.0,,6e-111,0.04,8.999999999999998e-56,3e-235,2e-14,,,4e-22,,,,0.01,0.4,0.0007,psme
psme2,PSME2,Proteins,0.00158,0.87932,0.00135,0.06176,,0.01222,0.00049,0.00689,0.03008,0.00164,,,0.00184,,,,8e-05,0.00213,0.0006,7e-05,,6e-10,0.0,,9.999999999999999e-129,1e-06,4.9999999999999997e-64,4.0000000000000005e-305,7e-19,,,5e-21,,,,0.6,0.1,9e-08,psme1
psmg3,PSMG3,Proteins,0.0027,0.87856,0.00065,0.06168,,0.00971,0.00061,0.00568,0.03387,0.00276,,,0.00106,,,,0.00027,0.00228,0.00017,3e-07,,0.3,0.0,,8e-104,5e-08,2e-52,0.0,7.000000000000001e-31,,,7e-13,,,,0.02,0.03,0.004,psmg
psmg4,PSMG4,Proteins,0.00217,0.89334,0.00089,0.06306,,0.00579,0.00083,0.00475,0.02298,0.00197,,,0.00206,,,,4e-05,0.00168,0.00043,3e-05,,3e-06,0.0,,2.0000000000000002e-60,5e-10,3e-41,3e-228,9e-22,,,1e-22,,,,0.8,0.5,7e-06,psmg1
pspn,PSPN,Proteins,0.00558,0.50465,0.00306,0.00147,,0.04961,0.00142,0.00095,0.41938,0.01052,,,1e-05,,,,0.00011,0.0031,0.00014,2.9999999999999998e-40,,8.000000000000001e-34,6e-17,,0.0,7e-28,2e-12,0.0,4.9999999999999995e-193,,,0.3,,,,0.1,5e-20,0.0005,pspn
psrc1,PSRC1,Proteins,0.00851,0.95432,0.00177,0.01382,,0.01229,0.00085,0.00349,0.00165,0.00038,,,0.00023,,,,0.0002,0.00235,0.00013,4e-65,,4e-08,2.9999999999999998e-114,,4e-118,1e-09,5e-27,6e-07,5e-05,,,0.001,,,,0.1,0.2,0.02,psrc
pstpip2,PSTPIP2,Proteins,0.00445,0.95219,0.00097,0.02905,,0.00287,9e-05,0.0032,0.00089,9e-05,,,0.004,,,,5e-05,0.00208,8e-05,4.0000000000000004e-24,,0.06,4e-246,,2.0000000000000002e-28,0.05,9e-24,0.9,0.05,,,7e-39,,,,0.8,0.2,0.07,pstp
pten,PTEN,Proteins,0.00061,0.98605,0.00034,0.00848,,0.00044,0.0,0.00099,0.00032,0.0,,,0.00066,,,,0.00015,0.00195,0.0,0.01,,0.1,9.999999999999999e-64,,2e-05,0.7,2e-05,0.3,0.8,,,1e-07,,,,0.3,0.6,0.7,pten
ptgds,PTGDS,Proteins,0.00813,0.8486,0.03714,0.00436,,0.02244,0.00131,0.00045,0.07108,0.00062,,,0.00088,,,,0.0001,0.0013,0.00358,2e-44,,0.0,9e-35,,8e-241,7e-16,0.02,0.0,3e-08,,,4e-11,,,,0.4,1.0,2e-40,ptgd
ptges2,PTGES2,Proteins,0.00269,0.96186,0.00139,0.01398,,0.01072,3e-05,0.00119,0.00657,0.00011,,,9e-05,,,,1e-05,0.00114,0.00022,3e-11,,5e-10,1e-113,,8e-102,0.3,4e-07,1e-58,0.03,,,0.05,,,,1.0,1.0,0.002,ptge
ptgr1,PTGR1,Proteins,0.01428,0.87755,0.00349,0.01083,,0.06421,0.00181,0.00156,0.01933,0.00543,,,0.00017,,,,6e-05,0.00125,0.0,3e-60,,9.999999999999999e-26,4e-99,,0.0,4e-21,7e-12,9.999999999999999e-193,1e-59,,,0.004,,,,0.7,1.0,0.8,ptgr
pth,PTH,Proteins,0.00869,0.87716,0.0124,0.01252,,0.04303,0.00128,0.00337,0.01559,0.0,,,0.02346,,,,0.0002,0.0018,0.00049,5e-33,,2e-95,6e-113,,0.0,6e-15,1.0000000000000001e-28,3e-128,0.7,,,2e-242,,,,0.09,0.3,1e-06,pth
pth1r,PTH1R,Proteins,0.0067,0.96981,0.01057,0.0016,,0.00585,7e-05,0.00098,0.00203,0.00057,,,7e-05,,,,9e-05,0.00112,0.00053,3e-48,,2e-93,2e-07,,1e-57,0.07,1e-05,6e-12,5e-07,,,0.09,,,,0.5,1.0,1e-06,pth1
ptk7,PTK7,Proteins,0.00369,0.98608,0.00141,0.00034,,0.00054,2e-05,0.00043,0.00502,7e-05,,,1e-05,,,,0.00015,0.00119,0.00105,9.999999999999999e-27,,0.0001,0.8,,2e-06,0.4,0.08,3e-38,0.08,,,0.6,,,,0.3,1.0,3e-11,ptk7
ptn,PTN,Proteins,0.00315,0.86501,0.07214,0.00452,,0.00645,0.00168,0.00129,0.03981,0.00115,,,0.00051,,,,0.0001,0.00112,0.00307,7e-18,,0.0,3e-35,,2e-69,2e-19,4e-09,0.0,1e-13,,,7e-07,,,,0.4,1.0,5e-34,ptn
ptp4a3,PTP4A3,Proteins,0.00159,0.90185,0.00669,0.01061,,0.05112,0.0035,0.00217,0.01853,0.00046,,,0.00131,,,,0.00015,0.00164,0.00039,2e-06,,9.000000000000001e-45,1e-90,,0.0,6e-37,2e-16,1.0000000000000001e-162,4e-06,,,8e-15,,,,0.2,0.6,2e-05,ptp4
ptpn1,PTPN1,Proteins,0.0014,0.93676,0.00046,0.04322,,0.00579,2e-05,0.0075,0.00061,0.00083,,,0.00057,,,,8e-05,0.00274,1e-05,2e-06,,0.3,0.0,,9e-59,0.3,8.000000000000001e-66,0.005,1e-09,,,4e-07,,,,0.6,0.007,0.4,ptpn
ptpn6,PTPN6,Proteins,0.00113,0.9604,0.00133,0.02204,,0.00022,0.00018,0.00206,0.001,5e-05,,,0.00707,,,,0.00077,0.00358,0.00018,2e-05,,9e-12,1.9999999999999998e-192,,0.002,0.005,9e-15,2e-08,0.1,,,5e-70,,,,2e-06,2e-06,0.005,ptpn1
ptpn9,PTPN9,Proteins,0.00067,0.99644,8e-05,0.00064,,1e-05,3e-05,0.00012,0.00013,0.00028,,,0.0,,,,0.00017,0.00121,0.00022,0.0004,,0.9,0.1,,0.5,0.3,0.9,0.2,0.0006,,,1.0,,,,0.2,1.0,0.003,ptpn2
ptprb,PTPRB,Proteins,0.00489,0.89712,0.01954,0.00167,,0.01367,0.00022,0.00317,0.0349,0.02295,,,0.00061,,,,0.00015,0.0011,2e-05,2.0000000000000002e-24,,4e-132,4e-09,,2e-143,0.001,7e-27,1e-288,2e-238,,,7e-08,,,,0.2,1.0,0.3,ptpr
ptprc,PTPRC,Proteins,0.0025,0.93851,0.01146,0.00185,,0.03115,0.00011,0.00029,0.01002,0.00198,,,0.0001,,,,7e-05,0.00108,0.00088,4e-16,,7e-86,6e-10,,2.0000000000000002e-307,0.03,0.3,1e-71,2e-21,,,0.03,,,,0.7,1.0,2e-10,ptpr1
ptprf,PTPRF,Proteins,0.01627,0.89612,0.02284,0.00183,,0.01789,3e-05,0.00087,0.03767,4e-05,,,0.00479,,,,0.00014,0.00122,0.00029,3e-128,,2e-183,2e-10,,5.000000000000001e-187,0.3,2e-05,0.0,0.2,,,9e-52,,,,0.2,1.0,0.0002,ptpr2
ptprh,PTPRH,Proteins,0.00398,0.94252,0.00281,0.00083,,0.00747,0.0,0.00033,0.03094,0.01014,,,2e-05,,,,8e-05,0.00086,2e-05,1e-16,,7e-16,0.009,,2.0000000000000002e-75,0.8,0.2,7.999999999999999e-290,9e-102,,,0.4,,,,0.6,1.0,0.4,ptpr3
ptprk,PTPRK,Proteins,0.00301,0.96814,0.00642,0.00142,,0.01627,0.00011,0.00025,0.0016,1e-05,,,0.0,,,,0.0001,0.00097,0.00171,1e-19,,6e-63,3e-06,,2e-157,0.03,0.4,2e-16,0.6,,,0.7,,,,0.5,1.0,4e-18,ptpr4
ptprm,PTPRM,Proteins,0.00514,0.93833,0.01702,0.00163,,0.01615,4e-05,0.00058,0.01745,0.00176,,,0.00014,,,,5e-05,0.00138,0.00033,4e-18,,5.9999999999999995e-142,5e-08,,9e-160,0.2,0.006,3e-146,4e-19,,,0.01,,,,0.8,1.0,0.0001,ptpr5
ptprn2,PTPRN2,Proteins,0.00509,0.91251,0.00564,0.03817,,0.02513,0.00047,0.00319,0.00563,0.00012,,,0.00075,,,,3e-05,0.00179,0.00148,9e-14,,7e-53,0.0,,2e-251,3e-06,6e-26,9e-53,0.02,,,4e-09,,,,0.9,0.6,1e-16,ptpr6
ptprr,PTPRR,Proteins,0.0047,0.89606,0.00434,0.03892,,0.03162,0.00111,0.0037,0.01124,0.00617,,,0.00042,,,,0.00016,0.00137,0.00019,1e-20,,6e-13,0.0,,0.0,3e-13,3.9999999999999997e-32,7e-85,5.000000000000001e-66,,,8e-06,,,,0.2,0.9,0.003,ptpr7
ptprs,PTPRS,Proteins,0.00442,0.97841,0.00115,0.00247,,0.0001,3e-05,0.00072,0.00832,0.00263,,,0.0005,,,,8e-05,0.00105,0.00011,1e-13,,3e-12,3e-14,,0.03,0.3,0.0009,9e-81,5e-27,,,3e-06,,,,0.6,1.0,0.03,ptpr8
ptprz1,PTPRZ1,Proteins,0.00291,0.77663,0.11116,0.0011,,0.04135,2e-05,0.00039,0.06268,0.00038,,,0.00098,,,,7e-05,0.00124,0.00108,2e-10,,0.0,5e-06,,0.0,0.3,0.03,0.0,5e-06,,,2e-13,,,,0.5,0.9,1e-14,ptpr9
ptrhd1,PTRHD1,Proteins,0.00123,0.94832,0.00097,0.03177,,0.00374,0.0,0.0041,0.0023,0.0,,,0.00514,,,,0.00012,0.00225,6e-05,0.002,,0.3,3e-281,,8e-38,0.8,6e-33,1e-14,0.7,,,3e-51,,,,0.4,0.07,0.1,ptrh
pts,PTS,Proteins,0.00126,0.85615,0.01458,0.01421,,0.08825,0.00213,0.00348,0.01746,1e-05,,,0.00012,,,,5e-05,0.0019,0.0004,3e-06,,2.9999999999999998e-114,8e-132,,0.0,3e-24,3e-30,3e-144,0.5,,,0.02,,,,0.8,0.4,1e-05,pts
pttg1,PTTG1,Proteins,0.00028,0.99726,8e-05,0.00077,,4e-05,0.0,0.00045,6e-05,2e-05,,,0.0,,,,3e-05,0.001,1e-05,0.07,,0.06,0.04,,0.2,0.8,0.06,0.1,0.3,,,0.9,,,,1.0,1.0,0.5,pttg
ptx3,PTX3,Proteins,0.01431,0.96042,0.00167,0.00359,,0.00639,0.0003,0.00059,0.00431,1e-05,,,0.00619,,,,0.00012,0.00118,0.00091,4.0000000000000003e-112,,0.2,1.0000000000000001e-23,,1.9999999999999999e-63,0.0002,0.006,1e-27,0.5,,,2e-61,,,,0.4,1.0,2e-10,ptx3
pvalb,PVALB,Proteins,0.01034,0.97043,0.0006,0.01127,,2e-05,9e-05,0.0011,0.00065,0.00097,,,0.00263,,,,0.00014,0.00177,0.0,5.999999999999999e-70,,0.1,4e-92,,0.4,0.04,1e-06,0.04,6e-11,,,5e-27,,,,0.3,0.8,0.9,pval
pvr,PVR,Proteins,0.01109,0.97397,0.00259,0.00216,,0.00409,0.00085,0.00049,0.0002,0.00219,,,0.00046,,,,5e-05,0.00136,0.0005,6e-98,,7.999999999999999e-25,9e-12,,5e-41,8e-10,0.03,0.7,8.000000000000001e-23,,,7e-06,,,,0.8,1.0,3e-06,pvr
pxdnl,PXDNL,Proteins,0.00138,0.98813,0.00221,0.00076,,1e-05,2e-05,0.00018,0.00538,0.00032,,,3e-05,,,,5e-05,0.00126,0.00026,2e-09,,9e-19,0.03,,0.6,0.3,0.7,1e-48,0.0002,,,0.2,,,,0.8,1.0,0.0008,pxdn
pxn,PXN,Proteins,0.00268,0.90235,0.00695,0.03126,,0.03589,0.00033,0.00368,0.00717,0.00183,,,0.00518,,,,0.00014,0.00161,0.00093,2e-08,,5.000000000000001e-66,3e-289,,0.0,9e-05,9.999999999999999e-31,3e-68,3e-20,,,7e-54,,,,0.2,0.8,5e-11,pxn
pydc1,PYDC1,Proteins,0.01113,0.93941,0.00358,0.0012,,0.00505,0.00021,0.00099,0.03617,5e-05,,,7e-05,,,,0.00024,0.00138,0.00052,1e-74,,9.999999999999999e-33,6e-05,,9e-51,0.002,7e-06,0.0,0.1,,,0.07,,,,0.06,1.0,1e-06,pydc
pyy,PYY,Proteins,0.01292,0.88127,0.0175,0.01093,,0.00771,0.04656,0.00055,0.00888,0.00128,,,0.00963,,,,4e-05,0.00168,0.00105,3e-109,,2e-177,5e-96,,8.000000000000001e-81,0.0,0.006,5e-90,7e-15,,,2e-100,,,,0.9,0.6,2e-12,pyy
pzp,PZP,Proteins,0.00236,0.51428,0.00087,0.00058,,0.00508,6e-05,0.00083,0.46554,0.00445,,,0.0,,,,0.00016,0.00563,0.00015,1.0000000000000001e-24,,1e-09,0.0004,,6e-94,0.02,2e-10,0.0,1.0000000000000001e-82,,,0.9,,,,0.02,1.9999999999999999e-56,0.0004,pzp
qdpr,QDPR,Proteins,0.003,0.92599,0.00208,0.02766,,0.01989,0.00038,0.00434,0.0072,0.00078,,,0.00683,,,,0.0001,0.00175,1e-05,2e-10,,0.1,3e-251,,2e-197,3e-05,2.9999999999999998e-36,3e-53,3e-09,,,2e-69,,,,0.5,0.7,0.5,qdpr
qpct,QPCT,Proteins,0.02626,0.92735,0.00208,0.00364,,0.03385,8e-05,0.00073,0.00326,0.00016,,,0.00064,,,,0.00011,0.00126,0.00058,8e-111,,1e-14,3e-25,,0.0,0.06,0.0004,1.9999999999999998e-26,0.007,,,6e-08,,,,0.4,1.0,3e-07,qpct
qsox1,QSOX1,Proteins,0.00295,0.94229,0.0153,0.00141,,0.02012,0.00125,0.00038,0.00623,0.00631,,,0.00064,,,,0.00036,0.00141,0.00135,2e-11,,1e-136,2e-06,,5e-196,8e-14,0.1,4.0000000000000005e-49,3e-63,,,9e-08,,,,0.006,0.9,7e-15,qsox
rab10,RAB10,Proteins,0.0021,0.97084,0.0012,0.01397,,0.00313,0.00024,0.00291,0.00122,0.0,,,0.0023,,,,6e-05,0.00201,2e-05,1e-07,,0.9,2e-117,,6e-32,0.001,3e-22,0.3,0.9,,,6e-24,,,,0.7,0.4,0.4,rab1
rab11fip3,RAB11FIP3,Proteins,0.00165,0.92998,0.0015,0.0483,,0.00504,0.00018,0.006,0.00185,2e-05,,,0.0022,,,,0.0001,0.00297,0.00022,2e-07,,0.05,0.0,,2e-52,0.004,8e-53,7e-06,0.4,,,7.000000000000001e-24,,,,0.5,0.0003,0.002,rab11
rab27b,RAB27B,Proteins,0.00198,0.95871,0.0011,0.02238,,0.00329,0.00038,0.00486,0.00071,0.00014,,,0.00307,,,,0.00026,0.00303,9e-05,8e-07,,2e-05,1e-197,,6e-34,3e-05,2e-40,0.3,0.01,,,8.999999999999999e-32,,,,0.04,0.0004,0.05,rab2
rab2b,RAB2B,Proteins,0.00171,0.96278,0.00084,0.02526,,0.00107,0.00014,0.00294,0.00083,7e-05,,,0.00162,,,,6e-05,0.00267,2e-05,0.0001,,0.03,9.999999999999999e-223,,5e-12,0.01,1e-22,0.05,0.09,,,2e-17,,,,0.7,0.002,0.3,rab21
rab33a,RAB33A,Proteins,0.00151,0.9545,0.00122,0.03204,,0.00106,0.00071,0.00406,0.00045,4e-05,,,0.00133,,,,5e-05,0.00299,5e-05,2e-05,,4e-09,3e-279,,1e-11,3e-08,4.999999999999999e-32,0.3,0.2,,,3e-14,,,,0.8,0.001,0.1,rab3
rab37,RAB37,Proteins,0.00244,0.97413,0.00761,0.00987,,0.00023,0.00051,0.00115,0.0001,0.00055,,,0.00099,,,,7e-05,0.00193,0.00042,7e-17,,8e-73,5.0000000000000004e-77,,0.002,3e-06,8e-07,0.04,1e-06,,,7e-11,,,,0.7,0.5,2e-05,rab31
rab39b,RAB39B,Proteins,0.00075,0.99048,0.0004,0.00277,,0.00134,1e-05,0.00117,0.00128,1e-05,,,0.00014,,,,0.0001,0.00142,0.00015,0.002,,0.0002,1e-15,,7e-14,0.6,9e-07,9e-13,0.5,,,0.02,,,,0.5,1.0,0.01,rab32
rab3gap1,RAB3GAP1,Proteins,0.00053,0.99476,0.00065,0.00146,,1e-05,7e-05,0.00057,6e-05,0.00025,,,8e-05,,,,0.00013,0.00143,0.0,0.008,,2e-07,4e-06,,0.6,0.08,0.01,0.1,0.001,,,0.06,,,,0.4,1.0,0.9,rab33
rab44,RAB44,Proteins,0.00229,0.94015,0.00138,0.03407,,0.01114,0.00023,0.00281,0.00196,0.00138,,,0.00171,,,,9e-05,0.00203,0.00077,1e-11,,3e-15,1e-311,,9e-112,0.001,5e-22,4e-21,2e-15,,,1e-18,,,,0.5,0.1,3e-09,rab4
rab6a,RAB6A,Proteins,0.00361,0.93324,0.00263,0.01192,,0.00556,0.00027,0.00081,0.03121,0.00746,,,0.00012,,,,0.00044,0.00192,0.0008,3e-14,,0.2,9e-102,,6e-57,0.0005,0.0001,2e-281,1.0000000000000001e-75,,,0.02,,,,0.001,0.4,1e-09,rab6
rab6b,RAB6B,Proteins,0.00086,0.99585,0.0001,0.00084,,5e-05,3e-05,0.00015,0.00038,2e-05,,,0.00031,,,,0.00023,0.00116,1e-05,2e-06,,0.04,0.02,,0.1,0.3,0.8,7e-05,0.3,,,0.0003,,,,0.09,1.0,0.5,rab61
rabep1,RABEP1,Proteins,0.00162,0.90834,0.00111,0.06416,,0.00574,3e-05,0.01192,0.00183,0.00019,,,0.00196,,,,9e-05,0.00296,5e-05,1e-05,,0.0001,0.0,,2e-59,0.3,1.9999999999999998e-110,5e-12,0.003,,,2e-21,,,,0.5,8e-05,0.1,rabe
rabepk,RABEPK,Proteins,0.00517,0.98089,0.00084,0.0063,,0.00229,0.00013,0.00044,0.00028,4e-05,,,0.00194,,,,0.0001,0.00151,6e-05,8.000000000000001e-45,,9e-07,4.0000000000000006e-45,,6e-23,0.02,0.07,0.8,0.2,,,1e-19,,,,0.5,1.0,0.1,rabe1
rabgap1l,RABGAP1L,Proteins,0.00282,0.92452,0.00106,0.04623,,0.00516,0.00012,0.00604,0.00662,0.00063,,,0.00384,,,,0.00016,0.0028,1e-05,1e-18,,3e-05,0.0,,1e-52,0.02,5e-52,3e-60,1e-07,,,1.0000000000000001e-39,,,,0.2,0.002,0.6,rabg
rac3,RAC3,Proteins,0.00071,0.99589,0.00031,0.00073,,0.0001,2e-05,0.0002,0.00113,5e-05,,,4e-05,,,,1e-05,0.00079,1e-05,0.005,,0.0004,0.06,,0.04,0.4,0.7,6e-12,0.1,,,0.2,,,,1.0,1.0,0.6,rac3
rad23b,RAD23B,Proteins,0.00338,0.9623,0.00113,0.02302,,0.00093,7e-05,0.00254,0.00113,3e-05,,,0.00311,,,,0.00022,0.00212,3e-05,1e-20,,1e-07,3.0000000000000004e-196,,2e-10,0.08,2e-18,1e-07,0.3,,,4e-31,,,,0.09,0.5,0.3,rad2
rad51,RAD51,Proteins,0.00129,0.9833,0.00094,0.0061,,0.00201,0.00018,0.00086,0.00302,0.00053,,,5e-05,,,,0.00026,0.00129,0.00018,1e-07,,1e-09,5.999999999999999e-44,,2e-20,0.005,0.0001,2.0000000000000002e-29,2e-06,,,0.2,,,,0.05,1.0,0.006,rad5
ralb,RALB,Proteins,0.00112,0.99329,0.00034,0.00246,,0.00024,0.00011,0.00035,4e-05,0.00065,,,6e-05,,,,9e-05,0.00113,0.00013,0.003,,0.0004,4e-13,,0.002,0.04,0.2,0.7,2e-07,,,0.1,,,,0.6,1.0,0.02,ralb
raly,RALY,Proteins,0.00137,0.96936,0.00128,0.0092,,0.01076,0.00029,0.00158,0.00267,0.00149,,,0.0,,,,7e-05,0.0013,0.00064,6e-07,,6e-09,2e-73,,7e-105,0.0004,1e-10,2e-22,5e-16,,,0.9,,,,0.7,1.0,1e-07,raly
ranbp1,RANBP1,Proteins,0.001,0.93115,0.00101,0.043,,0.00205,0.00028,0.00348,0.01227,0.00043,,,0.00273,,,,0.00013,0.00246,0.0,0.01,,0.01,0.0,,9e-22,0.0004,8.000000000000001e-28,8e-113,1e-05,,,2.0000000000000002e-28,,,,0.3,0.03,0.7,ranb
ranbp2,RANBP2,Proteins,0.00068,0.99252,0.00042,0.00049,,0.00236,3e-05,0.00027,0.00052,0.00085,,,6e-05,,,,0.00029,0.00151,0.0,0.003,,8e-05,0.4,,2.0000000000000002e-23,0.2,0.4,9e-06,2e-09,,,0.1,,,,0.03,0.9,1.0,ranb1
rangap1,RANGAP1,Proteins,0.00123,0.99234,0.00111,0.0009,,0.00092,0.00011,7e-05,4e-05,0.00178,,,2e-05,,,,0.00013,0.00135,0.0,4e-06,,2e-11,0.009,,5e-10,0.03,1.0,0.7,5e-18,,,0.4,,,,0.4,1.0,1.0,rang
rap1a,RAP1A,Proteins,0.00415,0.98463,0.00112,0.00195,,5e-05,0.00056,0.0004,0.00136,0.00436,,,2e-05,,,,2e-05,0.0013,7e-05,4.0000000000000004e-23,,6e-12,1e-09,,0.2,1e-06,0.1,4e-14,5e-42,,,0.3,,,,1.0,1.0,0.08,rap1
rapgef2,RAPGEF2,Proteins,0.00261,0.95443,0.00121,0.02998,,0.00175,0.0002,0.0047,0.00133,0.0,,,0.00134,,,,8e-05,0.00232,4e-05,5e-15,,2e-06,8e-265,,1e-18,0.003,2e-38,1e-07,0.8,,,1e-14,,,,0.6,0.03,0.2,rapg
rarres1,RARRES1,Proteins,0.00308,0.97016,0.01246,0.00107,,0.00166,0.00052,0.0005,0.00732,0.00028,,,0.00035,,,,4e-05,0.00161,0.00096,3e-20,,3e-117,0.0008,,3e-17,3e-06,0.03,1e-69,0.0006,,,0.0001,,,,0.9,1.0,1e-10,rarr
rarres2,RARRES2,Proteins,0.01194,0.78847,0.02261,0.0059,,0.14388,0.0,0.00033,0.01581,0.00762,,,0.00019,,,,0.00013,0.00229,0.00083,2.9999999999999995e-54,,8.999999999999999e-243,1e-55,,0.0,0.9,0.09,2e-164,1.9999999999999998e-91,,,0.001,,,,0.2,0.004,2e-11,rarr1
rasa1,RASA1,Proteins,0.00102,0.99622,2e-05,0.0004,,0.0,0.00014,0.00042,7e-05,0.00027,,,2e-05,,,,7e-05,0.00132,1e-05,6e-05,,0.4,0.7,,0.7,0.01,0.09,0.09,0.0008,,,0.3,,,,0.7,1.0,0.5,rasa
rasgrf1,RASGRF1,Proteins,0.00046,0.99709,1e-05,0.00049,,2e-05,0.0,0.00024,0.00015,1e-05,,,9e-05,,,,9e-05,0.00135,0.0,0.09,,0.7,0.4,,0.4,0.9,0.5,0.02,0.5,,,0.06,,,,0.6,1.0,0.8,rasg
rassf2,RASSF2,Proteins,0.00206,0.89949,0.00448,0.05057,,0.02345,0.0001,0.00659,0.00401,0.00395,,,0.00276,,,,6e-05,0.00197,0.00051,4e-12,,3e-45,0.0,,2e-235,0.03,9e-59,2e-40,1e-41,,,1.0000000000000001e-29,,,,0.7,0.5,1e-06,rass
rbfox3,RBFOX3,Proteins,0.00979,0.74647,0.10148,0.00287,,0.07204,0.00176,0.00149,0.05108,0.0034,,,0.00019,,,,0.00014,0.00111,0.00819,1.0000000000000001e-75,,0.0,7.999999999999999e-25,,0.0,9e-24,1e-13,0.0,2e-44,,,0.001,,,,0.1,0.9,5e-104,rbfo
rbks,RBKS,Proteins,0.00543,0.8631,0.00753,0.03342,,0.03161,0.00156,0.00487,0.04755,0.00148,,,0.00159,,,,0.00011,0.00175,0.0,3e-46,,2e-40,5e-324,,0.0,4e-18,4.999999999999999e-44,0.0,3e-17,,,2e-18,,,,0.4,0.6,0.7,rbks
rbm17,RBM17,Proteins,0.00206,0.96991,0.00064,0.01709,,0.00207,6e-05,0.00224,0.00041,0.00031,,,0.00358,,,,5e-05,0.00158,1e-05,4e-09,,0.0004,3e-146,,1e-21,0.1,3e-16,0.2,0.0002,,,2.9999999999999998e-36,,,,0.8,0.8,0.5,rbm1
rbm19,RBM19,Proteins,0.00139,0.99394,0.00013,0.00232,,7e-05,2e-05,0.00034,3e-05,4e-05,,,0.00011,,,,9e-05,0.00137,0.00015,2e-09,,0.03,4e-12,,0.08,0.4,0.2,0.3,0.2,,,0.03,,,,0.6,1.0,0.01,rbm11
rbm25,RBM25,Proteins,0.00071,0.99627,9e-05,0.0004,,0.00039,6e-05,0.00036,0.0,0.00018,,,0.0,,,,9e-05,0.00145,0.0,0.005,,0.05,0.7,,5e-05,0.1,0.2,0.7,0.007,,,0.9,,,,0.6,0.9,0.8,rbm2
rbp1,RBP1,Proteins,0.00334,0.98861,0.00162,0.00087,,3e-05,1e-05,0.0002,0.00121,0.00177,,,0.00037,,,,5e-05,0.00108,0.00082,3.9999999999999997e-25,,2e-05,0.01,,0.2,0.4,0.7,0.2,5e-18,,,7e-05,,,,0.8,1.0,4e-09,rbp1
rbp2,RBP2,Proteins,0.00526,0.91688,0.02257,0.00374,,0.00248,0.03376,0.00056,0.00266,0.00925,,,0.0,,,,0.00011,0.00123,0.00149,4.999999999999999e-32,,4e-223,1.9999999999999998e-26,,9e-27,0.0,0.007,6.9999999999999995e-25,8e-95,,,1.0,,,,0.4,1.0,1e-16,rbp2
rbp5,RBP5,Proteins,0.01686,0.76423,0.02288,0.00291,,0.1487,0.0076,0.00073,0.02674,0.00397,,,0.00211,,,,8e-05,0.00156,0.00164,3e-186,,9.999999999999999e-200,3e-24,,0.0,1e-93,3e-05,2.9999999999999998e-245,7.999999999999999e-50,,,3e-27,,,,0.5,0.6,1e-21,rbp5
rbp7,RBP7,Proteins,0.01641,0.84167,0.01986,0.04162,,0.06101,0.00028,0.00349,0.00835,0.00069,,,0.00236,,,,6e-05,0.00182,0.0024,5e-171,,1.0000000000000001e-214,0.0,,0.0,0.0002,3.9999999999999997e-32,4e-89,3e-09,,,6e-28,,,,0.7,0.1,2.0000000000000002e-28,rbp7
rbpms,RBPMS,Proteins,0.00158,0.99042,0.00059,0.00202,,0.00173,0.0001,0.00073,0.00074,0.00071,,,7e-05,,,,7e-05,0.00104,0.0002,5e-07,,4e-06,6e-10,,1e-17,0.04,0.001,1e-07,4e-08,,,0.08,,,,0.7,1.0,0.004,rbpm
rbpms2,RBPMS2,Proteins,0.00213,0.93378,0.00087,0.04668,,0.00629,0.00011,0.00638,0.00072,1e-05,,,0.0002,,,,9e-05,0.00272,2e-05,3e-09,,0.007,0.0,,3.9999999999999997e-63,0.02,9.999999999999999e-55,0.7,0.6,,,0.003,,,,0.5,0.005,0.4,rbpm1
rcc1,RCC1,Proteins,0.00131,0.97311,0.00447,0.00283,,0.01325,0.00028,0.00072,0.00109,0.00069,,,6e-05,,,,9e-05,0.00104,0.00106,0.001,,1e-41,4e-17,,4.999999999999999e-128,0.0004,0.0009,5e-09,4e-08,,,0.1,,,,0.5,1.0,8e-12,rcc1
rcor1,RCOR1,Proteins,0.00079,0.9706,0.00106,0.004,,0.0147,2e-05,0.00144,0.00442,1e-05,,,0.00056,,,,0.00019,0.00184,0.00036,0.002,,0.02,3.9999999999999996e-26,,9.999999999999999e-139,0.4,4e-09,1.0000000000000001e-34,0.5,,,9e-07,,,,0.1,0.7,7e-05,rcor
reck,RECK,Proteins,0.00344,0.87002,0.00303,0.00366,,0.00219,1e-05,0.00065,0.11186,0.00346,,,4e-05,,,,0.00011,0.00152,3e-05,5e-23,,7e-21,6e-27,,1.0000000000000001e-24,0.6,0.001,0.0,5e-38,,,0.2,,,,0.4,0.8,0.2,reck
reep4,REEP4,Proteins,0.00134,0.94281,0.00061,0.04084,,0.0027,0.00023,0.0073,0.00041,1e-05,,,0.00083,,,,4e-05,0.00287,0.0,0.0002,,1e-05,0.0,,2.0000000000000002e-28,0.001,2e-64,0.002,0.5,,,8e-10,,,,0.9,0.0004,1.0,reep
reg1a,REG1A,Proteins,0.01001,0.92134,0.04133,0.00141,,0.00455,8e-05,0.00056,0.0034,0.01059,,,0.00186,,,,0.00015,0.00133,0.00339,8e-73,,0.0,1e-06,,5e-47,0.05,0.007,9.999999999999999e-26,7e-107,,,3e-20,,,,0.2,1.0,2e-35,reg1
reg1b,REG1B,Proteins,0.01009,0.93598,0.03387,0.00117,,0.00124,0.00053,0.00046,0.0038,0.00899,,,2e-05,,,,7e-05,0.00137,0.00242,2e-80,,0.0,6e-05,,5e-14,9e-07,0.03,7e-32,1.9999999999999998e-91,,,0.3,,,,0.7,1.0,4.9999999999999996e-26,reg11
reg3a,REG3A,Proteins,0.00494,0.89947,0.06312,0.00318,,0.00347,0.00046,0.00048,0.01162,0.00659,,,0.00024,,,,4e-05,0.00135,0.00503,1e-33,,0.0,2e-22,,6e-38,3e-06,0.02,1e-119,2.9999999999999995e-70,,,0.0007,,,,0.9,1.0,3.9999999999999995e-54,reg3
reg3g,REG3G,Proteins,0.00146,0.97836,0.00189,0.00096,,0.0003,0.00013,0.00069,0.01378,0.00092,,,0.0003,,,,0.00011,0.00086,0.00026,2e-06,,2e-18,0.003,,0.0003,0.02,0.002,5e-131,2e-10,,,0.0003,,,,0.5,1.0,0.0007,reg31
reg4,REG4,Proteins,0.00293,0.88583,0.08123,0.00186,,8e-05,0.00069,0.00039,0.00211,0.02004,,,0.00026,,,,4e-05,0.0014,0.00313,3e-12,,0.0,1e-10,,0.04,8e-09,0.06,5e-09,3e-209,,,0.0004,,,,0.9,0.9,1.0000000000000001e-34,reg4
relb,RELB,Proteins,0.00146,0.9963,0.00015,0.00063,,0.0,6e-05,0.00023,0.0,3e-05,,,7e-05,,,,3e-05,0.00103,1e-05,5e-10,,0.01,0.2,,0.7,0.1,0.6,0.9,0.3,,,0.08,,,,0.9,1.0,0.5,relb
relt,RELT,Proteins,0.00527,0.73205,0.03027,0.00231,,0.06128,0.00327,0.0007,0.14568,0.00594,,,0.00726,,,,0.00012,0.00137,0.00446,3e-35,,0.0,6e-19,,0.0,3e-43,3e-05,0.0,6e-77,,,1e-93,,,,0.2,0.7,2e-58,relt
ren,REN,Proteins,0.00601,0.86678,0.00803,0.00324,,0.02178,0.00042,0.00069,0.07774,0.01038,,,0.0,,,,3e-05,0.00082,0.00406,2.9999999999999997e-44,,2e-83,1.0000000000000001e-23,,2e-231,6e-06,0.0004,0.0,4.0000000000000003e-112,,,0.7,,,,0.9,1.0,4.0000000000000006e-45,ren
reps1,REPS1,Proteins,0.00072,0.99004,0.00041,0.00451,,0.00089,7e-05,0.00143,0.00033,6e-05,,,0.00019,,,,7e-05,0.00128,0.0,0.0009,,0.0002,1.0000000000000001e-29,,8e-10,0.1,8e-09,0.001,0.1,,,0.005,,,,0.7,1.0,1.0,reps
rest,REST,Proteins,0.00055,0.99642,3e-05,0.00069,,0.00047,0.0,0.00018,3e-05,0.00042,,,2e-05,,,,0.0001,0.00111,0.0,0.03,,0.4,0.1,,1e-05,0.9,0.7,0.5,3e-05,,,0.4,,,,0.6,1.0,0.9,rest
ret,RET,Proteins,0.01911,0.86769,0.04305,0.00383,,0.05226,0.0,0.00082,0.00509,0.00353,,,0.0,,,,1e-05,0.00184,0.00277,1e-117,,0.0,4.0000000000000003e-29,,0.0,0.8,4e-05,0.01,2.0000000000000002e-39,,,0.9,,,,1.0,0.5,3.0000000000000003e-31,ret
retn,RETN,Proteins,0.01166,0.94508,0.00396,0.00333,,0.02812,9e-05,0.00065,0.00342,0.00057,,,0.00015,,,,8e-05,0.00149,0.0014,9.999999999999999e-64,,1e-19,1e-21,,4e-272,0.05,0.002,3e-14,4e-07,,,0.009,,,,0.6,0.9,2e-15,retn
rexo2,REXO2,Proteins,0.00044,0.99297,0.00171,0.0011,,0.00124,2e-05,0.00026,0.00019,7e-05,,,0.0,,,,0.00011,0.00189,0.0,0.03,,3e-17,0.0008,,6e-13,0.4,0.5,0.007,0.08,,,0.7,,,,0.5,0.7,1.0,rexo
rfc4,RFC4,Proteins,0.00171,0.97855,0.00064,0.0086,,0.00498,3e-05,0.00167,0.00207,0.00024,,,1e-05,,,,6e-05,0.0014,4e-05,2e-09,,0.05,3e-67,,3e-49,0.3,3e-11,3e-16,0.001,,,0.5,,,,0.8,0.9,0.2,rfc4
rgcc,RGCC,Proteins,0.00165,0.95066,0.0012,0.03193,,0.00419,0.00016,0.00402,0.00118,0.0,,,0.00215,,,,5e-05,0.00272,8e-05,6e-06,,9e-05,4.999999999999999e-289,,5e-43,0.006,6e-33,0.0001,0.8,,,6e-23,,,,0.8,0.002,0.05,rgcc
rgl2,RGL2,Proteins,0.00161,0.99485,0.00025,0.00103,,1e-05,6e-05,0.00041,0.0001,0.00011,,,3e-05,,,,8e-05,0.00143,1e-05,5e-11,,0.001,0.002,,0.6,0.1,0.09,0.04,0.03,,,0.2,,,,0.6,0.9,0.5,rgl2
rgma,RGMA,Proteins,0.00568,0.94117,0.00142,0.00235,,0.01468,0.00051,0.00076,0.02243,0.00914,,,0.00091,,,,5e-05,0.0009,0.0,1.0000000000000001e-23,,1e-10,6e-14,,8e-147,1e-06,0.0003,3e-217,2e-92,,,1e-10,,,,0.8,1.0,0.9,rgma
rgmb,RGMB,Proteins,0.00452,0.92469,0.01129,0.00164,,0.00104,0.0,0.00096,0.05165,0.00153,,,0.00095,,,,2e-05,0.00126,0.00045,2.0000000000000002e-23,,1e-94,2e-08,,3e-12,0.7,5e-06,0.0,3e-17,,,3e-11,,,,1.0,1.0,5e-06,rgmb
rgs10,RGS10,Proteins,0.00196,0.96809,0.00118,0.01817,,0.00029,7e-05,0.00216,0.00048,0.00032,,,0.00458,,,,6e-05,0.00255,9e-05,3e-12,,2e-09,2e-156,,0.0004,0.08,1e-15,0.03,0.0002,,,5e-46,,,,0.7,0.01,0.04,rgs1
rgs8,RGS8,Proteins,0.00175,0.99579,0.00035,0.00042,,1e-05,2e-05,0.00015,0.0002,8e-05,,,2e-05,,,,0.0001,0.00112,0.0,8e-10,,0.0001,0.6,,0.6,0.4,0.9,0.004,0.06,,,0.4,,,,0.5,1.0,1.0,rgs8
rhoc,RHOC,Proteins,0.00124,0.95911,7e-05,0.0289,,0.0014,0.00013,0.00258,0.00072,2e-05,,,0.00351,,,,5e-05,0.00226,0.0,2e-05,,0.9,2e-252,,5e-15,0.02,5e-19,1e-07,0.4,,,3e-35,,,,0.8,0.2,0.7,rhoc
rictor,RICTOR,Proteins,0.00081,0.99603,0.00041,0.00037,,0.00011,1e-05,0.00024,0.00032,0.00017,,,2e-05,,,,4e-05,0.00146,3e-05,0.005,,4e-05,0.8,,0.03,0.6,0.5,0.0003,0.009,,,0.3,,,,0.9,0.9,0.3,rict
rida,RIDA,Proteins,0.00091,0.8121,0.01381,0.01875,,0.10031,0.00925,0.00392,0.03588,0.00134,,,0.00155,,,,0.00015,0.00165,0.00038,0.003,,3e-99,3e-190,,0.0,2e-105,2e-37,0.0,9e-17,,,4e-19,,,,0.2,0.3,8e-06,rida
rilp,RILP,Proteins,0.00295,0.9132,0.0005,0.06226,,0.00516,0.00018,0.00792,0.00232,0.00023,,,0.00328,,,,0.00015,0.00185,0.0,3e-20,,0.03,0.0,,1.9999999999999998e-54,0.003,1.0000000000000001e-72,2e-21,0.001,,,2e-35,,,,0.2,0.6,0.7,rilp
rilpl2,RILPL2,Proteins,0.00323,0.9464,0.00121,0.03319,,0.003,7e-05,0.00262,0.00174,0.00038,,,0.00527,,,,0.0001,0.00275,5e-05,5e-19,,0.001,2e-302,,2e-31,0.07,3e-20,4e-09,3e-05,,,7.999999999999999e-54,,,,0.5,0.003,0.1,rilp1
ripk4,RIPK4,Proteins,0.00132,0.99622,0.0001,0.00047,,3e-05,5e-05,9e-05,0.00011,0.0,,,6e-05,,,,7e-05,0.00148,1e-05,1e-05,,0.05,0.5,,0.3,0.2,1.0,0.03,0.8,,,0.1,,,,0.7,1.0,0.6,ripk
rln1,RLN1,Proteins,0.00075,0.96353,0.01978,0.00074,,0.00061,0.00018,0.00015,0.01284,0.00022,,,0.0,,,,0.00016,0.00103,0.0,0.004,,8.000000000000001e-131,0.03,,2e-07,0.004,0.8,4e-64,0.002,,,0.7,,,,0.2,1.0,0.7,rln1
rln2,RLN2,Proteins,0.00075,0.94515,0.02651,0.00186,,0.00432,2e-05,0.00039,0.01928,0.00062,,,0.0,,,,2e-05,0.00106,3e-05,0.002,,6e-126,2e-09,,2e-43,0.4,0.1,8e-57,1e-07,,,0.9,,,,1.0,1.0,0.3,rln2
rnase1,RNASE1,Proteins,0.00704,0.7862,0.07008,0.00274,,0.11667,0.00284,0.00049,0.00195,0.00481,,,3e-05,,,,6e-05,0.00138,0.00571,8e-31,,0.0,8e-22,,0.0,1e-35,0.005,2e-21,6e-59,,,0.2,,,,0.7,0.6,1e-69,rnas
rnase10,RNASE10,Proteins,0.00588,0.96372,0.01283,0.00143,,0.00951,0.0,0.00027,0.00211,3e-05,,,0.00062,,,,8e-05,0.00165,0.00187,2e-47,,6e-122,3e-06,,1.9999999999999998e-91,0.9,0.4,4e-21,0.3,,,2e-07,,,,0.6,0.8,2e-19,rnas1
rnase3,RNASE3,Proteins,0.00548,0.93314,0.00188,0.03148,,0.01982,0.00056,0.00211,0.00061,0.00098,,,0.00147,,,,0.00018,0.00208,0.00021,3e-25,,5e-19,1e-285,,1e-195,5e-07,1e-15,3e-06,2e-11,,,3e-16,,,,0.1,0.2,0.002,rnas2
rnase4,RNASE4,Proteins,0.01257,0.80253,0.06779,0.00366,,0.10168,0.0012,0.00059,0.00294,0.00188,,,0.0003,,,,8e-05,0.00142,0.00337,7.999999999999999e-86,,0.0,2.0000000000000002e-29,,0.0,3e-15,0.001,7e-05,6e-23,,,9e-05,,,,0.5,0.7,8e-40,rnas3
rnase6,RNASE6,Proteins,0.00835,0.78755,0.06618,0.00353,,0.09187,0.00318,0.00085,0.0025,0.0158,,,0.01124,,,,4e-05,0.0015,0.00743,8e-37,,0.0,6.999999999999999e-30,,0.0,3e-39,3e-06,1.0000000000000001e-29,3e-186,,,2e-133,,,,0.8,0.4,4e-89,rnas4
rnaseh2a,RNASEH2A,Proteins,0.00332,0.97092,0.00359,0.01203,,0.00394,0.00028,0.00158,0.00228,0.00029,,,0.00021,,,,0.0001,0.00137,7e-05,5e-25,,4e-22,2e-99,,9e-40,0.0005,1e-10,2e-09,0.0003,,,0.002,,,,0.5,1.0,0.07,rnas5
rnaset2,RNASET2,Proteins,0.02157,0.89568,0.01681,0.00191,,0.04177,0.0004,0.00076,0.01388,0.00224,,,6e-05,,,,8e-05,0.00149,0.00336,5e-155,,6e-173,4e-11,,0.0,1e-05,0.0001,5e-143,5e-25,,,0.08,,,,0.6,0.9,9e-37,rnas6
rnf149,RNF149,Proteins,0.01919,0.89362,0.03647,0.00258,,0.03096,0.0,0.00063,0.00074,0.00933,,,0.00119,,,,7e-05,0.00134,0.00389,9e-167,,0.0,2e-16,,3e-312,0.7,0.002,1e-07,1e-96,,,8e-14,,,,0.7,1.0,2e-41,rnf1
rnf168,RNF168,Proteins,0.00091,0.99527,8e-05,0.00068,,5e-05,0.0,0.00032,0.0,0.00139,,,0.00017,,,,5e-05,0.00098,9e-05,0.002,,0.07,0.09,,0.1,0.7,0.3,0.7,2e-14,,,0.008,,,,0.8,1.0,0.06,rnf11
rnf31,RNF31,Proteins,0.00078,0.99307,0.00058,0.00235,,1e-05,4e-05,0.00053,0.00012,0.00095,,,0.0,,,,7e-05,0.00148,2e-05,0.0004,,1e-05,2e-12,,0.6,0.2,0.02,0.9,3e-10,,,0.9,,,,0.7,0.9,0.4,rnf3
rnf4,RNF4,Proteins,0.00119,0.99542,0.00023,0.00041,,4e-05,7e-05,0.00015,0.00012,0.00095,,,0.0,,,,0.00013,0.00129,0.0,1e-05,,0.003,0.6,,0.2,0.09,0.9,0.04,2e-10,,,0.8,,,,0.4,1.0,0.8,rnf4
rnf41,RNF41,Proteins,0.00226,0.92461,0.00115,0.04614,,0.00803,0.0,0.0103,0.00386,0.00016,,,0.00112,,,,0.00011,0.00225,1e-05,3e-09,,0.02,0.0,,2e-80,0.9,4e-92,2.0000000000000002e-29,0.007,,,1e-12,,,,0.4,0.2,0.4,rnf41
rnf43,RNF43,Proteins,0.00412,0.98041,0.00135,0.00154,,0.00941,0.0,0.00023,0.00105,0.00063,,,0.0,,,,0.00013,0.00104,0.0001,3e-34,,7e-14,7e-07,,9e-90,0.9,0.5,5e-11,2e-07,,,0.7,,,,0.4,1.0,0.04,rnf42
rnf5,RNF5,Proteins,0.00795,0.94949,0.00099,0.01897,,0.00389,0.00041,0.00831,0.00151,1e-05,,,0.00562,,,,0.00011,0.00247,0.00025,6e-61,,0.7,1.0000000000000001e-162,,4.0000000000000004e-39,2e-05,2e-71,2e-06,0.5,,,1e-55,,,,0.4,0.04,0.0008,rnf5
robo1,ROBO1,Proteins,0.0036,0.92178,0.00497,0.00189,,0.02887,0.00044,0.00054,0.03358,0.00193,,,4e-05,,,,0.00011,0.00125,0.00099,2e-19,,9e-10,2e-10,,9.999999999999999e-288,6e-06,0.009,5e-293,4e-21,,,0.2,,,,0.4,1.0,1e-11,robo
robo2,ROBO2,Proteins,0.00453,0.8708,0.0278,0.00183,,0.0003,7e-05,0.00049,0.09094,1e-05,,,0.00026,,,,8e-05,0.0015,0.0014,3.0000000000000003e-31,,2.0000000000000002e-225,7e-11,,0.0001,0.06,0.01,0.0,0.6,,,0.0003,,,,0.6,0.9,9e-17,robo1
robo4,ROBO4,Proteins,0.00314,0.988,0.00461,0.0006,,0.00061,5e-05,0.00044,0.00047,0.00022,,,6e-05,,,,0.00011,0.00146,0.00023,2e-19,,4.999999999999999e-44,0.2,,4e-07,0.2,0.07,2e-05,0.002,,,0.1,,,,0.4,1.0,0.002,robo2
ror1,ROR1,Proteins,0.01712,0.90988,0.04975,0.00221,,0.00701,0.0003,0.00077,0.00685,0.00288,,,0.00028,,,,7e-05,0.00143,0.00145,7.000000000000001e-124,,0.0,3e-13,,7e-73,0.0002,0.0002,4e-52,5e-31,,,0.0003,,,,0.6,0.9,2e-16,ror1
rp2,RP2,Proteins,0.00159,0.96736,0.00088,0.0191,,0.00435,3e-05,0.00234,0.00201,0.0,,,0.00028,,,,0.0001,0.00196,0.0,2e-06,,0.5,3e-163,,2e-43,0.2,5e-17,1e-12,0.8,,,0.0005,,,,0.5,0.6,0.9,rp2
rpa2,RPA2,Proteins,0.00047,0.99393,0.00014,0.00234,,0.0004,0.0,0.00065,0.00023,0.00022,,,6e-05,,,,6e-05,0.00132,0.00017,0.001,,0.8,3e-12,,4e-05,0.7,0.004,0.06,0.002,,,0.1,,,,0.8,1.0,0.008,rpa2
rpe,RPE,Proteins,0.00139,0.96311,0.00071,0.02429,,0.00164,9e-05,0.00243,0.00108,0.00021,,,0.00253,,,,0.00018,0.00232,1e-05,1e-08,,0.06,2e-210,,2e-17,0.05,9e-18,7e-06,0.003,,,7e-26,,,,0.2,0.04,0.5,rpe
rpgr,RPGR,Proteins,0.00078,0.99635,6e-05,0.00072,,6e-05,0.0,0.0003,0.00024,6e-05,,,1e-05,,,,3e-05,0.00138,0.0,0.001,,0.3,0.06,,0.1,0.9,0.3,0.004,0.1,,,0.6,,,,0.9,1.0,0.9,rpgr
rpl14,RPL14,Proteins,0.00164,0.93888,0.00086,0.0124,,0.03672,0.0007,0.00221,0.00035,0.00062,,,0.00343,,,,0.00021,0.00169,0.00027,1e-08,,3e-09,1e-103,,0.0,2e-08,3e-16,0.0003,1e-07,,,4e-35,,,,0.09,0.8,0.0005,rpl1
rps10,RPS10,Proteins,0.00059,0.99258,0.00111,0.00065,,0.00195,0.0,0.00036,5e-05,0.00054,,,0.0,,,,0.0003,0.00187,0.0,0.002,,2e-11,0.1,,2e-19,1.0,0.2,0.5,2e-06,,,1.0,,,,0.03,0.7,1.0,rps1
rras,RRAS,Proteins,0.0017,0.95999,0.00159,0.02562,,0.00256,0.00017,0.00181,0.00134,0.00024,,,0.00219,,,,0.00014,0.00258,7e-05,1e-05,,5e-13,2.9999999999999997e-221,,4.9999999999999996e-26,0.007,2e-12,1e-10,0.001,,,2e-22,,,,0.3,0.01,0.07,rras
rrm2,RRM2,Proteins,0.00203,0.96141,0.00122,0.00362,,0.01741,0.00082,0.00531,0.0029,0.00281,,,0.00012,,,,6e-05,0.00159,0.00071,2e-05,,0.02,3e-23,,8.000000000000001e-165,2e-09,4e-43,8e-19,3e-28,,,0.02,,,,0.8,1.0,3e-08,rrm2
rrm2b,RRM2B,Proteins,0.00159,0.9593,0.00145,0.02187,,0.00546,1e-05,0.00261,0.0043,7e-05,,,0.00141,,,,7e-05,0.00183,2e-05,2e-06,,3e-07,2.0000000000000002e-186,,2e-53,0.6,4e-19,1.0000000000000001e-34,0.08,,,5e-15,,,,0.7,0.8,0.4,rrm21
rrp15,RRP15,Proteins,0.00083,0.99667,0.00022,0.00051,,1e-05,4e-05,0.00027,8e-05,0.0002,,,0.0,,,,8e-05,0.00106,4e-05,0.004,,0.005,0.4,,0.5,0.2,0.4,0.2,0.004,,,0.8,,,,0.7,1.0,0.2,rrp1
rspo1,RSPO1,Proteins,0.02183,0.91186,0.0396,0.00227,,0.00103,0.00183,0.00177,0.01124,0.00377,,,0.00117,,,,4e-05,0.00131,0.00228,6.999999999999999e-193,,0.0,1e-13,,4e-12,3e-20,5e-13,7e-45,6.9999999999999995e-40,,,2e-13,,,,0.8,1.0,8.999999999999998e-25,rspo
rspo3,RSPO3,Proteins,0.01913,0.83549,0.12348,0.00375,,0.00059,0.00019,0.00233,0.00753,0.00167,,,0.00021,,,,0.00013,0.00137,0.00413,8e-153,,0.0,3e-30,,4e-08,0.002,2e-20,2e-85,2e-20,,,0.001,,,,0.2,1.0,4e-48,rspo1
rtbdn,RTBDN,Proteins,0.00823,0.8962,0.0339,0.02354,,0.02211,0.0,0.00242,0.00742,0.00169,,,0.00165,,,,8e-05,0.00155,0.0012,8e-37,,1e-312,3.9999999999999996e-221,,2e-227,0.7,2e-19,1e-44,4e-19,,,9e-19,,,,0.5,0.9,5e-14,rtbd
rtkn2,RTKN2,Proteins,0.00031,0.99633,0.0001,0.00072,,3e-05,0.0,0.00022,0.00046,0.00016,,,4e-05,,,,0.00011,0.00145,6e-05,0.1,,0.05,0.07,,0.2,0.7,0.6,1e-05,0.009,,,0.2,,,,0.5,1.0,0.1,rtkn
rtn4ip1,RTN4IP1,Proteins,0.00401,0.97078,0.00109,0.01153,,0.00397,1e-05,0.00148,0.00108,0.00014,,,0.00358,,,,4e-05,0.00228,3e-05,5e-18,,4e-07,8e-95,,5e-40,0.4,8e-10,5e-07,0.01,,,2.9999999999999998e-36,,,,0.9,0.07,0.3,rtn4
rtn4r,RTN4R,Proteins,0.00955,0.7795,0.00391,0.00241,,0.16625,0.00081,0.00019,0.03235,0.00024,,,0.00301,,,,7e-05,0.00143,0.00027,2.0000000000000002e-60,,4e-38,1e-18,,0.0,2e-11,0.5,0.0,0.0002,,,6e-38,,,,0.5,0.8,0.0001,rtn41
ruvbl1,RUVBL1,Proteins,0.00314,0.99004,0.00074,0.00146,,0.00012,2e-05,0.00093,0.00149,3e-05,,,0.00024,,,,0.00018,0.00161,0.0,8.000000000000001e-24,,2e-07,4e-06,,0.02,0.4,5e-05,2e-14,0.3,,,0.001,,,,0.2,1.0,0.9,ruvb
rwdd1,RWDD1,Proteins,0.00249,0.9373,0.001,0.03842,,0.00519,0.0,0.00457,0.00399,0.00019,,,0.00451,,,,0.00013,0.00219,2e-05,2e-10,,0.3,0.0,,1e-53,0.8,8.000000000000001e-39,7.999999999999999e-32,0.003,,,9e-47,,,,0.3,0.2,0.4,rwdd
ryr1,RYR1,Proteins,0.00046,0.99679,0.00012,0.00088,,0.00011,1e-05,0.00026,5e-05,0.0,,,1e-05,,,,8e-05,0.0012,3e-05,0.03,,0.03,0.01,,0.03,0.5,0.4,0.2,0.7,,,0.5,,,,0.7,1.0,0.3,ryr1
s100a11,S100A11,Proteins,0.00199,0.87282,0.01477,0.06003,,0.03702,0.00117,0.00273,0.00088,0.00576,,,2e-05,,,,0.00021,0.00154,0.00105,2e-09,,3e-153,0.0,,0.0,5e-14,7.000000000000001e-23,5e-08,2.9999999999999997e-62,,,0.4,,,,0.07,0.8,1e-12,s100
s100a12,S100A12,Proteins,0.00391,0.91782,0.0037,0.04559,,0.01143,0.00016,0.002,0.00848,0.00331,,,0.00094,,,,0.00013,0.00162,0.00092,1.0000000000000001e-29,,3e-33,0.0,,1.9999999999999999e-115,0.007,8e-15,8.000000000000001e-81,8e-35,,,5e-11,,,,0.3,0.9,7e-11,s1001
s100a13,S100A13,Proteins,0.00326,0.90218,0.0547,0.00657,,0.01805,0.00011,0.00057,0.01126,0.00073,,,0.00017,,,,0.00017,0.00116,0.00108,8e-18,,0.0,3e-52,,1e-181,0.02,0.005,1.9999999999999998e-91,7e-09,,,0.005,,,,0.2,1.0,2e-12,s1002
s100a14,S100A14,Proteins,0.00347,0.98235,0.00332,0.00165,,0.00122,0.00045,0.00044,0.0049,8e-05,,,0.00077,,,,7e-05,0.00124,6e-05,1e-15,,1e-13,8e-08,,3e-13,1e-05,0.06,7.000000000000001e-29,0.07,,,6e-09,,,,0.7,1.0,0.1,s1003
s100a16,S100A16,Proteins,0.00214,0.98373,0.00376,0.00118,,9e-05,0.00015,0.00037,0.00463,0.0,,,0.00223,,,,9e-05,0.00146,0.00015,5e-08,,7e-28,0.0002,,0.05,0.01,0.2,5.9999999999999996e-36,0.8,,,3e-22,,,,0.6,1.0,0.01,s1004
s100a3,S100A3,Proteins,0.00165,0.98814,0.00268,0.00092,,0.00364,0.0,9e-05,0.00125,0.00016,,,5e-05,,,,8e-05,0.00118,0.00016,3e-10,,7.999999999999999e-25,0.005,,4e-36,0.8,1.0,3e-11,0.009,,,0.1,,,,0.6,1.0,0.008,s1005
s100a4,S100A4,Proteins,0.0013,0.93577,0.005,0.03752,,0.00155,1e-05,0.0055,0.00576,0.00079,,,0.00374,,,,0.00024,0.00246,0.00036,0.0008,,1e-37,0.0,,4e-17,0.6,2e-47,2.0000000000000003e-45,2e-09,,,5.0000000000000005e-39,,,,0.05,0.07,5e-05,s1006
s100g,S100G,Proteins,0.00656,0.95312,0.01448,0.00261,,3e-05,0.01553,0.00137,4e-05,0.00446,,,6e-05,,,,3e-05,0.00128,0.00044,5.999999999999999e-47,,6e-143,8e-16,,0.2,4e-153,5e-09,0.2,2.0000000000000003e-45,,,0.1,,,,0.9,1.0,8e-06,s1007
s100p,S100P,Proteins,0.01035,0.92578,0.02783,0.00909,,0.01554,0.0,0.00222,0.00476,0.00027,,,0.00055,,,,0.00019,0.00169,0.00173,1.0000000000000001e-88,,5e-250,4e-74,,3e-153,0.6,2e-16,8e-27,0.0005,,,7e-07,,,,0.1,0.8,1e-18,s1008
saa4,SAA4,Proteins,0.00585,0.94545,0.00589,0.00079,,0.02784,0.0003,0.00058,0.01057,0.00054,,,0.00013,,,,0.00026,0.00178,0.0,5e-47,,1e-41,0.01,,2e-273,0.0002,0.005,1e-87,7e-07,,,0.01,,,,0.04,0.4,1.0,saa4
safb2,SAFB2,Proteins,0.001,0.98675,0.00051,0.0044,,0.00285,0.0,0.00103,0.00084,2e-05,,,0.00058,,,,0.0002,0.00137,0.00045,0.0003,,6e-05,6e-30,,9.000000000000001e-29,0.8,5e-06,4e-08,0.4,,,5e-07,,,,0.1,1.0,9e-06,safb
sag,SAG,Proteins,0.00043,0.99698,0.00014,0.00043,,0.00019,0.0,0.00026,0.00021,0.0,,,1e-05,,,,7e-05,0.00125,3e-05,0.04,,0.05,0.6,,0.005,0.9,0.4,0.01,0.8,,,0.6,,,,0.7,1.0,0.3,sag
samd9l,SAMD9L,Proteins,0.00235,0.93716,0.00061,0.04592,,0.00371,5e-05,0.00579,0.00083,0.00014,,,0.00121,,,,8e-05,0.00209,5e-05,5e-13,,0.4,0.0,,2e-38,0.1,7.999999999999999e-50,0.001,0.01,,,1e-13,,,,0.6,0.2,0.1,samd
sap18,SAP18,Proteins,0.00076,0.99701,0.00024,0.00057,,0.0,1e-05,0.0001,0.00019,6e-05,,,0.0,,,,0.00011,0.00097,0.0,0.01,,0.002,0.2,,0.8,0.6,1.0,0.005,0.1,,,0.9,,,,0.5,1.0,1.0,sap1
sarg,SARG,Proteins,0.002,0.93889,0.00157,0.03824,,0.00593,0.00028,0.00452,0.00286,0.00077,,,0.00266,,,,0.00019,0.002,9e-05,1e-10,,0.1,0.0,,1.0000000000000001e-60,0.0004,4e-38,5e-15,3e-09,,,4.0000000000000003e-28,,,,0.1,0.3,0.04,sarg
sart1,SART1,Proteins,0.00094,0.92599,0.00335,0.02459,,0.02815,0.00119,0.00193,0.00275,0.00313,,,0.00534,,,,7e-05,0.00171,0.00087,3e-06,,2e-31,1.9999999999999998e-218,,5.0000000000000005e-273,3e-13,7e-14,1.9999999999999998e-25,1.9999999999999998e-32,,,5.999999999999999e-54,,,,0.7,0.7,4e-10,sart
sat1,SAT1,Proteins,0.00172,0.99115,0.00264,0.00057,,0.00021,9e-05,0.00011,0.00187,0.00039,,,0.0,,,,4e-05,0.00121,0.0,2e-12,,3.9999999999999997e-25,0.3,,0.003,0.05,1.0,5e-18,5e-05,,,0.9,,,,0.9,1.0,0.7,sat1
sat2,SAT2,Proteins,0.00106,0.97451,0.00088,0.0031,,0.01276,0.00078,0.00078,0.00366,0.00017,,,0.00097,,,,4e-05,0.00098,0.00031,6e-05,,3e-05,6e-19,,1e-121,6e-09,0.0004,7e-32,0.006,,,9e-11,,,,0.9,1.0,0.0002,sat2
satb1,SATB1,Proteins,0.00081,0.98258,0.00045,0.00873,,0.00125,0.0,0.00103,0.00056,3e-05,,,0.00278,,,,6e-05,0.00161,0.0001,0.009,,0.1,2e-68,,1e-13,0.7,5e-06,0.006,0.2,,,3e-28,,,,0.7,0.8,0.04,satb
sbsn,SBSN,Proteins,0.00494,0.94432,0.00684,0.00338,,0.00701,0.00191,0.00528,0.00121,0.00023,,,0.02284,,,,0.00031,0.00166,6e-05,5e-25,,5.0000000000000005e-61,2e-22,,4e-71,1e-20,5.0000000000000004e-45,5e-05,0.001,,,4.0000000000000004e-225,,,,0.01,0.8,0.09,sbsn
scamp3,SCAMP3,Proteins,0.00224,0.93066,0.00151,0.03544,,0.01662,6e-05,0.00617,0.00199,0.00059,,,0.00189,,,,6e-05,0.0027,7e-05,4e-12,,5e-09,0.0,,1.0000000000000001e-165,0.09,7.999999999999999e-54,7e-14,2e-07,,,2e-20,,,,0.8,0.02,0.07,scam
scara5,SCARA5,Proteins,0.0054,0.80189,0.1174,0.00279,,0.05568,0.00106,0.0018,0.00997,0.00017,,,0.0,,,,0.00012,0.00143,0.0023,6e-35,,0.0,8e-22,,0.0,5e-14,8e-16,6.0000000000000005e-31,0.003,,,0.7,,,,0.3,0.8,1.0000000000000001e-28,scar
scarb1,SCARB1,Proteins,0.00071,0.99486,3e-05,0.0005,,0.00148,3e-05,0.00027,9e-05,6e-05,,,8e-05,,,,0.00012,0.00172,5e-05,0.004,,0.3,0.4,,3e-15,0.3,0.4,0.05,0.1,,,0.06,,,,0.4,0.9,0.2,scar1
scarb2,SCARB2,Proteins,0.00604,0.76685,0.13007,0.00248,,0.08045,0.00266,0.00129,0.00223,0.00062,,,0.0005,,,,0.00017,0.0013,0.00534,3e-34,,0.0,6e-19,,0.0,3e-33,1e-10,2e-19,6e-09,,,2e-07,,,,0.1,0.9,8e-65,scar2
scarf1,SCARF1,Proteins,0.00778,0.95108,0.0023,0.01113,,0.0109,3e-05,0.00272,0.00201,0.00081,,,0.00933,,,,5e-05,0.00164,0.00023,1.0000000000000001e-45,,6e-20,2e-93,,1e-108,0.2,5e-21,4e-17,1e-09,,,2e-93,,,,0.8,0.8,0.001,scar3
scarf2,SCARF2,Proteins,0.01909,0.73457,0.21791,0.00353,,0.00397,9e-05,0.00041,0.01146,0.002,,,9e-05,,,,0.00013,0.00118,0.00555,8.999999999999999e-192,,0.0,6e-33,,3e-52,0.02,0.01,1.9999999999999999e-128,3e-27,,,0.02,,,,0.2,0.9,2.0000000000000002e-72,scar4
scg2,SCG2,Proteins,0.01196,0.89044,0.02486,0.02299,,0.00363,0.0205,0.00061,0.00153,0.00222,,,0.01826,,,,0.00017,0.00201,0.00082,3e-89,,2e-244,9e-219,,1.0000000000000001e-39,5.000000000000001e-214,0.002,0.009,5e-25,,,3.9999999999999995e-191,,,,0.1,0.3,3e-10,scg2
scg3,SCG3,Proteins,0.00503,0.89921,0.00108,0.00315,,0.05204,0.00014,0.00028,0.03057,0.00655,,,0.00057,,,,8e-05,0.00095,0.00036,5e-31,,1e-09,1e-21,,0.0,0.01,0.3,9e-309,3e-69,,,2e-07,,,,0.6,1.0,3e-05,scg3
scgb1a1,SCGB1A1,Proteins,0.00958,0.88629,0.05102,0.00295,,0.00161,1e-05,0.00044,0.00623,0.02972,,,0.00769,,,,8e-05,0.00143,0.00294,1e-71,,0.0,3e-20,,1e-18,0.5,0.03,3e-64,1.0000000000000001e-307,,,4.0000000000000004e-82,,,,0.6,0.9,1.9999999999999998e-32,scgb
scgb2a2,SCGB2A2,Proteins,0.00046,0.9948,0.00056,0.00074,,0.0012,3e-05,0.00033,2e-05,0.0,,,0.0,,,,0.00012,0.00173,2e-05,0.06,,2e-06,0.06,,1e-12,0.3,0.2,0.6,0.9,,,0.9,,,,0.4,0.8,0.4,scgb1
scgb3a1,SCGB3A1,Proteins,0.01241,0.87291,0.01063,0.0012,,0.03408,6e-05,0.00027,0.03983,0.02464,,,0.00116,,,,6e-05,0.00136,0.00141,2.9999999999999997e-97,,2.0000000000000001e-112,1e-05,,0.0,0.08,0.3,0.0,3e-256,,,9e-14,,,,0.8,0.9,2e-16,scgb2
scgb3a2,SCGB3A2,Proteins,0.00726,0.82857,0.00819,0.00117,,0.08549,0.00015,0.01114,0.01558,0.03454,,,0.00551,,,,7e-05,0.00169,0.00064,9.000000000000001e-45,,2e-90,7e-06,,0.0,0.005,3.9999999999999998e-115,3.9999999999999996e-172,0.0,,,1.9999999999999999e-63,,,,0.6,0.4,1e-08,scgb3
scgn,SCGN,Proteins,0.00472,0.94735,0.01451,0.00092,,0.00703,0.0048,0.00064,0.01354,1e-05,,,0.00423,,,,5e-05,0.00144,0.00075,9e-33,,5e-130,0.004,,3e-69,6e-48,0.003,8e-121,0.5,,,1.9999999999999998e-42,,,,0.8,1.0,8e-09,scgn
scin,SCIN,Proteins,0.00102,0.99555,0.00032,0.00055,,4e-05,0.0,0.00033,0.00018,0.00076,,,5e-05,,,,4e-05,0.00114,3e-05,4e-07,,0.001,0.3,,0.2,0.8,0.2,0.03,2e-08,,,0.1,,,,0.9,1.0,0.3,scin
scly,SCLY,Proteins,0.00486,0.84298,0.00652,0.00265,,0.06397,0.00161,0.00237,0.0673,0.00575,,,0.0004,,,,2e-05,0.00156,1e-05,9e-28,,2e-06,5e-19,,0.0,1e-19,2e-20,0.0,2e-65,,,6e-06,,,,1.0,0.8,0.6,scly
scn2a,SCN2A,Proteins,0.00072,0.99652,1e-05,0.00097,,0.0001,0.0,0.00028,7e-05,2e-05,,,0.0,,,,0.0001,0.00118,3e-05,0.003,,1.0,0.004,,0.04,0.8,0.4,0.1,0.4,,,1.0,,,,0.5,1.0,0.2,scn2
scn2b,SCN2B,Proteins,0.00078,0.99401,4e-05,0.00083,,0.00199,0.0,0.0001,0.0002,1e-05,,,2e-05,,,,5e-05,0.00189,7e-05,0.006,,0.3,0.02,,5e-20,0.8,1.0,0.005,0.6,,,0.3,,,,0.8,0.5,0.08,scn21
scn3a,SCN3A,Proteins,0.00042,0.99682,2e-05,0.00047,,0.00023,0.0,0.00011,0.00059,0.0,,,3e-05,,,,0.00016,0.00115,0.0,0.06,,0.9,0.5,,0.002,0.9,0.9,1e-06,0.8,,,0.3,,,,0.2,1.0,0.9,scn3
scn3b,SCN3B,Proteins,0.00085,0.9968,0.00014,0.00041,,0.0001,0.0,0.00011,0.00032,0.00014,,,0.0,,,,1e-05,0.00111,1e-05,0.01,,0.02,0.7,,0.05,0.7,0.9,0.0003,0.02,,,0.8,,,,1.0,1.0,0.5,scn31
scn4b,SCN4B,Proteins,0.00179,0.92165,0.01067,0.00145,,0.01931,0.00016,0.00021,0.04001,0.00318,,,0.0,,,,3e-05,0.00086,0.00068,5e-06,,7e-78,9e-07,,6.999999999999999e-191,0.007,0.6,0.0,3e-33,,,0.7,,,,0.9,1.0,3e-08,scn4
scp2,SCP2,Proteins,0.00271,0.98328,0.00866,0.00094,,0.00082,2e-05,0.00024,0.00099,0.00049,,,0.00022,,,,9e-05,0.00149,6e-05,3e-19,,2.0000000000000002e-81,0.005,,4e-09,0.3,0.5,1e-10,5e-06,,,0.002,,,,0.6,1.0,0.1,scp2
scpep1,SCPEP1,Proteins,0.00475,0.92516,0.00374,0.01102,,0.02654,0.00016,0.00139,0.01282,0.00713,,,0.0049,,,,0.00011,0.0019,0.00036,2e-31,,2e-27,5e-92,,1e-258,0.007,3e-09,4e-116,1e-71,,,7e-50,,,,0.4,0.5,6e-05,scpe
scrg1,SCRG1,Proteins,0.00739,0.7299,0.15901,0.00283,,0.02605,0.00139,0.00074,0.06729,0.00055,,,6e-05,,,,7e-05,0.001,0.00373,1e-38,,0.0,3.9999999999999997e-25,,0.0,1e-19,8e-06,0.0,1e-08,,,0.05,,,,0.5,1.0,1.0000000000000001e-49,scrg
scrib,SCRIB,Proteins,0.00198,0.96112,0.00031,0.01325,,0.0163,0.0,0.00387,0.00035,0.00065,,,8e-05,,,,0.00013,0.00182,0.00014,2e-12,,0.3,1e-108,,3e-155,0.6,3e-30,0.08,1e-07,,,0.07,,,,0.3,0.7,0.01,scri
scrn1,SCRN1,Proteins,0.00409,0.95342,0.00477,0.02337,,0.00305,1e-05,0.00297,0.00167,4e-05,,,0.0048,,,,0.00013,0.00166,0.0,7.000000000000001e-29,,6e-35,8e-206,,2e-31,0.6,5e-23,0.0002,0.2,,,2e-48,,,,0.3,0.8,0.7,scrn
sct,SCT,Proteins,0.01846,0.96026,0.00344,0.00299,,0.00508,0.00321,0.00078,0.00113,0.00221,,,0.00047,,,,0.00011,0.00145,0.00042,1e-148,,6e-25,4e-18,,5e-50,3e-32,0.0003,0.02,9.000000000000001e-23,,,6e-06,,,,0.4,0.9,2e-05,sct
sdc1,SDC1,Proteins,0.00259,0.89938,0.00242,0.00176,,0.01222,0.0014,0.00243,0.05246,0.00099,,,0.02001,,,,0.00011,0.00161,0.00262,8e-09,,2.0000000000000002e-23,1e-09,,9e-127,4e-16,2e-19,0.0,8e-12,,,2e-205,,,,0.4,0.8,1.0000000000000001e-28,sdc1
sdc4,SDC4,Proteins,0.00536,0.97188,0.00384,0.00301,,0.00197,2e-05,0.00104,0.00327,0.00037,,,0.00684,,,,0.00013,0.00144,0.00083,2e-35,,5e-07,2e-18,,2e-20,0.4,4e-06,0.8,6e-05,,,9e-67,,,,0.3,1.0,2e-09,sdc4
sdccag8,SDCCAG8,Proteins,0.00167,0.90989,0.00141,0.05984,,0.00578,0.00034,0.0159,0.00099,0.00015,,,0.00122,,,,0.00013,0.00257,0.00011,1e-05,,5e-13,0.0,,5.0000000000000005e-61,6e-05,5e-152,1e-08,0.008,,,4e-14,,,,0.3,0.001,0.02,sdcc
sdhb,SDHB,Proteins,0.00151,0.97895,0.00494,0.00295,,0.00295,0.00022,0.00086,0.00487,6e-05,,,0.0011,,,,0.0003,0.00128,0.0,0.0004,,0.0002,6e-18,,6.999999999999999e-30,0.002,9e-05,0.001,0.1,,,4e-12,,,,0.02,1.0,0.9,sdhb
sdk2,SDK2,Proteins,0.00262,0.94601,0.03988,0.00094,,0.00316,1e-05,0.00037,0.00549,0.00013,,,0.00016,,,,0.00014,0.00108,1e-05,3e-10,,0.0,0.003,,3e-32,0.6,0.1,3e-14,0.02,,,0.008,,,,0.3,1.0,0.4,sdk2
sec31a,SEC31A,Proteins,0.00257,0.95627,0.001,0.02154,,0.00865,0.00011,0.00214,0.00136,3e-05,,,0.00348,,,,2e-05,0.00269,0.00013,3e-11,,0.4,6e-185,,5.999999999999999e-84,0.03,3e-15,5e-05,0.2,,,6e-35,,,,1.0,0.01,0.02,sec3
sel1l,SEL1L,Proteins,0.00364,0.92065,0.02379,0.00196,,0.03922,3e-05,0.00079,0.00276,0.00184,,,0.00045,,,,9e-05,0.00117,0.00362,2e-11,,3e-234,1e-10,,0.0,0.3,0.0002,5.0000000000000004e-29,6e-20,,,6e-06,,,,0.6,1.0,1e-37,sel1
sele,SELE,Proteins,0.0126,0.85847,0.00261,0.00463,,0.09045,0.00248,0.00123,0.02137,0.00426,,,0.00026,,,,5e-05,0.00156,3e-05,2.0000000000000002e-60,,0.002,6e-38,,0.0,8.000000000000001e-29,5e-09,2e-206,3e-48,,,0.0003,,,,0.8,0.7,0.2,sele
selenop,SELENOP,Proteins,0.00439,0.96706,0.01436,0.0033,,0.00085,0.0004,0.00214,0.00427,0.00088,,,8e-05,,,,0.00025,0.00176,0.00025,2e-19,,9e-112,3e-21,,8e-10,2e-05,2e-15,2e-14,4e-10,,,0.06,,,,0.05,0.5,0.0009,sele1
sell,SELL,Proteins,0.0052,0.91944,0.02677,0.00166,,3e-05,0.0003,0.0002,0.03274,0.01211,,,0.00012,,,,5e-05,0.00127,0.00011,1e-18,,1e-259,1e-08,,0.2,0.0002,0.6,2e-318,2.0000000000000003e-124,,,0.02,,,,0.8,1.0,0.02,sell
selp,SELP,Proteins,0.00673,0.95248,0.0032,0.00674,,0.00895,6e-05,0.00165,0.00638,0.00462,,,0.00773,,,,5e-05,0.00141,1e-05,9e-28,,1e-20,6e-52,,9e-89,0.1,2e-11,1e-51,8e-47,,,6e-77,,,,0.8,1.0,0.6,selp
selplg,SELPLG,Proteins,0.03356,0.9206,0.00504,0.00337,,0.0239,0.00026,0.00038,0.00278,0.00814,,,1e-05,,,,4e-05,0.00109,0.00082,2e-280,,3e-34,5e-23,,3.0000000000000002e-239,0.0005,0.1,2e-11,2e-83,,,0.6,,,,0.9,1.0,7e-10,selp1
sema3f,SEMA3F,Proteins,0.0257,0.78502,0.02653,0.00428,,0.11403,0.0003,0.00083,0.01106,1e-05,,,0.02822,,,,0.00013,0.00228,0.00162,1e-217,,2e-256,8e-38,,0.0,6e-05,5e-06,1e-77,0.4,,,0.0,,,,0.2,0.005,7e-21,sema
sema3g,SEMA3G,Proteins,0.00312,0.97756,0.00275,0.00087,,3e-05,0.00025,0.00021,0.01258,3e-05,,,0.00032,,,,5e-05,0.00123,0.001,2e-09,,9.999999999999999e-27,0.01,,0.3,0.001,0.6,5e-118,0.3,,,0.0002,,,,0.8,1.0,5e-11,sema1
sema4c,SEMA4C,Proteins,0.00096,0.93093,0.03579,0.00414,,0.00543,0.00013,0.00292,0.01039,0.00358,,,0.00339,,,,8e-05,0.00115,0.00111,0.0003,,2e-312,2.0000000000000002e-29,,1e-55,0.02,4.0000000000000004e-23,3e-65,2e-37,,,2e-35,,,,0.6,1.0,1e-12,sema2
sema4d,SEMA4D,Proteins,0.00176,0.96102,0.00279,0.01053,,0.00873,6e-05,0.00153,0.00152,7e-05,,,0.01022,,,,0.00016,0.00162,0.0,2e-08,,9e-19,9.999999999999999e-87,,1.9999999999999998e-86,0.1,2e-10,4e-06,0.08,,,5e-101,,,,0.2,0.9,0.9,sema3
sema6c,SEMA6C,Proteins,0.00185,0.98806,0.00017,0.0008,,1e-05,0.0,0.00027,0.0062,0.0011,,,1e-05,,,,7e-05,0.00131,0.00014,5e-08,,0.7,0.03,,0.5,0.9,0.4,3e-57,9e-12,,,0.5,,,,0.7,1.0,0.02,sema4
sema7a,SEMA7A,Proteins,0.00279,0.94642,0.01674,0.00208,,0.02174,0.0,0.00083,0.00358,0.00307,,,0.0,,,,6e-05,0.00134,0.00134,2e-13,,2.0000000000000003e-165,1e-11,,9e-214,0.7,9e-05,5.0000000000000005e-37,4.999999999999999e-32,,,0.7,,,,0.7,1.0,7e-15,sema5
septin3,SEPTIN3,Proteins,0.00186,0.95165,0.02615,0.00157,,0.0035,2e-05,0.0004,0.00744,0.00578,,,6e-05,,,,2e-05,0.00094,0.00061,1e-05,,8e-250,1e-07,,2.9999999999999998e-36,0.3,0.08,4.999999999999999e-69,1e-58,,,0.1,,,,1.0,1.0,2e-07,sept
septin7,SEPTIN7,Proteins,0.0007,0.99425,3e-05,0.00278,,0.00018,4e-05,0.00041,3e-05,1e-05,,,0.00028,,,,0.00011,0.00119,1e-05,0.004,,1.0,7e-16,,0.006,0.2,0.1,0.8,0.6,,,0.0005,,,,0.5,1.0,0.6,sept1
septin8,SEPTIN8,Proteins,0.01918,0.84641,0.05643,0.02285,,0.03017,0.00164,0.00283,0.00965,0.00456,,,0.00062,,,,0.0001,0.00164,0.00391,2e-167,,0.0,1e-229,,0.0,7e-20,3.9999999999999997e-25,2e-96,5e-52,,,2e-08,,,,0.4,0.4,6e-45,sept2
septin9,SEPTIN9,Proteins,0.00164,0.97252,0.00096,0.01455,,0.0044,1e-05,0.00277,0.00091,0.0002,,,2e-05,,,,5e-05,0.00194,3e-05,2e-08,,0.0006,6e-121,,1e-43,0.4,1e-20,0.002,0.003,,,0.3,,,,0.8,0.7,0.2,sept3
serpina1,SERPINA1,Proteins,0.00079,0.98877,0.00106,0.00243,,9e-05,0.00017,0.00044,0.00126,0.00328,,,7e-05,,,,4e-05,0.00097,0.00062,0.0001,,8e-09,3e-13,,0.05,0.007,0.06,1e-10,3e-32,,,0.09,,,,0.9,1.0,3e-07,serp
serpina11,SERPINA11,Proteins,0.00637,0.78369,0.02457,0.00144,,0.00949,5e-05,0.00071,0.17045,0.00015,,,0.00104,,,,1e-05,0.00111,0.00092,1e-57,,1e-280,6e-09,,1e-114,0.09,5e-05,0.0,0.004,,,5e-14,,,,1.0,1.0,1e-12,serp1
serpina12,SERPINA12,Proteins,0.02625,0.91313,0.00156,0.00321,,0.00489,0.00027,0.0009,0.04517,0.00073,,,0.00217,,,,0.00013,0.00158,1e-05,8e-216,,0.5,6e-21,,7e-50,0.0005,3e-05,0.0,1e-08,,,5e-23,,,,0.3,0.9,0.5,serp2
serpina3,SERPINA3,Proteins,0.00263,0.95583,0.00888,0.00119,,0.0056,0.00083,0.00055,0.01767,0.00398,,,0.0,,,,0.00019,0.00121,0.00144,7e-10,,6e-72,8e-05,,1.9999999999999999e-56,1e-09,0.01,1e-156,1e-40,,,0.8,,,,0.1,1.0,9e-16,serp3
serpina4,SERPINA4,Proteins,0.00136,0.96476,0.01057,0.00184,,0.00423,0.00045,0.0005,0.01461,1e-05,,,7e-05,,,,7e-05,0.00116,0.00036,0.0009,,6.999999999999999e-30,3e-09,,5e-42,9e-06,0.03,3e-68,0.5,,,0.08,,,,0.7,1.0,7e-05,serp4
serpina5,SERPINA5,Proteins,0.01554,0.90293,0.01209,0.00469,,0.04947,2e-05,0.00126,0.00935,0.00034,,,0.00178,,,,0.00047,0.00166,0.0004,1e-137,,2e-44,1e-35,,0.0,0.3,1e-08,3e-16,7e-05,,,6e-20,,,,0.0005,0.5,1e-05,serp5
serpina6,SERPINA6,Proteins,0.00565,0.79184,0.00699,0.00138,,0.02047,0.0,0.00056,0.17097,0.0,,,3e-05,,,,0.0001,0.0014,0.00061,6e-23,,5.999999999999999e-42,3e-08,,1e-240,0.8,0.001,0.0,0.9,,,0.2,,,,0.4,0.6,9e-09,serp6
serpina7,SERPINA7,Proteins,0.0055,0.93276,0.00017,0.00322,,0.02117,0.00064,0.00048,0.03422,0.00014,,,1e-05,,,,4e-05,0.00166,0.0,5e-22,,0.09,1e-21,,7.000000000000001e-212,6e-08,0.02,0.0,0.01,,,0.5,,,,0.9,0.6,0.9,serp7
serpina9,SERPINA9,Proteins,0.00761,0.94838,0.02283,0.0011,,0.01004,1e-05,0.00046,0.00519,0.00034,,,0.00233,,,,4e-05,0.00115,0.00053,1e-57,,2e-204,0.0003,,8e-99,0.4,0.04,2e-35,0.0001,,,2.0000000000000002e-24,,,,0.9,1.0,1e-06,serp8
serpinb1,SERPINB1,Proteins,0.00243,0.94061,0.0008,0.03705,,0.0045,2e-05,0.00525,0.00174,0.00039,,,0.0048,,,,5e-05,0.00235,1e-05,3e-13,,0.03,0.0,,5e-46,0.3,2e-44,7e-12,2e-05,,,5.000000000000001e-49,,,,0.8,0.09,0.6,serp9
serpinb5,SERPINB5,Proteins,0.00079,0.99254,0.00011,0.0009,,0.00028,1e-05,0.00035,0.0036,0.0,,,0.0,,,,0.00014,0.00122,7e-05,0.001,,0.03,0.01,,0.0006,0.5,0.2,9e-35,1.0,,,0.9,,,,0.3,1.0,0.09,serp10
serpinb6,SERPINB6,Proteins,0.00253,0.94882,0.00109,0.03263,,0.00327,3e-05,0.00319,0.00134,0.00014,,,0.00485,,,,8e-05,0.00203,1e-05,3e-13,,0.005,3e-295,,6e-34,0.2,3e-25,1e-05,0.01,,,2.0000000000000003e-49,,,,0.6,0.4,0.5,serp11
serpinb8,SERPINB8,Proteins,0.00269,0.90846,0.00612,0.01754,,0.04474,0.00125,0.00264,0.00736,0.00641,,,8e-05,,,,0.00013,0.00128,0.00132,2e-17,,6.999999999999999e-62,1e-161,,0.0,1e-14,2e-21,1e-74,6e-68,,,0.05,,,,0.3,1.0,3e-15,serp12
serpinb9,SERPINB9,Proteins,0.00257,0.95924,0.00128,0.02429,,0.00108,0.0,0.00384,0.00047,0.00013,,,0.00481,,,,6e-05,0.00217,7e-05,2e-13,,2e-09,7.000000000000001e-212,,5e-12,0.7,1.9999999999999998e-30,0.5,0.02,,,5e-48,,,,0.8,0.3,0.09,serp13
serpinc1,SERPINC1,Proteins,0.0032,0.92099,0.01525,0.00178,,0.01804,0.0,0.0007,0.03825,0.00031,,,0.0,,,,0.00014,0.0011,0.00025,1e-06,,4e-21,1e-09,,4e-183,0.6,0.0006,4e-251,0.0002,,,0.7,,,,0.2,1.0,0.0006,serp14
serpind1,SERPIND1,Proteins,0.00692,0.86279,0.00367,0.00388,,0.0709,0.00092,0.00148,0.03077,0.01665,,,0.00026,,,,5e-05,0.00151,0.00018,3e-37,,2e-16,3e-30,,0.0,1e-11,3e-11,7.000000000000001e-305,2e-180,,,0.0003,,,,0.8,0.6,0.003,serp15
serpine1,SERPINE1,Proteins,0.01113,0.9173,0.00086,0.00371,,0.02748,0.0,0.00112,0.003,0.00617,,,0.0274,,,,0.00022,0.00162,0.0,1.0000000000000001e-81,,0.0007,1.9999999999999998e-26,,4.0000000000000004e-278,0.9,2e-07,4.9999999999999996e-26,1e-64,,,2e-277,,,,0.06,0.8,0.8,serp16
serpine2,SERPINE2,Proteins,0.00355,0.97898,0.00064,0.00308,,0.00172,0.00015,0.00088,0.00079,0.00265,,,0.00516,,,,0.00017,0.002,0.00024,6e-12,,0.001,4e-19,,4e-18,0.01,7e-05,4e-05,4e-27,,,4e-51,,,,0.2,0.4,0.001,serp17
serpinf1,SERPINF1,Proteins,0.00582,0.74037,0.0101,0.00326,,0.18866,0.00119,0.0006,0.04627,0.00121,,,0.00087,,,,5e-05,0.00128,0.00031,2e-41,,1.0000000000000001e-82,6e-29,,0.0,2e-16,0.0003,0.0,1e-16,,,2e-12,,,,0.7,0.7,2e-05,serp18
serpinf2,SERPINF2,Proteins,0.00253,0.90435,0.01252,0.00249,,0.01305,0.00014,0.00065,0.05844,0.00386,,,0.0,,,,8e-05,0.00102,0.00086,2e-08,,1e-16,1e-15,,2e-133,0.01,0.001,0.0,5e-41,,,0.6,,,,0.6,1.0,2e-10,serp19
serping1,SERPING1,Proteins,0.0036,0.92113,0.02751,0.00161,,0.00328,0.00141,0.00055,0.02684,0.01194,,,0.00081,,,,6e-05,0.00124,1e-05,4e-19,,1e-153,3e-08,,4e-35,5e-16,0.008,6e-147,3e-122,,,8e-10,,,,0.7,1.0,0.5,serp20
serpinh1,SERPINH1,Proteins,0.00122,0.9512,0.00039,0.02853,,0.00785,0.00012,0.00289,0.0034,0.0005,,,0.00173,,,,6e-05,0.00211,1e-05,0.0005,,0.002,2e-252,,1e-77,0.02,4e-22,5e-33,3e-06,,,2e-18,,,,0.8,0.1,0.6,serp21
serpini1,SERPINI1,Proteins,0.00444,0.93444,0.00283,0.00313,,2e-05,0.0,0.00058,0.05191,0.0002,,,9e-05,,,,0.00063,0.00173,0.0,3e-27,,1e-10,4e-20,,0.4,0.8,0.006,0.0,0.003,,,0.05,,,,3e-05,0.6,0.9,serp22
serpini2,SERPINI2,Proteins,0.01202,0.97352,0.00148,0.00331,,0.00193,1e-05,0.00024,0.00561,0.00029,,,0.0,,,,0.00013,0.00138,8e-05,2e-74,,7e-12,4e-21,,3e-20,0.6,0.5,1e-51,0.0004,,,1.0,,,,0.3,0.9,0.07,serp23
sestd1,SESTD1,Proteins,0.00768,0.94802,0.00163,0.03335,,0.00022,0.00044,0.00493,0.00056,1e-05,,,0.00127,,,,2e-05,0.00177,0.00011,2e-65,,5e-15,6e-294,,0.002,1e-05,2.9999999999999998e-40,0.0001,0.5,,,8e-14,,,,1.0,0.8,0.03,sest
setmar,SETMAR,Proteins,0.00769,0.81919,0.02791,0.00591,,0.08679,0.00164,0.00173,0.04308,0.0,,,0.00319,,,,7e-05,0.00157,0.00123,9.999999999999999e-64,,9.999999999999999e-185,2e-52,,0.0,4e-20,3e-14,0.0,0.9,,,1e-37,,,,0.6,0.7,2e-15,setm
sez6,SEZ6,Proteins,0.00211,0.93023,0.00743,0.00182,,0.03199,1e-05,0.0004,0.01883,0.00465,,,0.00069,,,,5e-05,0.00169,0.00011,2e-06,,1e-70,2e-09,,6e-310,0.6,0.09,9.000000000000001e-181,2e-47,,,3e-08,,,,0.8,0.6,0.03,sez6
sez6l,SEZ6L,Proteins,0.01068,0.82341,0.02227,0.00212,,0.06359,0.00039,0.00019,0.05718,0.01576,,,0.0024,,,,7e-05,0.00148,0.00046,1e-64,,1.9999999999999998e-222,2e-14,,0.0,6e-06,0.5,0.0,1e-178,,,5.0000000000000004e-29,,,,0.6,0.9,1e-06,sez61
sez6l2,SEZ6L2,Proteins,0.00165,0.80305,0.00285,0.00198,,0.01221,1e-05,0.0021,0.16325,0.00969,,,0.00048,,,,5e-05,0.00158,0.00111,9e-08,,3e-10,2e-13,,1e-141,0.4,1e-18,0.0,6.999999999999999e-113,,,4e-07,,,,0.8,0.7,2e-14,sez62
sf3b4,SF3B4,Proteins,0.00192,0.95186,0.00033,0.02845,,0.00069,6e-05,0.00358,0.00045,0.0,,,0.01043,,,,8e-05,0.00214,0.0,2e-13,,0.6,4e-253,,3e-08,0.1,2.0000000000000002e-28,0.02,0.8,,,8e-103,,,,0.6,0.4,0.8,sf3b
sfrp1,SFRP1,Proteins,0.00591,0.83154,0.07854,0.00344,,0.0563,0.00978,0.00147,0.0075,0.0013,,,0.00015,,,,0.00022,0.0014,0.00246,9.999999999999999e-27,,0.0,9.999999999999999e-27,,0.0,3e-109,2e-11,2e-79,4e-16,,,0.007,,,,0.05,0.9,6e-29,sfrp
sfrp4,SFRP4,Proteins,0.00232,0.88963,0.01932,0.00245,,0.05752,0.00029,0.00136,0.01994,0.00586,,,0.0002,,,,5e-05,0.00105,0.0,4e-07,,4e-108,2e-15,,0.0,0.0002,1e-09,2e-114,5.999999999999999e-62,,,0.002,,,,0.8,1.0,0.9,sfrp1
sftpa1,SFTPA1,Proteins,0.01291,0.96467,0.00288,0.00113,,0.0001,0.0,0.00021,0.00464,0.0108,,,0.00034,,,,8e-05,0.0015,0.00075,9e-115,,7.000000000000001e-29,0.0003,,0.04,1.0,0.6,2.0000000000000003e-45,6e-103,,,0.0001,,,,0.6,1.0,1e-08,sftp
sftpa2,SFTPA2,Proteins,0.01328,0.91274,0.00957,0.0022,,0.00013,0.00041,0.00073,0.00185,0.05097,,,0.00497,,,,8e-05,0.0015,0.00156,2e-111,,1e-94,1e-12,,0.01,1e-05,0.0004,4e-18,0.0,,,3e-51,,,,0.6,1.0,3e-17,sftp1
sftpd,SFTPD,Proteins,0.02747,0.91984,0.02286,0.0037,,0.00203,0.0,0.00039,0.00072,0.01431,,,0.00589,,,,0.0001,0.001,0.00169,2.9999999999999998e-170,,4.0000000000000004e-226,6e-26,,4e-22,0.9,0.08,6e-06,1e-144,,,6e-61,,,,0.4,1.0,1e-18,sftp2
sgsh,SGSH,Proteins,0.00145,0.93513,0.00375,0.00148,,0.03594,0.00065,0.00114,0.01445,0.00227,,,0.00172,,,,7e-05,0.00162,0.00033,6e-05,,6.999999999999999e-30,6e-07,,0.0,6e-08,3e-07,2e-134,4.0000000000000004e-24,,,1e-18,,,,0.7,0.8,0.0001,sgsh
sh2b3,SH2B3,Proteins,0.00773,0.94105,0.00183,0.03103,,0.00176,0.00033,0.00634,0.00507,0.00021,,,0.00231,,,,7e-05,0.00213,0.00013,1.9999999999999999e-56,,1e-13,9.000000000000001e-275,,1e-18,0.0001,1e-53,5.0000000000000004e-45,0.002,,,4.0000000000000004e-24,,,,0.7,0.4,0.02,sh2b
sh2d1a,SH2D1A,Proteins,0.00424,0.94889,0.00085,0.01152,,0.02152,1e-05,0.00292,0.00622,0.00137,,,0.00098,,,,4e-05,0.00142,2e-05,2.0000000000000002e-23,,0.002,4e-96,,9.999999999999999e-210,0.6,1e-22,3.9999999999999997e-56,4e-15,,,3e-11,,,,0.9,1.0,0.3,sh2d
sh3bgrl2,SH3BGRL2,Proteins,0.00154,0.99076,0.00022,0.00419,,9e-05,6e-05,0.00069,0.0002,0.00026,,,0.00067,,,,3e-05,0.00127,1e-05,1e-08,,0.003,6e-27,,0.05,0.1,0.002,0.003,0.0009,,,1e-07,,,,0.9,1.0,0.6,sh3b
sh3bp1,SH3BP1,Proteins,0.00074,0.97321,0.00202,0.00904,,0.00612,0.00011,0.00204,0.00416,0.0,,,0.0,,,,0.00018,0.00201,0.00037,0.005,,1e-14,1e-71,,2.0000000000000002e-60,0.03,2e-14,3e-35,0.9,,,0.9,,,,0.2,0.2,5e-05,sh3b1
sh3gl3,SH3GL3,Proteins,0.00137,0.99395,0.00056,0.00085,,7e-05,0.00025,0.00019,0.0002,0.00105,,,6e-05,,,,0.00013,0.00132,0.0,7e-06,,1e-06,0.02,,0.09,0.001,0.7,0.004,3e-11,,,0.1,,,,0.4,1.0,0.7,sh3g
sh3glb2,SH3GLB2,Proteins,0.0013,0.9118,0.00289,0.05493,,0.00698,0.00048,0.00459,0.01158,0.0014,,,0.0022,,,,0.00011,0.00171,4e-05,0.0005,,2e-10,0.0,,3e-73,2e-06,4e-40,3e-99,5e-16,,,3e-24,,,,0.4,0.5,0.2,sh3g1
shbg,SHBG,Proteins,0.00656,0.71269,0.01691,0.00116,,0.12713,0.0001,0.00064,0.13238,0.00012,,,0.00022,,,,7e-05,0.00143,0.00058,3e-28,,7e-89,2e-07,,0.0,0.01,6e-05,0.0,0.008,,,0.0003,,,,0.5,0.3,3e-09,shbg1
shc1,SHC1,Proteins,0.00318,0.98635,0.00418,0.00052,,0.0002,0.00028,0.00025,0.00285,0.001,,,5e-05,,,,0.00011,0.00093,0.0001,6e-25,,2.0000000000000002e-39,0.4,,0.004,0.0006,0.5,3e-27,9e-11,,,0.1,,,,0.5,1.0,0.04,shc1
shd,SHD,Proteins,0.00104,0.99475,0.00096,0.00063,,0.0005,9e-05,0.00024,0.00055,0.0,,,1e-05,,,,3e-05,0.00118,2e-05,0.0004,,5e-10,0.2,,5e-06,0.06,0.5,3e-06,0.9,,,0.5,,,,0.9,1.0,0.4,shd
shh,SHH,Proteins,0.00114,0.99468,0.00075,0.0007,,0.00033,1e-05,0.00019,0.00047,0.0,,,0.00038,,,,1e-05,0.00127,8e-05,0.002,,4e-08,0.08,,0.0002,0.6,0.7,2e-05,1.0,,,6e-05,,,,1.0,1.0,0.07,shh
shisa5,SHISA5,Proteins,0.02533,0.78639,0.08965,0.00424,,0.07087,0.00242,0.00078,0.00397,0.00678,,,0.00017,,,,3e-05,0.00166,0.00772,5e-254,,0.0,7e-38,,0.0,1.9999999999999998e-30,1e-05,9e-49,2.0000000000000002e-82,,,0.002,,,,0.9,0.3,2e-93,shis
shmt1,SHMT1,Proteins,0.00187,0.95494,0.00233,0.01821,,0.01266,0.00013,0.00233,0.00351,0.00012,,,0.00216,,,,3e-05,0.00166,4e-05,3e-05,,5e-06,6e-158,,3e-124,0.02,3e-17,9e-18,0.02,,,9.000000000000001e-23,,,,0.9,0.8,0.2,shmt
shpk,SHPK,Proteins,0.001,0.99359,0.00095,0.00077,,0.00031,0.0006,0.00041,0.00016,0.001,,,1e-05,,,,0.00013,0.00107,0.0,3e-06,,5e-09,0.04,,0.0003,5e-07,0.09,0.5,7e-11,,,0.6,,,,0.4,1.0,0.8,shpk
siae,SIAE,Proteins,0.00533,0.94624,0.00545,0.00682,,0.02111,9e-05,0.00164,0.00671,0.00401,,,0.00059,,,,5e-05,0.00182,0.00014,1e-20,,4e-55,3e-53,,4e-207,0.05,2e-11,2e-67,4e-41,,,2e-07,,,,0.8,0.8,0.01,siae
siglec1,SIGLEC1,Proteins,0.01069,0.88226,0.03074,0.00348,,0.06191,0.00137,0.00053,0.00169,0.00035,,,0.00081,,,,6e-05,0.00135,0.00476,3e-57,,6e-320,1.9999999999999998e-25,,0.0,4e-16,0.008,6e-19,4e-05,,,3e-10,,,,0.7,0.9,5e-52,sigl
siglec10,SIGLEC10,Proteins,0.00961,0.9159,0.01861,0.00159,,0.04587,0.00018,0.00047,0.00197,0.00021,,,0.00093,,,,8e-05,0.00151,0.00307,2e-57,,7.000000000000001e-187,4e-08,,0.0,0.004,0.03,3e-20,0.002,,,4e-11,,,,0.6,0.9,7e-33,sigl1
siglec15,SIGLEC15,Proteins,0.00158,0.99389,0.0003,0.00075,,0.00027,0.0,0.00022,0.00141,0.00016,,,6e-05,,,,0.00012,0.00116,9e-05,3e-12,,0.0004,0.05,,0.0007,1.0,0.6,2e-14,0.01,,,0.1,,,,0.4,1.0,0.06,sigl2
siglec5,SIGLEC5,Proteins,0.02029,0.9565,0.00337,0.00251,,0.01314,0.0,0.00034,0.0006,2e-05,,,9e-05,,,,7e-05,0.0013,0.00178,2e-136,,2.0000000000000003e-34,9e-15,,9.999999999999999e-129,1.0,0.2,2e-07,0.4,,,0.04,,,,0.7,1.0,6e-19,sigl3
siglec6,SIGLEC6,Proteins,0.00279,0.96116,0.00578,0.00093,,0.01347,2e-05,0.00052,0.01302,0.0,,,7e-05,,,,9e-05,0.00142,0.00076,2e-15,,7e-56,0.003,,2e-132,0.4,0.02,8.000000000000001e-126,0.7,,,0.08,,,,0.6,1.0,6e-09,sigl4
siglec7,SIGLEC7,Proteins,0.01007,0.85624,0.0463,0.00316,,0.05077,0.00112,0.00052,0.00859,0.02054,,,1e-05,,,,4e-05,0.00146,0.00119,1e-89,,0.0,4.0000000000000004e-23,,0.0,9e-14,0.006,0.3,5e-221,,,0.5,,,,0.9,0.9,1e-14,sigl5
siglec8,SIGLEC8,Proteins,0.03643,0.88135,0.01494,0.00521,,0.04546,0.00023,0.00077,0.00948,0.00179,,,0.00048,,,,2e-05,0.00117,0.00267,0.0,,1e-129,4e-41,,0.0,0.0009,0.0001,6e-74,3e-20,,,2e-06,,,,1.0,1.0,2.0000000000000002e-29,sigl6
siglec9,SIGLEC9,Proteins,0.00454,0.95661,0.00586,0.00089,,0.00854,0.00014,0.00081,0.02103,1e-05,,,0.0,,,,9e-05,0.00111,0.00036,1e-16,,1e-44,0.005,,4e-85,0.01,0.0001,3e-191,0.4,,,0.7,,,,0.6,1.0,5e-05,sigl7
sil1,SIL1,Proteins,0.00153,0.97034,0.00089,0.00136,,0.01957,0.00063,0.00023,0.00125,0.00243,,,0.0001,,,,0.00011,0.00114,0.00043,4e-11,,2e-09,1e-05,,7e-184,2e-07,0.5,6e-13,1.0000000000000001e-24,,,0.04,,,,0.4,1.0,2e-05,sil1
sirpa,SIRPA,Proteins,0.00761,0.97619,0.00712,0.00113,,0.00339,3e-05,0.00018,0.001,1e-05,,,3e-05,,,,0.00017,0.00202,0.00112,5e-47,,9e-68,0.0003,,6e-34,0.3,0.7,1e-09,0.6,,,0.3,,,,0.2,0.4,3e-12,sirp
sirpb1,SIRPB1,Proteins,0.00719,0.93779,0.0153,0.00224,,0.01759,0.00025,0.00054,0.01278,0.00152,,,0.00084,,,,0.00013,0.00137,0.00246,3e-50,,2e-151,8e-13,,2e-173,0.0007,0.01,6e-127,1e-16,,,7e-10,,,,0.3,1.0,4.9999999999999996e-26,sirp1
sirt1,SIRT1,Proteins,0.00134,0.98443,0.00115,0.0073,,0.00095,0.0001,0.00156,0.00057,0.00131,,,1e-05,,,,2e-05,0.00126,0.0,4e-05,,1e-11,2e-53,,2e-10,0.04,7e-10,4e-06,1e-13,,,0.5,,,,1.0,1.0,0.7,sirt
sirt2,SIRT2,Proteins,0.00168,0.95266,0.00163,0.02964,,0.0048,3e-05,0.00281,0.00035,5e-05,,,0.00424,,,,0.0001,0.00199,3e-05,2e-06,,3e-14,6e-264,,2e-48,0.3,2e-21,0.5,0.2,,,6e-43,,,,0.5,0.6,0.3,sirt1
sirt5,SIRT5,Proteins,0.00119,0.99188,0.00017,0.00308,,0.00018,0.00026,0.00054,8e-05,0.00027,,,0.00039,,,,0.00044,0.00145,8e-05,7e-06,,0.06,5e-18,,0.006,0.0009,0.02,1.0,0.0007,,,5e-05,,,,0.002,1.0,0.07,sirt2
sit1,SIT1,Proteins,0.00604,0.89051,0.00588,0.02606,,0.04223,4e-05,0.00324,0.0016,0.01966,,,0.00245,,,,7e-05,0.00211,0.0001,3e-34,,8e-62,9.999999999999999e-244,,0.0,0.2,5e-27,5e-18,8e-201,,,8e-27,,,,0.7,0.1,0.03,sit1
skap1,SKAP1,Proteins,0.00291,0.89911,0.00434,0.02921,,0.03191,8e-05,0.00659,0.00237,0.01182,,,0.00836,,,,0.00012,0.00265,0.00051,5e-18,,5.0000000000000004e-45,2.0000000000000002e-274,,1e-322,0.05,1e-59,6.9999999999999995e-25,3.9999999999999997e-122,,,4e-87,,,,0.3,0.006,9e-07,skap
skap2,SKAP2,Proteins,0.00179,0.94651,0.00096,0.03275,,0.00384,0.0002,0.00663,0.00078,0.00011,,,0.00397,,,,0.00013,0.00219,0.00014,7e-08,,3e-05,2e-296,,1.0000000000000001e-39,0.003,2e-57,0.002,0.03,,,8e-41,,,,0.3,0.1,0.01,skap1
skiv2l,SKIV2L,Proteins,0.00104,0.99557,0.00017,0.00072,,4e-05,2e-05,0.00019,0.00036,0.00024,,,0.0,,,,0.00012,0.00154,0.0,3e-06,,0.007,0.07,,0.2,0.4,0.7,0.0001,0.001,,,0.8,,,,0.4,1.0,0.9,skiv
sla2,SLA2,Proteins,0.00368,0.96338,0.00211,0.01806,,0.00298,0.00063,0.00184,0.00245,2e-05,,,0.00246,,,,7e-05,0.00218,0.00014,1e-16,,6e-14,3e-156,,9.999999999999999e-31,1e-07,6e-13,3e-17,0.3,,,9.999999999999999e-26,,,,0.7,0.1,0.01,sla2
slamf1,SLAMF1,Proteins,0.00209,0.97021,0.00503,0.00081,,0.00714,0.00012,0.00023,0.01083,0.00049,,,0.00047,,,,9e-05,0.00105,0.00143,5e-07,,8.000000000000001e-49,0.02,,8.999999999999999e-69,0.02,0.5,7e-103,4e-06,,,7e-06,,,,0.6,1.0,4e-15,slam
slamf6,SLAMF6,Proteins,0.00254,0.96379,0.00273,0.00193,,0.00832,2e-05,0.00062,0.01798,0.00023,,,1e-05,,,,7e-05,0.0014,0.00035,8e-09,,2.0000000000000002e-24,1e-09,,6e-80,0.4,0.005,1e-166,0.002,,,0.4,,,,0.7,1.0,9e-05,slam1
slamf7,SLAMF7,Proteins,0.02475,0.96069,0.00157,0.00196,,0.0039,0.00077,0.00034,0.00372,1e-05,,,8e-05,,,,2e-05,0.00115,0.00104,6e-200,,3e-10,2e-10,,2.0000000000000002e-39,5e-09,0.2,4e-31,0.4,,,0.05,,,,1.0,1.0,1e-11,slam2
slamf8,SLAMF8,Proteins,0.00577,0.93041,0.02661,0.00163,,0.0154,0.00075,0.00069,0.0,0.00213,,,0.01144,,,,6e-05,0.00124,0.00388,2e-41,,9e-258,6e-08,,5.9999999999999996e-151,7e-09,0.001,1.0,1e-22,,,8e-113,,,,0.8,1.0,1.0000000000000001e-39,slam3
slc12a2,SLC12A2,Proteins,0.00064,0.99453,0.0002,0.00154,,0.0003,8e-05,0.0002,0.00068,1e-05,,,2e-05,,,,0.0001,0.00168,1e-05,0.03,,0.009,1e-06,,0.0004,0.06,0.7,2e-07,0.5,,,0.3,,,,0.5,0.9,0.5,slc1
slc13a1,SLC13A1,Proteins,0.00091,0.98666,0.00074,0.00801,,0.00015,0.00021,0.00083,0.00026,2e-05,,,0.00065,,,,3e-05,0.00152,1e-05,0.006,,5e-06,2e-61,,0.01,0.002,0.0002,0.8,0.3,,,1e-07,,,,1.0,0.8,0.6,slc11
slc16a1,SLC16A1,Proteins,0.00818,0.95957,0.00072,0.00541,,0.01303,5e-05,0.00142,0.00958,0.00043,,,7e-05,,,,0.00013,0.00134,5e-05,2.0000000000000002e-72,,6e-07,1e-38,,2.0000000000000003e-124,0.1,4e-09,7.999999999999999e-91,1e-05,,,0.08,,,,0.3,1.0,0.1,slc12
slc1a4,SLC1A4,Proteins,0.00116,0.9933,0.00276,0.00081,,7e-05,1e-05,5e-05,0.00028,0.0001,,,0.0,,,,8e-05,0.00118,0.00021,2e-08,,6e-27,0.03,,0.08,0.6,1.0,0.001,0.04,,,0.9,,,,0.6,1.0,0.003,slc13
slc27a4,SLC27A4,Proteins,0.00265,0.95642,0.0009,0.02325,,0.00843,0.0,0.00313,0.00146,0.00066,,,0.00101,,,,8e-05,0.00182,0.00018,2e-12,,3e-07,9.999999999999999e-200,,1.0000000000000001e-81,0.7,8.000000000000001e-24,1e-12,8e-08,,,3e-11,,,,0.6,0.7,0.006,slc2
slc28a1,SLC28A1,Proteins,0.00144,0.99579,0.00053,0.00047,,0.00022,0.00011,0.00033,3e-05,0.00013,,,8e-05,,,,8e-05,0.00078,1e-05,2e-10,,4e-06,0.5,,0.002,0.03,0.2,0.5,0.02,,,0.07,,,,0.7,1.0,0.5,slc21
slc34a3,SLC34A3,Proteins,0.00078,0.99674,8e-05,0.00055,,3e-05,1e-05,0.00035,0.00044,8e-05,,,0.0,,,,3e-05,0.00091,0.0,0.002,,0.1,0.3,,0.3,0.5,0.2,3e-05,0.07,,,0.9,,,,0.9,1.0,0.9,slc3
slc39a14,SLC39A14,Proteins,0.00815,0.94904,0.00603,0.00217,,0.02074,0.00069,0.00038,0.00922,0.00029,,,0.00139,,,,6e-05,0.00153,0.00031,3e-61,,9.999999999999999e-57,9e-12,,3e-198,4e-08,0.1,7e-87,0.0004,,,5e-15,,,,0.8,1.0,0.0002,slc31
slc39a5,SLC39A5,Proteins,0.04029,0.81905,0.02096,0.00895,,0.06786,0.00023,0.00039,0.03862,0.00192,,,2e-05,,,,8e-05,0.00135,0.00027,0.0,,5.999999999999999e-222,2e-85,,0.0,0.0006,0.04,0.0,2.0000000000000002e-23,,,0.3,,,,0.6,0.9,0.0002,slc32
slc44a4,SLC44A4,Proteins,0.00075,0.99618,7e-05,0.00043,,1e-05,2e-05,0.00041,0.00047,0.00041,,,0.0,,,,0.00022,0.00098,5e-05,0.04,,0.2,0.6,,0.5,0.3,0.1,2e-05,3e-05,,,0.7,,,,0.09,1.0,0.2,slc4
slc4a1,SLC4A1,Proteins,0.00079,0.92923,0.00375,0.04154,,0.0033,0.00012,0.00215,0.01499,0.00016,,,3e-05,,,,0.00028,0.0035,0.00016,0.006,,1e-36,0.0,,5e-35,0.02,3e-16,8e-149,0.007,,,0.2,,,,0.02,1e-06,0.006,slc41
slc51b,SLC51B,Proteins,0.00377,0.975,0.00236,0.00116,,0.00152,0.00075,0.00033,0.01235,0.00017,,,0.0007,,,,0.00012,0.00167,9e-05,1e-15,,2e-13,0.0002,,7e-16,2e-08,0.2,5.999999999999999e-106,0.008,,,4e-08,,,,0.4,0.9,0.05,slc5
slc9a3r1,SLC9A3R1,Proteins,0.00368,0.95886,0.00085,0.02195,,0.00578,0.00012,0.00213,0.00085,0.00082,,,0.00282,,,,0.00013,0.00199,3e-05,3.9999999999999997e-25,,0.6,1e-188,,8e-57,0.02,4e-15,0.6,2e-09,,,1.0000000000000001e-28,,,,0.4,0.3,0.3,slc9
slc9a3r2,SLC9A3R2,Proteins,0.0034,0.94814,0.00195,0.00083,,0.01032,5e-05,0.00066,0.02998,0.00228,,,0.00037,,,,0.00021,0.00101,0.0008,2e-09,,4e-14,0.01,,7e-103,0.1,0.002,1e-285,4.0000000000000004e-24,,,5e-05,,,,0.09,1.0,2e-09,slc91
slirp,SLIRP,Proteins,0.0014,0.99381,0.00019,0.00157,,0.00097,1e-05,0.00031,4e-05,6e-05,,,0.00023,,,,5e-05,0.00132,5e-05,4e-05,,0.008,1e-06,,2e-10,0.5,0.3,0.4,0.1,,,0.002,,,,0.8,1.0,0.2,slir
slit2,SLIT2,Proteins,0.00088,0.98016,0.00108,0.00085,,0.01461,0.00021,0.00014,0.00044,8e-05,,,1e-05,,,,5e-05,0.00143,7e-05,0.006,,1e-09,0.01,,2e-136,0.003,0.9,0.002,0.07,,,0.6,,,,0.8,1.0,0.1,slit
slitrk1,SLITRK1,Proteins,0.00504,0.79674,0.00659,0.00213,,0.09404,6e-05,0.00083,0.05534,0.03649,,,0.00121,,,,3e-05,0.00151,0.0,6e-35,,6e-43,1e-14,,0.0,0.09,9e-06,0.0,0.0,,,2e-15,,,,0.9,0.5,0.7,slit1
slitrk2,SLITRK2,Proteins,0.01097,0.87613,0.00314,0.0041,,0.03974,2e-05,0.00082,0.03321,0.03053,,,0.0,,,,0.00013,0.00109,0.00011,9.999999999999999e-87,,3e-30,7e-32,,0.0,0.3,3e-05,0.0,1e-322,,,0.7,,,,0.3,1.0,0.02,slit2
slitrk6,SLITRK6,Proteins,0.00782,0.96693,0.00882,0.00086,,0.00688,0.00107,0.00037,0.0023,0.00082,,,0.00262,,,,4e-05,0.00118,0.0003,1e-57,,2.0000000000000002e-82,0.01,,2.0000000000000002e-66,1e-11,0.1,2e-21,3e-09,,,1.9999999999999998e-26,,,,0.9,1.0,0.0003,slit3
slk,SLK,Proteins,0.00068,0.99631,4e-05,0.00076,,3e-05,1e-05,0.00025,6e-05,0.00031,,,4e-05,,,,0.00017,0.00127,6e-05,0.01,,0.2,0.04,,0.3,0.4,0.5,0.1,0.0003,,,0.2,,,,0.2,1.0,0.1,slk
slmap,SLMAP,Proteins,0.00186,0.93683,0.00592,0.03135,,0.00887,0.00018,0.0102,0.00151,0.0,,,0.00067,,,,0.00029,0.00204,0.00029,7e-10,,7e-58,3.9999999999999995e-287,,8e-90,0.004,1e-92,7e-14,0.8,,,3e-08,,,,0.02,0.1,0.0003,slma
slurp1,SLURP1,Proteins,0.01444,0.90919,0.02527,0.0047,,0.01803,0.00189,0.01341,0.00719,0.00235,,,0.00013,,,,0.00019,0.00213,0.00108,5e-96,,3.0000000000000004e-247,1e-35,,1.9999999999999999e-184,5e-21,6e-127,1e-65,7.999999999999999e-26,,,0.01,,,,0.1,0.1,1e-12,slur
smad1,SMAD1,Proteins,0.00293,0.94044,0.00222,0.0249,,0.01214,0.00067,0.0041,0.00795,0.00183,,,0.00042,,,,0.00015,0.00222,4e-05,1e-09,,0.005,1.9999999999999998e-218,,2e-118,5e-08,5e-33,1e-58,2e-19,,,2e-05,,,,0.3,0.3,0.2,smad
smad2,SMAD2,Proteins,0.00272,0.94305,0.00151,0.0338,,0.00568,0.00021,0.00454,0.00399,0.00052,,,0.00138,,,,0.00013,0.00242,6e-05,7e-14,,0.3,4e-308,,7e-58,0.002,4e-38,1.9999999999999998e-26,1e-06,,,2e-15,,,,0.3,0.01,0.1,smad1
smad3,SMAD3,Proteins,0.00145,0.96092,0.00072,0.02851,,0.00061,0.00033,0.00273,0.00087,0.00031,,,0.0009,,,,6e-05,0.0026,1e-05,8e-09,,0.5,3e-253,,2e-07,0.0001,9e-21,0.008,0.0002,,,2e-10,,,,0.8,0.004,0.5,smad2
smad5,SMAD5,Proteins,0.0022,0.90023,0.03061,0.00289,,0.03343,0.00366,0.0007,0.00922,0.01541,,,0.0,,,,7e-05,0.00137,0.0002,7e-13,,5e-301,2e-19,,0.0,2.0000000000000002e-39,0.0005,7.999999999999999e-86,5e-159,,,0.7,,,,0.7,1.0,0.002,smad3
smarca2,SMARCA2,Proteins,0.00229,0.97918,0.00205,0.01103,,0.00147,0.00024,0.00108,0.00024,1e-05,,,0.00091,,,,4e-05,0.00146,0.0,2e-10,,2e-18,1.9999999999999998e-86,,3e-15,0.002,3e-06,0.7,0.6,,,5e-10,,,,0.9,1.0,0.8,smar
smc3,SMC3,Proteins,0.00057,0.99673,0.00026,0.00033,,0.0001,0.0,0.00037,0.00021,0.00028,,,8e-05,,,,4e-05,0.00102,0.0,0.04,,0.002,0.8,,0.04,0.8,0.2,0.008,0.0006,,,0.06,,,,0.9,1.0,0.8,smc3
smndc1,SMNDC1,Proteins,0.00124,0.85777,0.0028,0.07171,,0.03602,0.00026,0.00417,0.01026,0.01142,,,0.00163,,,,0.00013,0.00216,0.00043,5e-06,,3e-23,0.0,,0.0,0.0003,2e-38,4e-104,2e-125,,,2e-19,,,,0.3,0.01,4e-06,smnd
smoc1,SMOC1,Proteins,0.01525,0.78593,0.0914,0.00525,,0.05622,0.0,0.00059,0.02114,2e-05,,,0.01891,,,,0.00018,0.00174,0.00337,1e-125,,0.0,4.0000000000000005e-49,,0.0,1.0,0.0007,9e-199,0.3,,,1e-224,,,,0.08,0.4,5e-42,smoc
smoc2,SMOC2,Proteins,0.00684,0.82023,0.02634,0.00104,,0.03959,0.00241,0.00068,0.09768,0.00227,,,0.0,,,,0.0001,0.00137,0.00145,2e-37,,3e-276,5e-05,,0.0,5.0000000000000004e-29,0.0002,0.0,2e-27,,,0.8,,,,0.4,0.8,3e-18,smoc1
smpd1,SMPD1,Proteins,0.00189,0.94046,0.00928,0.00256,,0.00063,0.00175,0.00113,0.02144,0.0152,,,0.00308,,,,0.00026,0.00143,0.00091,2e-05,,4e-83,1e-15,,9e-08,5e-19,4e-07,8.000000000000001e-202,2e-151,,,1.9999999999999998e-32,,,,0.04,1.0,1e-10,smpd
smpd3,SMPD3,Proteins,0.0039,0.98443,0.0012,0.00085,,0.00132,9e-05,0.00041,0.00424,0.00163,,,0.00082,,,,0.00012,0.00091,8e-05,2.0000000000000002e-29,,0.0001,0.02,,8e-14,0.06,0.09,5e-33,9e-17,,,4e-09,,,,0.4,1.0,0.07,smpd1
smpdl3a,SMPDL3A,Proteins,0.00289,0.97001,0.00031,0.00057,,0.0092,0.00039,0.0005,0.00986,0.00479,,,0.00032,,,,7e-05,0.00106,3e-05,1e-13,,0.0003,0.2,,1e-89,4e-05,0.02,1e-95,1e-47,,,0.0002,,,,0.7,1.0,0.2,smpd2
smpdl3b,SMPDL3B,Proteins,0.00053,0.99603,0.00137,0.00071,,2e-05,1e-05,0.00027,0.00013,0.00013,,,4e-05,,,,2e-05,0.00071,3e-05,0.008,,2e-14,0.06,,0.4,0.6,0.4,0.02,0.02,,,0.2,,,,1.0,1.0,0.3,smpd3
sms,SMS,Proteins,0.00121,0.97551,0.00162,0.01514,,0.00101,0.00041,0.00156,0.00018,0.00069,,,0.00128,,,,3e-05,0.00133,4e-05,1e-05,,4e-15,4e-123,,6e-11,3e-05,5e-10,0.7,6e-08,,,1e-13,,,,0.9,1.0,0.2,sms
smtn,SMTN,Proteins,0.00167,0.91486,0.00192,0.06148,,0.00162,9e-05,0.01134,0.00175,0.00024,,,2e-05,,,,0.00017,0.00471,0.00013,7e-13,,1e-20,0.0,,3e-18,0.04,2.9999999999999997e-106,8e-19,0.0008,,,0.3,,,,0.2,7e-15,0.01,smtn
snap23,SNAP23,Proteins,0.00556,0.94045,0.00119,0.02646,,0.00806,0.00038,0.00658,0.00221,0.00026,,,0.00657,,,,8e-05,0.00197,0.00024,2.0000000000000002e-29,,0.0003,2.0000000000000003e-237,,8.000000000000001e-81,4e-05,4.9999999999999996e-57,1e-14,0.0006,,,3e-66,,,,0.6,0.4,0.0009,snap
snap25,SNAP25,Proteins,0.00292,0.96246,0.00049,0.00771,,0.00228,2e-05,0.00068,0.01799,0.0005,,,0.00325,,,,6e-05,0.00149,0.00014,5e-10,,0.3,2e-58,,3e-23,0.3,0.002,2.0000000000000003e-165,3e-06,,,1.9999999999999998e-32,,,,0.8,0.9,0.01,snap1
snap29,SNAP29,Proteins,0.00297,0.95852,0.00123,0.01527,,0.009,0.00035,0.00331,0.00217,0.00085,,,0.00426,,,,9e-05,0.00191,6e-05,3e-11,,0.3,1.9999999999999998e-130,,5.0000000000000004e-89,9e-05,4.9999999999999996e-26,5e-11,7e-10,,,3e-43,,,,0.5,0.7,0.1,snap2
snapin,SNAPIN,Proteins,0.00053,0.9424,0.00446,0.03227,,0.00481,0.00055,0.00534,0.00706,0.0,,,0.00088,,,,0.00017,0.00153,0.0,0.01,,6e-19,7e-295,,2.0000000000000003e-49,6e-07,8e-46,7e-45,0.6,,,3e-10,,,,0.2,0.8,0.8,snap3
snca,SNCA,Proteins,0.0032,0.94406,0.00211,0.01995,,0.01341,1e-05,0.00318,0.00502,0.00077,,,0.00657,,,,8e-05,0.00159,5e-05,1e-14,,0.5,3e-173,,8.000000000000001e-131,0.5,8.999999999999998e-25,3.9999999999999996e-30,5e-09,,,3e-65,,,,0.6,0.8,0.1,snca
sncg,SNCG,Proteins,0.00273,0.79524,0.06465,0.00142,,0.10949,0.00065,0.00034,0.01933,0.00038,,,0.00212,,,,8e-05,0.00128,0.00228,9e-08,,0.0,2e-08,,0.0,4e-09,0.08,5.000000000000001e-215,7e-06,,,1.9999999999999998e-26,,,,0.5,0.9,3e-28,sncg
sned1,SNED1,Proteins,0.00173,0.94571,0.02336,0.00923,,0.00127,0.00025,0.00112,0.00524,3e-05,,,0.00895,,,,0.0001,0.00169,0.00131,2e-05,,9.999999999999999e-192,7e-74,,6e-14,0.0008,7e-07,8e-19,0.3,,,8.000000000000001e-88,,,,0.5,0.8,2e-14,sned
snrpb2,SNRPB2,Proteins,0.00346,0.88609,0.01426,0.03355,,0.04264,0.00121,0.00317,0.00432,0.00693,,,0.00055,,,,0.00017,0.00184,0.00181,3e-20,,7e-139,0.0,,0.0,2e-14,3e-27,8e-35,8.000000000000001e-75,,,3e-07,,,,0.1,0.2,7e-21,snrp
snu13,SNU13,Proteins,0.00312,0.98601,0.00212,0.00455,,0.00064,0.00036,0.00063,0.00097,0.0,,,0.00025,,,,5e-05,0.00129,1e-05,2e-19,,8e-21,5e-30,,2e-07,0.0001,0.005,4e-10,1.0,,,0.001,,,,0.8,1.0,0.6,snu1
snx15,SNX15,Proteins,0.00491,0.92004,0.0012,0.04257,,0.01048,0.00031,0.00454,0.01006,0.00058,,,0.00339,,,,0.00015,0.00165,0.00012,4.0000000000000006e-34,,0.0006,0.0,,2e-105,0.0002,3e-38,5e-92,3e-07,,,2e-35,,,,0.2,0.6,0.02,snx1
snx18,SNX18,Proteins,0.00258,0.97696,0.00644,0.00821,,4e-05,0.00052,0.00064,0.00235,0.00016,,,0.00034,,,,0.00012,0.00152,0.0001,5e-19,,2e-62,6.999999999999999e-64,,0.2,2e-06,0.003,2.0000000000000002e-23,0.008,,,0.0001,,,,0.4,0.8,0.04,snx11
snx2,SNX2,Proteins,0.00674,0.97811,0.00095,0.00479,,0.0,0.0006,0.00039,0.0063,0.00013,,,0.00085,,,,0.00016,0.00091,7e-05,2e-51,,0.0007,2e-33,,0.8,3e-07,0.1,2.9999999999999998e-55,0.02,,,1e-09,,,,0.2,1.0,0.08,snx2
snx5,SNX5,Proteins,0.00169,0.97736,0.00073,0.01342,,0.00119,0.00025,0.00193,0.00021,7e-05,,,0.00127,,,,0.0003,0.00159,1e-05,2e-07,,2e-06,3e-108,,1e-12,0.001,5e-13,0.6,0.08,,,2e-13,,,,0.02,0.9,0.6,snx5
snx9,SNX9,Proteins,0.00199,0.92715,0.0006,0.05105,,0.00592,0.0,0.00516,0.00052,8e-05,,,0.00534,,,,0.0002,0.00198,1e-05,8e-08,,0.03,0.0,,9e-61,0.8,2.9999999999999997e-44,0.4,0.06,,,5e-55,,,,0.1,0.3,0.4,snx9
sod1,SOD1,Proteins,0.00245,0.90232,0.00101,0.05267,,0.00879,0.00103,0.00542,0.01866,0.00143,,,0.00405,,,,0.00011,0.00207,0.0,1e-08,,0.004,0.0,,9e-90,6e-12,4e-47,4e-179,5e-16,,,1.9999999999999998e-42,,,,0.4,0.2,0.9,sod1
sod2,SOD2,Proteins,0.01194,0.92074,0.00502,0.00632,,7e-05,0.00148,0.00141,0.04774,0.00278,,,0.0003,,,,2e-05,0.00181,0.00037,2e-104,,7e-18,3.9999999999999996e-50,,0.07,1e-16,1e-09,0.0,7.999999999999999e-30,,,0.0002,,,,1.0,0.6,3e-05,sod2
sod3,SOD3,Proteins,0.00455,0.82705,0.07462,0.00721,,0.00966,0.00017,0.00143,0.06675,0.00557,,,0.00099,,,,4e-05,0.00101,0.00095,2.0000000000000002e-28,,0.0,9e-67,,1.9999999999999998e-110,0.003,2e-11,0.0,1e-64,,,7e-13,,,,0.8,1.0,2e-12,sod3
sorbs1,SORBS1,Proteins,0.00183,0.87904,0.03426,0.00286,,0.07203,0.00071,0.00038,0.00238,2e-05,,,0.00261,,,,7e-05,0.00134,0.00248,3e-06,,0.0,6e-20,,0.0,4e-09,0.07,9e-21,0.3,,,1.0000000000000001e-29,,,,0.7,0.9,4.0000000000000003e-28,sorb
sorcs2,SORCS2,Proteins,0.0246,0.86021,0.09488,0.00692,,0.00419,0.00018,0.0004,0.00015,0.00196,,,0.0,,,,3e-05,0.00147,0.00502,4e-216,,0.0,8e-59,,6e-46,0.003,0.06,0.2,2e-22,,,0.7,,,,0.9,0.9,9e-55,sorc
sord,SORD,Proteins,0.00535,0.87188,0.00588,0.0099,,0.06753,0.00074,0.00247,0.03185,0.00024,,,0.00222,,,,9e-05,0.00186,0.0,6.999999999999999e-42,,1e-11,7.000000000000001e-90,,0.0,2e-09,1e-20,4e-285,0.0006,,,1.9999999999999998e-25,,,,0.5,0.5,0.9,sord
sort1,SORT1,Proteins,0.0118,0.94514,0.01569,0.00277,,0.01422,1e-05,0.00141,0.00258,0.001,,,0.00378,,,,6e-05,0.00134,0.00021,5e-94,,9e-133,5e-17,,9e-140,0.6,2e-09,3e-05,2e-11,,,1e-38,,,,0.8,1.0,0.002,sort
sost,SOST,Proteins,0.01767,0.8211,0.06014,0.00566,,0.03016,0.00115,0.00076,0.05362,0.00021,,,0.0079,,,,1e-05,0.00155,7e-05,2e-119,,0.0,3.9999999999999996e-50,,0.0,1e-14,5e-05,0.0,0.001,,,2e-90,,,,1.0,0.7,0.06,sost
sowaha,SOWAHA,Proteins,0.00068,0.99576,0.00012,0.00051,,0.00043,0.0,0.0002,0.00065,1e-05,,,0.00018,,,,0.00017,0.00127,2e-05,0.002,,0.06,0.4,,2e-05,0.9,0.7,4e-07,0.5,,,0.006,,,,0.2,1.0,0.4,sowa
sox2,SOX2,Proteins,0.00041,0.99771,5e-05,0.00049,,2e-05,3e-05,0.00015,3e-05,3e-05,,,8e-05,,,,6e-05,0.00093,3e-05,0.07,,0.2,0.4,,0.3,0.3,0.8,0.5,0.3,,,0.07,,,,0.8,1.0,0.3,sox2
sox9,SOX9,Proteins,0.00218,0.98062,0.00796,0.00135,,0.00275,1e-05,0.00044,0.00227,0.0,,,0.00041,,,,9e-05,0.00162,0.00031,6e-15,,1e-73,2e-05,,2e-27,0.6,0.07,6e-21,1.0,,,3e-05,,,,0.6,0.8,0.0003,sox9
spaca5_spaca5b,SPACA5_SPACA5B,Proteins,0.0047,0.95007,0.00823,0.00095,,1e-05,2e-05,0.00061,0.03208,0.0003,,,0.00049,,,,0.00057,0.00132,0.00066,2e-41,,2e-78,0.002,,0.5,0.3,0.004,2.9999999999999997e-308,0.0002,,,3e-06,,,,0.0001,1.0,5e-08,spac_spac
spag1,SPAG1,Proteins,0.00314,0.98289,0.00042,0.00513,,0.00448,0.00059,0.00104,0.00038,0.0002,,,0.00033,,,,0.00018,0.00111,0.00011,4e-19,,0.1,2e-36,,2e-44,4e-07,4e-06,0.4,0.003,,,0.0001,,,,0.2,1.0,0.03,spag
sparc,SPARC,Proteins,0.00571,0.97313,0.00088,0.00374,,0.00483,0.00025,0.00122,0.00091,0.0028,,,0.00484,,,,0.00011,0.00155,3e-05,3e-33,,0.0003,1.0000000000000001e-24,,5e-48,0.0009,1e-07,0.0002,1.0000000000000001e-28,,,4e-48,,,,0.4,1.0,0.3,spar
sparcl1,SPARCL1,Proteins,0.01439,0.94818,0.01458,0.00318,,0.00036,0.00036,0.0006,0.0092,0.0072,,,3e-05,,,,2e-05,0.00123,0.00068,4e-100,,9.999999999999999e-129,2e-20,,6e-05,6e-05,0.005,1e-76,8.000000000000001e-72,,,0.3,,,,1.0,1.0,4e-08,spar1
spart,SPART,Proteins,0.00158,0.92571,0.00079,0.05015,,0.00469,1e-05,0.0075,0.00206,0.00073,,,0.00376,,,,7e-05,0.00297,0.0,9e-05,,0.2,0.0,,5e-48,0.5,6e-66,2e-14,8e-09,,,6e-39,,,,0.7,0.0001,0.7,spar2
spesp1,SPESP1,Proteins,0.0025,0.82784,6e-05,0.0007,,0.00553,0.00026,0.00062,0.1596,0.0009,,,0.00052,,,,7e-05,0.00131,8e-05,2e-14,,0.9,0.01,,3e-64,0.0002,0.0007,0.0,8e-12,,,2e-07,,,,0.6,0.9,0.04,spes
spink1,SPINK1,Proteins,0.01394,0.92047,0.04021,0.00137,,2e-05,0.00059,0.00038,0.00239,0.01487,,,0.00099,,,,0.00012,0.00119,0.00346,9.999999999999999e-123,,0.0,2e-06,,0.3,2e-07,0.1,2e-22,9e-151,,,1e-11,,,,0.3,1.0,1e-36,spin
spink2,SPINK2,Proteins,0.04523,0.76457,0.00299,0.00259,,0.01041,0.00229,0.00069,0.15999,0.00958,,,4e-05,,,,8e-05,0.00105,0.00048,0.0,,9.000000000000001e-29,2e-20,,1e-125,4.0000000000000003e-29,9e-05,0.0,9.999999999999999e-116,,,0.1,,,,0.5,1.0,3e-07,spin1
spink4,SPINK4,Proteins,0.01652,0.92452,0.04524,0.00102,,0.00183,0.00055,0.00037,0.00162,0.00228,,,0.00184,,,,0.00027,0.00137,0.00257,1e-125,,0.0,0.0006,,5e-20,5e-07,0.1,3e-12,1.0000000000000001e-24,,,4e-20,,,,0.03,1.0,2e-27,spin2
spink5,SPINK5,Proteins,0.01057,0.9092,0.01046,0.0014,,0.00095,0.0,0.00222,0.03137,2e-05,,,0.0318,,,,0.00019,0.00177,4e-05,4.0000000000000004e-82,,6e-90,1e-06,,2e-11,0.9,3e-17,6e-299,0.3,,,6e-321,,,,0.1,0.6,0.2,spin3
spink6,SPINK6,Proteins,0.00648,0.84273,0.02359,0.0065,,0.03087,0.00066,0.02918,0.04354,0.0138,,,0.00028,,,,0.00012,0.00195,0.0003,1e-48,,2e-246,3e-58,,0.0,7e-09,5e-308,0.0,4e-154,,,0.0001,,,,0.3,0.3,9e-05,spin4
spink8,SPINK8,Proteins,0.00256,0.99088,0.00019,0.00057,,0.00185,0.0,0.00029,0.00183,0.00044,,,2e-05,,,,1e-05,0.00136,0.0,6e-15,,0.04,0.2,,1e-18,1.0,0.3,1e-17,2e-05,,,0.3,,,,1.0,1.0,0.9,spin5
spint1,SPINT1,Proteins,0.00928,0.95785,0.00032,0.00287,,0.00022,0.00343,0.00362,0.00014,0.01742,,,0.001,,,,3e-05,0.00167,0.00213,5e-60,,0.001,1e-17,,0.002,6e-35,1.0000000000000001e-28,0.1,1e-168,,,3e-11,,,,0.9,0.9,2e-22,spin6
spint2,SPINT2,Proteins,0.01208,0.94483,0.01477,0.0035,,0.00659,1e-05,0.00175,0.00737,0.0036,,,0.00312,,,,0.00024,0.00152,0.00064,3.9999999999999996e-86,,7e-143,2.0000000000000002e-23,,1.0000000000000001e-66,0.6,2e-12,8e-71,3e-37,,,1.9999999999999998e-32,,,,0.05,0.9,8e-08,spin7
spint3,SPINT3,Proteins,0.00245,0.34983,0.00491,0.00057,,0.00042,0.00071,0.00107,0.61246,0.00352,,,0.00034,,,,0.00206,0.02167,0.0,4.0000000000000004e-24,,9e-108,2e-07,,8e-13,1e-20,1e-22,0.0,2e-95,,,1e-10,,,,3e-52,0.0,1.0,spin8
spock1,SPOCK1,Proteins,0.00391,0.93045,0.0264,0.00325,,0.0013,0.00834,0.00046,0.0225,0.00153,,,0.00035,,,,0.00015,0.00116,0.00018,3e-24,,2e-195,2e-21,,1e-14,2.9999999999999996e-84,0.03,2e-157,6e-17,,,6e-05,,,,0.2,1.0,0.004,spoc
spon1,SPON1,Proteins,0.00277,0.8672,0.09521,0.00227,,0.00207,0.00045,0.0005,0.01868,0.00378,,,0.00044,,,,8e-05,0.00134,0.0052,8e-16,,0.0,1e-14,,7.000000000000001e-24,3e-06,0.01,8e-179,2.9999999999999996e-42,,,3e-06,,,,0.6,0.9,2e-57,spon
spon2,SPON2,Proteins,0.00612,0.82456,0.02972,0.00239,,0.04902,0.00382,0.00057,0.00938,0.00229,,,0.06595,,,,0.00052,0.00198,0.00368,5.9999999999999996e-36,,1.0000000000000001e-283,1e-16,,0.0,2e-44,0.002,4e-61,3e-27,,,0.0,,,,7e-05,0.1,8e-43,spon1
spp1,SPP1,Proteins,0.00679,0.90697,0.06555,0.00238,,0.00238,5e-05,0.00044,0.00876,0.0,,,0.00298,,,,3e-05,0.00119,0.00248,1e-53,,0.0,7e-15,,3e-26,0.1,0.04,1.0000000000000001e-45,0.9,,,1.9999999999999998e-32,,,,0.9,1.0,3e-27,spp1
spred2,SPRED2,Proteins,0.00092,0.9684,0.00096,0.02231,,0.00014,0.00038,0.00479,0.00024,0.0003,,,0.0,,,,6e-05,0.0015,0.0,0.004,,2e-08,2e-188,,0.01,5e-05,4e-38,0.8,0.0004,,,0.8,,,,0.8,0.9,0.7,spre
spring1,SPRING1,Proteins,0.00257,0.99277,0.001,0.00079,,1e-05,0.00039,0.00021,0.00039,0.00048,,,5e-05,,,,7e-05,0.00105,0.00022,6e-16,,2e-09,0.03,,0.5,5e-05,0.7,0.001,7e-06,,,0.2,,,,0.7,1.0,0.003,spri
sprr1b,SPRR1B,Proteins,0.00119,0.99406,0.00089,0.00063,,3e-05,0.00017,0.00035,5e-05,0.0014,,,0.0,,,,5e-05,0.00108,0.0001,8e-05,,2e-09,0.1,,0.3,0.007,0.2,0.7,1e-14,,,0.7,,,,0.8,1.0,0.04,sprr
sprr3,SPRR3,Proteins,0.00309,0.82745,0.00809,0.00109,,0.00038,0.00215,0.00091,0.14659,0.0007,,,0.00828,,,,0.00012,0.0011,3e-05,4e-19,,1e-36,2e-05,,9e-06,4.9999999999999996e-26,2e-06,0.0,2e-09,,,4e-95,,,,0.3,1.0,0.2,sprr1
spry2,SPRY2,Proteins,0.00167,0.9672,0.001,0.02125,,0.00254,0.00028,0.00245,0.00095,3e-05,,,0.00083,,,,0.0001,0.0017,0.0,2e-07,,2e-07,6e-180,,9.999999999999999e-26,0.0004,1e-17,6e-07,0.3,,,2e-09,,,,0.5,0.8,0.7,spry
sptbn2,SPTBN2,Proteins,0.00141,0.98996,0.0002,0.00474,,2e-05,0.0,0.00057,0.00109,0.0003,,,1e-05,,,,0.00016,0.00144,0.0001,5e-09,,0.3,2e-31,,0.4,1.0,0.01,5e-10,0.0004,,,0.5,,,,0.2,1.0,0.04,sptb
sptlc1,SPTLC1,Proteins,0.00122,0.97905,0.00028,0.00724,,0.00876,0.0,0.00157,0.00057,0.0,,,4e-05,,,,7e-05,0.0012,1e-05,3e-08,,0.6,4e-55,,3e-85,0.8,2e-10,0.0003,0.8,,,0.2,,,,0.7,1.0,0.5,sptl
src,SRC,Proteins,0.00088,0.94701,0.00231,0.03767,,0.00068,0.00036,0.00322,0.00124,0.0,,,0.00424,,,,8e-05,0.00206,0.00024,0.0005,,6e-19,0.0,,3e-08,6e-05,9.999999999999999e-26,2e-08,0.7,,,2e-43,,,,0.6,0.5,0.001,src
srp14,SRP14,Proteins,0.00126,0.8875,0.00419,0.04105,,0.03232,0.00041,0.0058,0.01811,0.00653,,,0.0005,,,,3e-05,0.00207,0.00024,4e-05,,1.0000000000000001e-34,0.0,,0.0,1e-05,6e-53,4e-178,1e-69,,,9e-07,,,,0.9,0.3,0.0007,srp1
srpk2,SRPK2,Proteins,0.00125,0.92684,0.0012,0.04453,,0.01461,3e-05,0.00565,0.0024,0.0001,,,0.00012,,,,0.00011,0.00315,0.0,4e-05,,0.05,0.0,,9.000000000000001e-147,0.3,4.0000000000000005e-49,1e-14,0.03,,,0.02,,,,0.4,4e-05,0.9,srpk
srpx,SRPX,Proteins,0.00618,0.82676,0.12805,0.00233,,0.0039,0.00019,0.0004,0.02593,0.00058,,,0.00022,,,,2e-05,0.00122,0.0042,5e-31,,0.0,2e-16,,6e-46,0.002,0.03,8e-291,4e-08,,,0.0007,,,,1.0,1.0,3e-49,srpx
ssb,SSB,Proteins,0.00017,0.99378,0.00027,0.00303,,0.00048,2e-05,0.00042,0.00018,3e-05,,,3e-05,,,,0.00016,0.0013,0.00012,0.2,,0.003,1e-17,,7e-06,0.3,0.09,0.03,0.3,,,0.2,,,,0.2,1.0,0.02,ssb
ssbp1,SSBP1,Proteins,0.00029,0.99598,0.00022,0.00142,,2e-05,4e-05,0.00019,0.00023,4e-05,,,6e-05,,,,6e-05,0.00135,8e-05,0.1,,0.1,9e-06,,0.3,0.2,0.7,0.07,0.2,,,0.1,,,,0.8,1.0,0.07,ssbp
ssc4d,SSC4D,Proteins,0.00662,0.71535,0.00713,0.00087,,0.16842,0.00036,0.00061,0.09765,0.00011,,,8e-05,,,,5e-05,0.00261,0.00015,1.9999999999999998e-30,,0.0002,0.0001,,0.0,4e-06,0.0002,0.0,0.009,,,0.03,,,,0.7,8e-06,0.003,ssc4
ssc5d,SSC5D,Proteins,0.00358,0.86121,0.02137,0.00214,,0.08984,0.00209,0.00123,0.01496,0.00131,,,0.00036,,,,2e-05,0.00129,0.00061,3e-16,,3e-205,1e-13,,0.0,3e-24,6e-09,2e-137,8e-16,,,3e-05,,,,1.0,1.0,4e-08,ssc5
ssh3,SSH3,Proteins,0.00592,0.98325,0.00162,0.0025,,0.00015,8e-05,0.00053,0.00373,0.00064,,,0.00024,,,,0.00014,0.00097,0.00023,6e-43,,9e-13,1e-13,,0.01,0.06,0.02,3e-32,2e-07,,,0.001,,,,0.3,1.0,0.002,ssh3
ssna1,SSNA1,Proteins,0.00387,0.94499,0.00185,0.02157,,0.01498,1e-05,0.00285,0.00236,0.00088,,,0.00436,,,,0.00011,0.00214,4e-05,1e-22,,4e-13,3e-192,,1e-148,0.6,3e-22,3e-18,2e-10,,,8.000000000000001e-45,,,,0.4,0.07,0.2,ssna
st13,ST13,Proteins,0.00156,0.90149,0.00188,0.06806,,0.00448,0.00023,0.00665,0.00853,0.00046,,,0.004,,,,0.00025,0.00237,5e-05,0.0001,,3e-06,0.0,,4e-47,0.001,1e-59,9e-74,3e-06,,,2.9999999999999996e-42,,,,0.04,0.01,0.1,st13
st3gal1,ST3GAL1,Proteins,0.01649,0.87058,0.0122,0.00269,,0.04322,0.00023,0.0003,0.04946,0.00295,,,0.00045,,,,8e-05,0.00119,0.00017,9e-99,,1.9999999999999999e-128,3e-18,,0.0,0.0009,0.2,0.0,4e-33,,,3e-06,,,,0.6,1.0,0.004,st3g
st6gal1,ST6GAL1,Proteins,0.00314,0.90405,0.03032,0.00269,,0.03591,0.00033,0.00053,0.0102,0.00654,,,0.00303,,,,7e-05,0.00115,0.00202,9.000000000000001e-23,,9.999999999999999e-288,1e-17,,0.0,7e-05,0.008,2e-83,2e-69,,,3e-33,,,,0.6,1.0,1e-22,st6g
st8sia1,ST8SIA1,Proteins,0.00092,0.9937,0.00046,0.00057,,3e-05,0.0,0.00023,0.00051,0.00189,,,0.00012,,,,0.00014,0.00137,8e-05,0.005,,8e-05,0.3,,0.3,0.9,0.6,2e-05,6e-19,,,0.02,,,,0.3,1.0,0.07,st8s
stab2,STAB2,Proteins,0.00943,0.86974,0.00813,0.00511,,0.0766,0.00097,0.00053,0.02265,0.00267,,,0.00251,,,,8e-05,0.00145,0.00013,2e-33,,9e-15,3.9999999999999995e-42,,0.0,4e-12,0.006,8e-170,9.999999999999999e-31,,,9.000000000000001e-29,,,,0.6,0.8,0.01,stab
stam,STAM,Proteins,0.00143,0.96892,0.00068,0.0221,,0.0004,4e-05,0.00431,0.00016,8e-05,,,0.00019,,,,6e-05,0.00159,5e-05,3e-10,,5e-07,5e-192,,3e-05,0.2,9e-35,0.1,0.06,,,0.003,,,,0.7,0.7,0.2,stam
stambp,STAMBP,Proteins,0.00136,0.93204,0.00094,0.04468,,0.00441,1e-05,0.00524,0.00491,0.00044,,,0.00354,,,,0.00012,0.00232,0.0,0.0002,,0.5,0.0,,3e-45,0.5,1e-44,4e-41,8e-06,,,1e-36,,,,0.4,0.1,0.7,stam1
stat2,STAT2,Proteins,0.00264,0.93545,0.00074,0.03871,,0.00902,2e-05,0.00675,0.00065,0.00034,,,0.00362,,,,5e-05,0.00193,8e-05,9e-10,,0.05,0.0,,5.0000000000000004e-89,0.3,1e-57,0.6,9e-05,,,6e-37,,,,0.8,0.3,0.06,stat
stat5b,STAT5B,Proteins,0.00272,0.95141,0.00094,0.03004,,0.00337,0.0002,0.00288,0.00198,0.0,,,0.00378,,,,0.00015,0.00242,0.0001,2e-13,,0.006,5e-268,,1.0000000000000001e-34,0.003,3e-22,2e-13,0.9,,,1e-38,,,,0.2,0.1,0.03,stat1
stau1,STAU1,Proteins,0.00223,0.99098,7e-05,0.00144,,0.00107,0.00027,0.00025,0.00051,0.00132,,,2e-05,,,,0.0001,0.00171,1e-05,2e-13,,0.6,6e-06,,2e-11,0.0007,0.5,1e-05,1e-13,,,0.4,,,,0.5,0.7,0.6,stau
stc1,STC1,Proteins,0.01236,0.84314,0.01824,0.00235,,0.0878,0.00164,0.00071,0.02576,0.00245,,,0.00149,,,,7e-05,0.00168,0.00232,4e-100,,9e-200,3e-16,,0.0,7e-20,0.0001,5e-281,6e-29,,,3e-18,,,,0.6,0.5,2e-27,stc1
stc2,STC2,Proteins,0.0039,0.8771,0.04152,0.00137,,0.03864,0.00071,0.00073,0.03179,0.00235,,,8e-05,,,,0.00012,0.00153,0.00017,5e-15,,0.0,6e-07,,0.0,5e-09,0.0002,2e-238,9.999999999999999e-27,,,0.04,,,,0.3,0.8,0.004,stc2
steap4,STEAP4,Proteins,0.00085,0.99656,0.0001,0.00043,,0.0,7e-05,0.00038,0.00018,0.00027,,,0.0,,,,9e-05,0.001,8e-05,0.0003,,0.04,0.6,,0.9,0.09,0.1,0.006,0.0008,,,0.7,,,,0.6,1.0,0.07,stea
stip1,STIP1,Proteins,0.00138,0.91718,0.00109,0.0523,,0.00899,0.00013,0.00629,0.00598,0.00058,,,0.00372,,,,0.00021,0.00214,0.0,8e-06,,3e-05,0.0,,2e-92,0.02,6e-56,5e-55,2e-07,,,2.0000000000000002e-39,,,,0.08,0.2,0.9,stip
stk11,STK11,Proteins,0.00227,0.93718,0.00087,0.03244,,0.01067,6e-05,0.00359,0.00565,0.00071,,,0.00474,,,,8e-05,0.00171,4e-05,4e-08,,0.06,1.9999999999999998e-289,,6e-105,0.1,2.0000000000000002e-28,7e-49,2e-08,,,9e-48,,,,0.6,0.8,0.2,stk1
stk24,STK24,Proteins,0.0016,0.96125,0.00067,0.02659,,0.00202,0.00021,0.00217,0.00043,7e-05,,,0.00286,,,,0.00014,0.002,0.0,1e-06,,0.0007,8e-229,,8e-21,0.003,3e-15,0.3,0.09,,,8.000000000000001e-29,,,,0.3,0.5,0.7,stk2
stk4,STK4,Proteins,0.00143,0.96124,0.00063,0.02361,,0.00214,0.00013,0.00212,0.00033,1e-05,,,0.00566,,,,0.00034,0.00223,0.00013,2e-05,,0.0002,8e-206,,2e-22,0.02,3e-15,1.0,0.6,,,3e-56,,,,0.01,0.2,0.02,stk4
stoml2,STOML2,Proteins,0.00111,0.99354,0.0002,0.00149,,7e-05,0.00018,0.00016,0.0,0.00187,,,0.0,,,,0.00013,0.00124,1e-05,0.004,,0.004,3e-06,,0.08,0.007,0.8,0.8,1e-18,,,0.9,,,,0.4,1.0,0.6,stom
stx16,STX16,Proteins,0.00116,0.96545,0.00063,0.02346,,0.00213,0.0003,0.00396,0.00057,0.00035,,,0.00014,,,,3e-05,0.00179,3e-05,0.0005,,0.001,1.9999999999999997e-199,,9e-22,0.0004,8e-31,0.005,0.0001,,,0.01,,,,0.9,0.9,0.3,stx1
stx1b,STX1B,Proteins,0.0013,0.98719,0.00466,0.00087,,0.00173,0.0,0.00032,0.00209,0.00022,,,2e-05,,,,0.00019,0.00116,0.00026,1e-07,,8e-43,0.01,,1e-17,0.9,0.3,4e-19,0.002,,,0.4,,,,0.2,1.0,0.0009,stx11
stx3,STX3,Proteins,0.0019,0.98759,0.00015,0.00547,,0.00057,1e-05,0.00082,0.00124,0.00052,,,0.00037,,,,0.00016,0.00114,6e-05,8e-08,,0.7,4.0000000000000004e-39,,6e-07,0.5,0.0002,6e-12,2e-06,,,7e-05,,,,0.2,1.0,0.1,stx3
stx4,STX4,Proteins,0.00203,0.91922,0.00422,0.04078,,0.01898,0.0,0.00735,0.00255,0.0014,,,0.00036,,,,3e-05,0.00275,0.00033,5e-13,,3e-34,0.0,,4.9999999999999995e-191,1.0,6e-66,2e-17,8e-16,,,5e-05,,,,0.9,0.009,0.0001,stx4
stx5,STX5,Proteins,0.00054,0.99074,0.00041,0.00414,,0.00067,0.00015,0.00066,0.00024,0.00085,,,0.00022,,,,8e-05,0.00114,0.00015,0.02,,0.0001,9.999999999999999e-27,,1e-07,0.01,0.003,0.007,2e-09,,,0.003,,,,0.7,1.0,0.01,stx5
stx6,STX6,Proteins,0.00147,0.95848,0.00032,0.02724,,0.00437,7e-05,0.00397,0.00092,0.00037,,,0.0003,,,,0.0001,0.00236,1e-05,6e-05,,0.002,3e-235,,4e-43,0.08,4e-31,2e-09,5e-05,,,0.0003,,,,0.5,0.2,0.5,stx6
stx7,STX7,Proteins,0.00092,0.89768,0.00036,0.04788,,0.01456,0.00025,0.00327,0.03187,0.00045,,,0.00081,,,,4e-05,0.00184,7e-05,0.001,,0.3,0.0,,6e-148,0.0006,7e-27,5e-315,5e-06,,,9e-10,,,,0.9,0.3,0.06,stx7
stx8,STX8,Proteins,0.00226,0.94421,0.00077,0.0324,,0.01212,0.0,0.00344,0.00136,0.0005,,,0.00162,,,,6e-05,0.00114,0.00013,6e-13,,0.002,1.9999999999999999e-292,,4e-120,0.7,2e-27,1e-09,2e-06,,,1e-17,,,,0.8,1.0,0.01,stx8
stxbp1,STXBP1,Proteins,0.00433,0.96413,0.00065,0.01839,,0.00274,0.00022,0.00203,0.00055,0.00027,,,0.00419,,,,7e-05,0.00237,6e-05,1.9999999999999998e-26,,0.02,4.0000000000000005e-159,,2.0000000000000002e-28,0.002,1e-14,0.5,0.0005,,,1.9999999999999998e-42,,,,0.7,0.03,0.1,stxb
stxbp3,STXBP3,Proteins,0.0016,0.97283,0.0006,0.01777,,0.00116,0.00039,0.00222,0.00116,8e-05,,,5e-05,,,,3e-05,0.00208,1e-05,9e-09,,0.2,4e-147,,2e-12,4e-05,2e-15,5e-07,0.06,,,0.1,,,,0.9,0.6,0.5,stxb1
sugp1,SUGP1,Proteins,0.00244,0.94488,0.00166,0.03454,,0.00603,8e-05,0.00648,0.00088,0.00045,,,0.00049,,,,2e-05,0.00202,3e-05,6e-13,,1e-09,2e-314,,3e-61,0.06,3e-56,0.3,6e-06,,,2e-06,,,,1.0,0.1,0.3,sugp
sugt1,SUGT1,Proteins,0.0024,0.95408,0.00072,0.02949,,0.00093,1e-05,0.00301,0.00069,4e-05,,,0.00559,,,,0.00016,0.00278,0.0001,9e-15,,0.04,8e-257,,2e-10,0.4,1e-22,0.09,0.2,,,5.9999999999999996e-55,,,,0.2,0.02,0.04,sugt
sult1a1,SULT1A1,Proteins,0.00214,0.94722,0.00093,0.03526,,1e-05,6e-05,0.00329,0.00015,1e-05,,,0.00834,,,,0.00016,0.00241,4e-05,3e-12,,3e-10,1e-321,,0.5,0.1,1.9999999999999998e-26,0.04,0.6,,,5.999999999999999e-84,,,,0.2,0.06,0.2,sult
sult2a1,SULT2A1,Proteins,0.00266,0.89567,0.01038,0.00135,,0.04944,0.0105,0.00069,0.02183,0.00472,,,0.00062,,,,6e-05,0.00155,0.00053,7e-12,,5e-90,2e-06,,0.0,6e-110,0.0005,1e-206,9.999999999999999e-51,,,6e-08,,,,0.7,0.8,6e-07,sult1
sumf1,SUMF1,Proteins,0.00153,0.99507,4e-05,0.00089,,0.00026,0.00029,0.00065,0.0,3e-05,,,2e-05,,,,2e-05,0.00116,4e-05,2e-10,,0.2,0.01,,0.0009,0.0005,0.004,0.9,0.3,,,0.4,,,,1.0,1.0,0.2,sumf
sumf2,SUMF2,Proteins,0.0086,0.93745,0.00514,0.00605,,0.02644,0.00037,0.00091,0.00525,0.00108,,,0.00725,,,,2e-05,0.00134,0.00011,1.0000000000000001e-60,,5e-28,4e-47,,4e-262,4e-05,2e-05,4.0000000000000003e-29,2e-12,,,5e-74,,,,1.0,1.0,0.03,sumf1
suox,SUOX,Proteins,0.00278,0.89619,0.00382,0.00266,,0.0538,0.00102,0.00195,0.03294,1e-05,,,0.00312,,,,0.00018,0.00136,0.00017,3e-18,,8e-31,1e-17,,0.0,3e-12,3e-15,0.0,0.6,,,3e-34,,,,0.1,0.9,0.005,suox
susd1,SUSD1,Proteins,0.00187,0.96144,0.00105,0.01034,,0.00239,3e-05,0.00252,0.00114,3e-05,,,0.0173,,,,0.0001,0.00167,0.00012,4e-08,,6e-05,3e-82,,2.0000000000000002e-24,0.3,2e-18,9e-06,0.2,,,5e-164,,,,0.5,0.9,0.03,susd
susd2,SUSD2,Proteins,0.01884,0.85864,0.05724,0.00159,,0.02446,0.00038,0.00045,0.00299,0.03267,,,5e-05,,,,1e-05,0.00126,0.00141,1e-178,,0.0,6e-09,,1e-262,1e-05,0.02,0.0002,0.0,,,0.1,,,,1.0,1.0,6e-17,susd1
susd4,SUSD4,Proteins,0.00576,0.94008,0.00168,0.00125,,0.00047,0.00026,0.00021,0.0404,0.0076,,,0.00032,,,,4e-05,0.00136,0.00058,2e-37,,2e-17,2e-05,,4e-06,0.0006,0.6,0.0,6e-77,,,0.0001,,,,0.9,0.9,3e-07,susd2
susd5,SUSD5,Proteins,0.01054,0.78822,0.1217,0.00309,,0.00429,2e-05,0.00049,0.06051,0.0064,,,0.00022,,,,3e-05,0.00163,0.00287,2e-38,,0.0,2.0000000000000002e-24,,4e-51,0.3,0.006,0.0,2.0000000000000002e-75,,,0.0006,,,,0.9,0.3,8e-35,susd3
sv2a,SV2A,Proteins,0.00137,0.97944,0.00119,0.01159,,0.00137,1e-05,0.0024,0.00033,3e-05,,,0.00032,,,,0.0001,0.00185,1e-05,6e-05,,3e-11,9e-92,,2e-14,0.5,6e-17,0.007,0.3,,,0.0002,,,,0.5,0.5,0.5,sv2a
swap70,SWAP70,Proteins,0.00264,0.94976,0.00588,0.01172,,0.0206,0.0005,0.00258,0.00198,0.00133,,,0.00117,,,,0.00023,0.00116,0.00045,2e-10,,2e-43,1e-98,,5.000000000000001e-202,2e-06,1e-19,0.0001,9e-15,,,3e-13,,,,0.07,1.0,6e-06,swap
syap1,SYAP1,Proteins,0.00319,0.94534,0.00251,0.02781,,0.00754,0.0,0.00294,0.00383,0.00015,,,0.00417,,,,9e-05,0.00234,8e-05,8e-20,,0.002,1e-245,,2e-74,0.8,1e-22,1e-16,0.009,,,3.9999999999999995e-42,,,,0.6,0.04,0.05,syap
syngap1,SYNGAP1,Proteins,0.00087,0.99602,0.0006,0.0008,,6e-05,6e-05,0.0003,0.00022,3e-05,,,1e-05,,,,4e-05,0.00092,7e-05,0.001,,6e-07,0.03,,0.1,0.1,0.3,0.003,0.3,,,0.6,,,,0.9,1.0,0.09,syng
syt1,SYT1,Proteins,0.00339,0.924,0.02239,0.01212,,0.02253,0.00236,0.00181,0.00696,0.00115,,,0.00019,,,,6e-05,0.00126,0.00176,2e-10,,3e-200,8e-106,,4e-227,9.999999999999999e-26,2e-13,3e-46,3e-13,,,0.003,,,,0.7,1.0,1e-19,syt1
sytl4,SYTL4,Proteins,0.00229,0.9642,0.0007,0.01901,,0.00482,0.00022,0.00418,0.00128,1e-05,,,0.00085,,,,9e-05,0.00231,5e-05,5e-11,,0.05,4.0000000000000005e-165,,1e-48,0.002,6e-34,5e-08,0.6,,,8e-10,,,,0.6,0.09,0.1,sytl
tab2,TAB2,Proteins,0.00122,0.9241,0.00147,0.05905,,1e-05,0.00048,0.00893,0.00044,8e-05,,,0.00079,,,,0.00027,0.00309,7e-05,0.0001,,8e-12,0.0,,0.5,3e-06,3e-80,0.9,0.05,,,2e-09,,,,0.03,2e-05,0.07,tab2
tacc3,TACC3,Proteins,0.00673,0.95474,0.00097,0.02538,,0.00115,0.00038,0.00299,0.00103,0.0,,,0.00395,,,,0.00015,0.00246,6e-05,5.999999999999999e-54,,0.005,7e-224,,9e-13,4e-05,4.0000000000000004e-23,0.001,0.8,,,4e-40,,,,0.3,0.1,0.1,tacc
tada3,TADA3,Proteins,0.00137,0.97391,0.00113,0.01583,,0.00264,0.00013,0.00153,0.00042,0.00047,,,0.00033,,,,0.00013,0.00204,7e-05,1e-05,,3e-09,2e-133,,5e-27,0.02,4e-10,0.06,6e-06,,,0.0002,,,,0.3,0.2,0.08,tada
tafa5,TAFA5,Proteins,0.01107,0.90445,0.03778,0.00489,,0.02383,0.00375,0.00389,0.0021,0.00339,,,0.00099,,,,8e-05,0.00187,0.0019,1e-51,,0.0,1e-37,,2e-242,2.9999999999999998e-40,3e-33,1e-22,2e-36,,,1e-11,,,,0.6,0.6,4e-21,tafa
tagln3,TAGLN3,Proteins,0.00071,0.99728,2e-05,0.00054,,0.0,1e-05,0.00022,0.00013,0.00021,,,1e-05,,,,0.00016,0.00069,0.0,0.01,,0.4,0.3,,0.9,0.5,0.6,0.03,0.003,,,0.4,,,,0.2,1.0,0.9,tagl
taldo1,TALDO1,Proteins,0.00273,0.89622,0.00318,0.03321,,0.02468,0.00051,0.00528,0.02442,0.00357,,,0.00372,,,,0.00013,0.00206,0.00029,5e-08,,7e-05,8e-319,,4e-255,7e-07,1e-47,1e-223,7e-39,,,2e-40,,,,0.3,0.1,0.0002,tald
tank,TANK,Proteins,0.00348,0.94444,0.00099,0.03358,,0.0047,0.00047,0.00802,0.00092,0.00034,,,0.00092,,,,0.00014,0.0019,0.0001,3e-28,,2e-06,3e-298,,4e-47,5e-06,3e-69,9e-06,0.0001,,,2e-10,,,,0.3,0.5,0.04,tank
tap1,TAP1,Proteins,0.00102,0.99655,0.00068,0.00036,,5e-05,2e-05,0.00012,2e-05,0.0,,,0.0,,,,0.00012,0.00105,1e-05,0.003,,1e-07,0.8,,0.1,0.3,0.9,0.6,0.7,,,0.8,,,,0.4,1.0,0.6,tap1
tarbp2,TARBP2,Proteins,0.00198,0.92491,0.00102,0.04895,,0.00866,0.0001,0.00705,0.00177,0.00027,,,0.00281,,,,7e-05,0.0024,0.0,8e-07,,0.7,0.0,,9.999999999999999e-87,0.03,2e-61,5e-09,0.0005,,,2.0000000000000002e-29,,,,0.7,0.07,0.6,tarb
tarm1,TARM1,Proteins,0.00069,0.99469,0.00069,0.00059,,7e-05,7e-05,0.00054,0.00105,0.00012,,,3e-05,,,,4e-05,0.00142,0.0,0.0004,,4e-07,0.2,,0.08,0.09,0.02,1e-10,0.02,,,0.2,,,,0.9,1.0,0.7,tarm
tars1,TARS1,Proteins,0.00216,0.97969,0.00089,0.01242,,0.0,0.00018,0.00076,0.00039,0.00022,,,0.00113,,,,0.00022,0.00194,0.0,9e-16,,1e-08,1e-101,,0.8,0.005,0.0005,0.0008,0.002,,,2e-12,,,,0.08,0.3,0.7,tars
tax1bp1,TAX1BP1,Proteins,0.00129,0.90993,0.00057,0.05633,,0.0137,7e-05,0.01285,0.00122,0.00083,,,1e-05,,,,9e-05,0.0031,1e-05,1e-06,,0.004,0.0,,1e-141,0.06,3.9999999999999997e-122,4e-10,4e-10,,,0.6,,,,0.5,1e-05,0.5,tax1
tbc1d17,TBC1D17,Proteins,0.00379,0.90161,0.00044,0.0656,,0.00479,0.00132,0.00586,0.01208,0.00084,,,0.00077,,,,4e-05,0.00271,0.00015,7e-22,,0.005,0.0,,6e-50,6e-15,1e-51,3e-120,5e-10,,,2e-09,,,,0.9,0.005,0.009,tbc1
tbc1d23,TBC1D23,Proteins,0.00098,0.94186,0.00091,0.04388,,0.00194,0.00021,0.0046,0.0005,3e-05,,,0.00202,,,,8e-05,0.00289,8e-05,2e-05,,2e-05,0.0,,8e-21,0.002,2e-38,0.8,0.2,,,1e-21,,,,0.6,0.005,0.05,tbc11
tbc1d5,TBC1D5,Proteins,0.00105,0.91604,0.00037,0.06161,,0.00233,2e-05,0.01449,0.00094,0.00011,,,0.0009,,,,0.00019,0.00195,0.0,4e-05,,0.004,0.0,,3e-25,0.4,4e-136,5e-09,0.02,,,1e-10,,,,0.1,0.3,0.8,tbc12
tbca,TBCA,Proteins,0.00261,0.94353,0.00068,0.03107,,0.00638,1e-05,0.00389,0.00331,0.00037,,,0.00586,,,,0.00014,0.00215,0.0,5e-13,,0.8,3e-276,,1.9999999999999999e-63,0.5,3.0000000000000003e-31,3e-27,5e-05,,,2e-58,,,,0.3,0.1,0.6,tbca
tbcb,TBCB,Proteins,0.00227,0.95415,0.00037,0.03031,,0.00295,8e-05,0.00267,0.00031,0.00016,,,0.0039,,,,0.00013,0.00271,1e-05,4e-11,,0.08,1.0000000000000001e-268,,3e-30,0.06,4e-20,0.9,0.007,,,2.0000000000000002e-39,,,,0.3,0.01,0.6,tbcb
tbcc,TBCC,Proteins,0.00319,0.95012,0.00068,0.0311,,0.00384,6e-05,0.00325,0.00069,0.00016,,,0.00438,,,,0.00016,0.00233,1e-05,3e-18,,0.04,4e-277,,4.0000000000000004e-39,0.09,1.9999999999999998e-25,0.03,0.007,,,2.9999999999999997e-44,,,,0.2,0.1,0.4,tbcc
tbl1x,TBL1X,Proteins,0.00123,0.95251,0.00118,0.03393,,0.00039,0.00016,0.0036,0.00114,0.00021,,,0.00345,,,,2e-05,0.00206,0.00013,7e-06,,6e-06,1e-297,,4e-05,0.008,5e-28,1e-05,0.002,,,1.0000000000000001e-34,,,,1.0,0.5,0.02,tbl1
tbr1,TBR1,Proteins,0.00081,0.99679,9e-05,0.00042,,0.00011,5e-05,0.00016,0.00022,2e-05,,,5e-05,,,,0.00018,0.00109,1e-05,0.01,,0.08,0.6,,0.03,0.2,0.8,0.004,0.3,,,0.2,,,,0.2,1.0,0.4,tbr1
tcl1a,TCL1A,Proteins,0.03683,0.89731,0.00586,0.0164,,0.01628,0.00055,0.00153,0.00414,0.00194,,,0.01686,,,,0.00016,0.00209,5e-05,2e-296,,9e-31,2e-149,,2e-167,3e-07,5e-11,6e-13,1e-21,,,3e-173,,,,0.2,0.2,0.1,tcl1
tcl1b,TCL1B,Proteins,0.00049,0.99638,0.00028,0.00051,,0.00017,1e-05,9e-05,0.0001,0.00037,,,2e-05,,,,2e-05,0.00157,0.0,0.05,,0.0007,0.4,,0.008,0.6,1.0,0.05,8e-05,,,0.3,,,,1.0,0.9,0.9,tcl11
tcn1,TCN1,Proteins,0.01342,0.97118,0.00112,0.00428,,0.00043,0.00094,0.00109,0.00541,0.00015,,,0.00032,,,,8e-05,0.00132,0.00027,4.0000000000000003e-88,,5e-07,9.000000000000001e-29,,2e-05,2e-10,2e-06,1e-47,0.01,,,0.0002,,,,0.6,1.0,0.0006,tcn1
tcn2,TCN2,Proteins,0.00818,0.91566,0.0138,0.0019,,0.00196,5e-05,0.00043,0.05107,0.00196,,,0.00232,,,,0.0001,0.00103,0.00155,2e-47,,6e-138,1e-10,,1e-21,0.1,0.05,0.0,1e-21,,,1.9999999999999998e-25,,,,0.5,1.0,1e-17,tcn2
tcof1,TCOF1,Proteins,0.00156,0.92258,0.01032,0.00565,,0.03706,0.00117,0.00179,0.01396,0.00104,,,0.00179,,,,4e-05,0.0014,0.00163,2e-08,,3.0000000000000004e-75,2.9999999999999997e-44,,0.0,2e-13,3e-13,7.000000000000001e-112,3e-12,,,7e-20,,,,0.9,0.9,3e-18,tcof
tcp11,TCP11,Proteins,0.00093,0.99551,0.00042,0.00068,,0.00029,0.0,0.00022,0.00065,0.0001,,,0.0,,,,9e-05,0.00109,0.0,0.007,,0.001,0.09,,0.0004,0.8,0.6,5e-06,0.04,,,0.7,,,,0.6,1.0,0.8,tcp1
tctn3,TCTN3,Proteins,0.0063,0.89803,0.0028,0.00309,,0.04849,0.00079,0.00126,0.03646,0.00152,,,9e-05,,,,3e-05,0.0011,3e-05,1.0000000000000001e-28,,0.1,2e-21,,0.0,7e-10,7e-09,0.0,2e-17,,,0.04,,,,0.9,1.0,0.2,tctn
tdgf1,TDGF1,Proteins,0.01683,0.96663,0.00067,0.00141,,0.00063,0.0,0.00016,0.0006,3e-05,,,0.00012,,,,0.00181,0.01108,3e-05,8e-121,,9e-07,5e-06,,2e-07,0.8,0.8,4e-06,0.3,,,0.02,,,,2e-15,9.999999999999999e-55,0.3,tdgf
tdo2,TDO2,Proteins,0.00129,0.97551,0.00075,0.00135,,0.00843,0.00038,0.00061,0.0091,0.00025,,,0.00087,,,,0.00011,0.0013,4e-05,7e-05,,0.006,1e-05,,2e-80,6e-05,0.006,3.0000000000000004e-81,0.001,,,9e-10,,,,0.5,1.0,0.2,tdo2
tdp1,TDP1,Proteins,0.00308,0.93765,0.00333,0.01892,,0.02482,0.00018,0.00348,0.0052,4e-05,,,0.00134,,,,4e-05,0.00137,0.00054,5e-16,,9e-17,2e-168,,2e-245,0.004,2.0000000000000002e-28,2e-35,0.2,,,5e-15,,,,0.9,0.9,7e-07,tdp1
tdrkh,TDRKH,Proteins,0.00188,0.94322,0.00048,0.03697,,0.00894,0.00019,0.00537,0.00058,9e-05,,,0.00029,,,,4e-05,0.00194,3e-05,1e-09,,0.5,0.0,,1e-87,0.004,2e-44,0.02,0.05,,,0.0004,,,,0.9,0.5,0.2,tdrk
tef,TEF,Proteins,0.00064,0.99394,3e-05,0.00254,,0.00041,0.0,0.00031,5e-05,1e-05,,,0.00013,,,,0.0001,0.00184,0.0,0.001,,0.6,9e-14,,4e-05,1.0,0.3,0.3,0.5,,,0.02,,,,0.5,0.7,0.7,tef
tek,TEK,Proteins,0.00229,0.97236,0.0031,0.00194,,0.00698,0.00048,0.00049,0.00987,0.00144,,,0.0,,,,0.00014,0.00092,0.0,3e-09,,0.08,5e-10,,1e-68,5e-06,0.03,3e-67,2e-15,,,0.7,,,,0.3,1.0,0.9,tek
terf1,TERF1,Proteins,0.00059,0.99579,1e-05,0.00091,,0.00075,2e-05,0.00023,2e-05,0.0001,,,0.00012,,,,0.00016,0.00128,1e-05,0.02,,0.8,0.008,,2e-08,0.3,0.6,0.5,0.04,,,0.03,,,,0.2,1.0,0.5,terf
tet2,TET2,Proteins,0.00085,0.99631,0.0,0.00116,,3e-05,5e-05,0.00036,0.00031,0.0,,,0.0,,,,2e-05,0.0009,0.0,5e-05,,0.8,0.0003,,0.3,0.1,0.2,0.0003,0.7,,,1.0,,,,1.0,1.0,0.7,tet2
tex101,TEX101,Proteins,0.00263,0.47741,0.00132,0.00147,,0.00156,0.00072,0.00092,0.50651,0.00501,,,0.00015,,,,8e-05,0.00215,7e-05,7e-18,,8e-09,7e-18,,1e-31,2e-15,1e-12,0.0,3.9999999999999996e-97,,,0.0004,,,,0.2,2e-10,0.01,tex1
tex33,TEX33,Proteins,0.00096,0.99592,0.00026,0.00044,,0.00077,1e-05,0.00026,0.00016,8e-05,,,4e-05,,,,7e-05,0.00103,0.0,0.008,,0.002,0.5,,1e-08,0.6,0.4,0.02,0.07,,,0.2,,,,0.7,1.0,0.9,tex3
tf,TF,Proteins,0.00622,0.96958,0.00927,0.00304,,0.00533,0.00076,0.00062,0.00353,2e-05,,,1e-05,,,,3e-05,0.00132,0.00027,3.9999999999999997e-25,,1e-89,5e-19,,4e-53,6e-09,0.004,2.0000000000000003e-34,0.4,,,0.5,,,,0.9,1.0,0.0005,tf
tfap2a,TFAP2A,Proteins,0.00115,0.99584,4e-05,0.00038,,0.00013,0.0,0.00018,6e-05,0.00089,,,0.0,,,,6e-05,0.00126,1e-05,5e-05,,0.6,0.7,,0.02,0.7,0.7,0.3,1e-09,,,1.0,,,,0.8,1.0,0.5,tfap
tff1,TFF1,Proteins,0.01105,0.86611,0.08155,0.00637,,0.00196,0.00217,0.0003,0.00521,0.01914,,,0.00109,,,,0.00011,0.00166,0.00327,5e-40,,0.0,4.9999999999999996e-54,,1e-22,6.9999999999999995e-25,0.2,5.9999999999999996e-55,1e-203,,,3e-13,,,,0.4,0.7,1e-36,tff1
tff2,TFF2,Proteins,0.00322,0.85874,0.06556,0.00315,,0.00024,0.00076,0.00016,0.0186,0.04492,,,0.00073,,,,0.0001,0.00122,0.00259,8e-21,,0.0,3e-23,,0.0006,8e-10,0.7,3e-197,0.0,,,2e-09,,,,0.4,1.0,9e-30,tff2
tff3,TFF3,Proteins,0.00727,0.90168,0.05127,0.00143,,0.00064,0.0013,0.00071,0.01735,0.0116,,,0.00025,,,,5e-05,0.00132,0.00513,4.0000000000000006e-45,,0.0,5e-07,,4e-08,5e-15,0.0005,3e-159,6e-120,,,0.0006,,,,0.8,1.0,2.9999999999999995e-54,tff3
tfpi,TFPI,Proteins,0.00499,0.89096,0.04612,0.00242,,0.02014,0.00131,0.00074,0.02492,0.0052,,,0.00155,,,,0.00019,0.00147,0.0,2.0000000000000003e-34,,6e-299,3e-15,,8e-208,3e-15,0.0002,1.9999999999999998e-84,2e-55,,,1e-17,,,,0.1,0.9,0.8,tfpi
tfpi2,TFPI2,Proteins,0.00857,0.86736,0.02797,0.00181,,0.00991,0.00128,0.00044,0.07861,0.00012,,,0.00074,,,,4e-05,0.00129,0.00185,5e-43,,3e-281,1e-10,,1e-107,2e-15,0.03,0.0,0.01,,,1e-09,,,,0.9,1.0,1e-21,tfpi1
tfrc,TFRC,Proteins,0.0478,0.91306,0.00029,0.01362,,0.01327,0.00114,0.00135,0.00023,0.00637,,,0.00071,,,,7e-05,0.00121,0.00088,0.0,,0.06,6e-121,,8e-136,3e-13,3e-09,0.4,2.0000000000000002e-66,,,9e-09,,,,0.6,1.0,1e-10,tfrc
tg,TG,Proteins,0.00151,0.95791,0.00073,0.00087,,0.00463,0.00042,0.00032,0.03165,6e-05,,,0.00036,,,,0.00013,0.00136,6e-05,9e-05,,1e-05,0.007,,7e-47,1e-05,0.2,6e-302,0.1,,,5e-05,,,,0.3,0.9,0.1,tg
tgfa,TGFA,Proteins,0.007,0.89242,0.00737,0.01613,,0.0436,0.0003,0.00523,0.01312,0.00865,,,0.00176,,,,0.00016,0.0019,0.00238,2e-41,,1.9999999999999999e-63,1e-148,,0.0,0.0002,5e-47,9.999999999999999e-123,2.9999999999999997e-91,,,6e-20,,,,0.2,0.3,1.9999999999999998e-26,tgfa
tgfb1,TGFB1,Proteins,0.01107,0.93186,0.01371,0.00642,,0.02895,6e-05,0.00075,0.00011,0.00338,,,0.00147,,,,0.00025,0.00137,0.0006,7e-63,,1e-137,7e-51,,3e-288,0.1,0.0003,0.6,8.999999999999999e-36,,,2e-16,,,,0.05,1.0,1e-07,tgfb
tgfb2,TGFB2,Proteins,0.0007,0.99324,0.00153,0.00124,,0.00112,0.0,0.00042,0.00023,5e-05,,,0.00023,,,,6e-05,0.00091,0.00027,8e-05,,1e-15,7e-05,,3e-12,0.8,0.08,0.004,0.1,,,0.002,,,,0.8,1.0,0.0007,tgfb1
tgfbi,TGFBI,Proteins,0.00692,0.93805,0.00259,0.00139,,0.01105,0.00228,0.00144,0.03158,0.00328,,,7e-05,,,,0.00012,0.00123,0.0,2e-37,,0.004,3e-06,,2e-109,4.0000000000000004e-24,1e-09,6e-283,8.000000000000001e-34,,,0.08,,,,0.4,1.0,0.9,tgfb2
tgfbr1,TGFBR1,Proteins,0.00265,0.98933,0.00395,0.00123,,0.00021,8e-05,0.00045,9e-05,5e-05,,,0.00015,,,,2e-05,0.00101,0.00078,1e-17,,9e-38,0.0001,,0.003,0.06,0.06,0.1,0.1,,,0.01,,,,1.0,1.0,1e-08,tgfb3
tgfbr2,TGFBR2,Proteins,0.01526,0.80375,0.07349,0.0029,,0.0959,0.00011,0.00088,0.0005,0.00119,,,0.00099,,,,0.00015,0.00129,0.0036,5e-101,,0.0,9.000000000000001e-23,,0.0,0.01,2e-06,7e-05,2e-15,,,3e-13,,,,0.2,1.0,2e-43,tgfb4
tgfbr3,TGFBR3,Proteins,0.00896,0.96644,0.01609,0.00205,,0.00097,0.0,0.00069,0.00064,5e-05,,,0.00129,,,,8e-05,0.00167,0.00109,5e-50,,2.9999999999999998e-151,5e-11,,5e-11,0.9,0.001,0.05,0.1,,,4e-14,,,,0.6,0.8,3e-12,tgfb5
tgm2,TGM2,Proteins,0.00139,0.88635,0.00021,0.08509,,0.00155,0.00039,0.00368,0.01672,0.00089,,,0.0007,,,,0.0003,0.0027,3e-05,3e-07,,0.3,0.0,,7e-18,2e-05,7e-32,1.9999999999999998e-172,8e-11,,,7e-09,,,,0.01,0.002,0.2,tgm2
tgoln2,TGOLN2,Proteins,0.02258,0.93271,0.02323,0.00321,,0.01275,2e-05,0.00066,6e-05,0.0001,,,0.00101,,,,0.00011,0.00163,0.00194,2e-135,,8e-232,2e-21,,7e-129,0.3,0.001,0.1,0.03,,,1e-11,,,,0.4,0.6,3e-21,tgol
thap12,THAP12,Proteins,0.00141,0.99028,0.00052,0.0036,,0.00114,0.0,0.00085,0.00047,6e-05,,,0.00016,,,,5e-05,0.00144,1e-05,3e-07,,3e-06,5e-22,,5e-12,0.9,0.0002,1e-05,0.1,,,0.009,,,,0.8,0.9,0.6,thap
thbd,THBD,Proteins,0.00604,0.8914,0.03225,0.0027,,0.01665,0.00013,0.00096,0.04362,8e-05,,,0.00382,,,,7e-05,0.00132,0.00096,2e-35,,7.999999999999999e-287,7e-18,,4e-173,0.01,3e-06,0.0,0.05,,,2e-41,,,,0.7,1.0,1e-11,thbd
thbs2,THBS2,Proteins,0.00731,0.94315,0.00204,0.00108,,0.01496,0.0,0.00122,0.02586,0.00126,,,0.00036,,,,0.0,0.00132,0.00142,9e-41,,0.4,0.0003,,4e-148,0.6,7e-08,2.0000000000000001e-233,4e-14,,,6e-05,,,,1.0,1.0,1e-15,thbs
thbs4,THBS4,Proteins,0.0042,0.87727,0.01932,0.00151,,0.0793,8e-05,0.00056,0.00956,0.00382,,,0.00167,,,,7e-05,0.00163,0.00101,2e-14,,7e-203,5e-08,,0.0,0.05,0.004,1e-101,5e-42,,,3e-19,,,,0.6,0.7,3e-12,thbs1
thop1,THOP1,Proteins,0.00201,0.8519,0.00754,0.02593,,0.04118,0.00301,0.00654,0.05487,0.00443,,,0.00022,,,,0.0002,0.00197,0.00021,6e-11,,1.0,3e-256,,0.0,3e-34,1e-62,0.0,1.0000000000000001e-49,,,0.0009,,,,0.08,0.2,0.001,thop
thpo,THPO,Proteins,0.00407,0.97039,0.00468,0.00303,,0.00015,0.00014,0.00048,0.0116,0.00069,,,0.00319,,,,0.00027,0.0013,1e-05,1e-19,,6e-29,3e-18,,0.01,0.01,0.04,2e-93,5e-08,,,1e-31,,,,0.04,1.0,0.6,thpo
thrap3,THRAP3,Proteins,0.00403,0.98834,0.00177,0.00081,,0.00025,0.00035,0.00029,0.00271,0.0002,,,8e-05,,,,5e-05,0.00107,4e-05,2.0000000000000003e-34,,2e-17,0.02,,0.001,0.0001,0.3,4.9999999999999996e-26,0.004,,,0.06,,,,0.9,1.0,0.2,thra
thsd1,THSD1,Proteins,0.00118,0.99313,0.00019,0.00074,,0.00141,0.00012,3e-05,3e-05,0.00172,,,9e-05,,,,7e-05,0.00123,5e-05,4e-05,,0.01,0.05,,2e-14,0.02,1.0,0.8,3e-17,,,0.05,,,,0.7,1.0,0.1,thsd
thtpa,THTPA,Proteins,0.00259,0.95382,0.00118,0.02551,,0.00191,9e-05,0.00436,0.00118,0.00012,,,0.00667,,,,0.00019,0.00235,3e-05,4e-10,,0.0001,1.0000000000000001e-226,,2e-20,0.04,8e-36,0.0001,0.02,,,8e-67,,,,0.1,0.02,0.2,thtp
thy1,THY1,Proteins,0.00718,0.83444,0.01625,0.00421,,0.09374,0.00125,0.0003,0.0366,0.00149,,,0.00087,,,,3e-05,0.00123,0.00239,2e-52,,2e-175,6e-35,,0.0,9e-16,0.2,0.0,2e-18,,,2e-11,,,,0.9,1.0,1.0000000000000001e-28,thy1
tia1,TIA1,Proteins,0.00217,0.96083,0.00071,0.02125,,0.00566,0.0001,0.0022,0.00126,5e-05,,,0.00349,,,,0.00013,0.00213,2e-05,9e-09,,0.5,5e-179,,7e-55,0.04,2e-15,8e-07,0.2,,,2.0000000000000003e-34,,,,0.3,0.3,0.4,tia1
tie1,TIE1,Proteins,0.00722,0.9736,0.00105,0.00209,,0.00945,0.00027,0.00047,0.00196,0.00148,,,0.00047,,,,3e-05,0.00099,0.00093,7e-27,,2e-10,3e-11,,2e-92,0.0005,0.04,3e-19,7e-16,,,5e-06,,,,0.9,1.0,1e-10,tie1
tigar,TIGAR,Proteins,0.00101,0.9783,0.00211,0.00703,,0.00613,9e-05,0.0011,0.00048,0.00101,,,0.00065,,,,6e-05,0.00133,0.0007,0.004,,5e-21,2e-51,,2e-58,0.05,3e-06,1e-05,5e-11,,,1e-07,,,,0.8,1.0,5e-08,tiga
tigit,TIGIT,Proteins,0.00163,0.98425,0.0037,0.00099,,0.00475,0.00025,0.00038,0.00178,1e-05,,,6e-05,,,,4e-05,0.00113,0.00103,1e-05,,1.0000000000000001e-34,0.002,,4e-46,0.001,0.1,2e-16,0.6,,,0.1,,,,0.9,1.0,3e-11,tigi
timd4,TIMD4,Proteins,0.0066,0.9269,0.00321,0.00193,,0.03341,0.0005,0.00122,0.02321,1e-05,,,0.0,,,,4e-05,0.00146,0.00151,3e-19,,4.0000000000000003e-29,1e-10,,0.0,2e-06,5e-08,8e-227,0.5,,,0.9,,,,0.9,0.9,8e-17,timd
timm10,TIMM10,Proteins,0.00202,0.96769,0.00091,0.01781,,0.00403,9e-05,0.0025,0.00086,0.00031,,,0.00113,,,,0.0001,0.00254,2e-05,2e-06,,0.01,3e-153,,1e-40,0.04,1e-18,0.04,0.0002,,,1e-12,,,,0.5,0.02,0.4,timm
timm8a,TIMM8A,Proteins,0.00179,0.95219,0.00144,0.03453,,0.00061,0.00092,0.00325,0.00219,0.00022,,,0.00032,,,,7e-05,0.00232,0.00015,6e-09,,2e-13,1e-312,,2e-07,1e-10,7.999999999999999e-26,7e-21,0.002,,,0.0001,,,,0.7,0.04,0.009,timm1
timp1,TIMP1,Proteins,0.01059,0.88535,0.03812,0.00175,,0.04421,0.00055,0.00093,0.00488,0.00807,,,0.00072,,,,4e-05,0.0013,0.00349,7e-68,,0.0,1e-09,,0.0,3e-07,7e-06,3e-50,9.999999999999999e-85,,,6e-09,,,,0.9,1.0,1e-37,timp
timp2,TIMP2,Proteins,0.00288,0.95791,0.01879,0.00105,,0.01409,0.00023,0.00085,0.00113,0.00046,,,7e-05,,,,9e-05,0.00107,0.00137,3e-10,,2e-183,0.0005,,9.999999999999999e-139,0.001,7e-05,2e-12,6e-06,,,0.08,,,,0.5,1.0,4e-15,timp1
timp3,TIMP3,Proteins,0.02522,0.94547,0.00414,0.00265,,0.01047,4e-05,0.00046,0.00337,0.00056,,,0.00579,,,,6e-05,0.00174,3e-05,4e-206,,4e-37,3e-16,,2e-104,0.2,0.03,1.0000000000000001e-29,5e-07,,,1e-58,,,,0.7,0.6,0.2,timp2
timp4,TIMP4,Proteins,0.00527,0.83925,0.05214,0.00222,,0.00755,0.00033,0.00046,0.06255,0.0002,,,0.0251,,,,3e-05,0.00216,0.00274,3e-24,,0.0,6e-15,,4e-85,4e-05,0.01,0.0,0.001,,,2.0000000000000002e-275,,,,0.9,0.06,4.999999999999999e-32,timp3
tinagl1,TINAGL1,Proteins,0.00272,0.90007,0.05949,0.00121,,0.00569,9e-05,0.00027,0.00655,0.01574,,,0.00344,,,,0.00013,0.00124,0.00337,1e-19,,0.0,2e-05,,6e-60,0.04,0.3,1e-57,1e-161,,,5.0000000000000005e-37,,,,0.3,1.0,2.9999999999999998e-36,tina
tjap1,TJAP1,Proteins,0.00213,0.91351,0.00126,0.05777,,0.0049,0.00026,0.0112,0.00381,0.0002,,,0.00212,,,,5e-05,0.00272,7e-05,1e-10,,0.2,0.0,,1e-51,0.0005,8e-105,3e-28,0.002,,,2.0000000000000002e-23,,,,0.8,0.009,0.07,tjap
tjp3,TJP3,Proteins,0.00055,0.99658,0.00012,0.00047,,0.00032,1e-05,0.00019,0.00036,1e-05,,,0.0,,,,0.00019,0.00119,1e-05,0.02,,0.1,0.5,,0.0003,0.5,0.7,0.0005,0.6,,,0.7,,,,0.2,1.0,0.5,tjp3
tk1,TK1,Proteins,0.00087,0.98469,0.00038,0.0005,,0.00932,1e-05,0.00062,0.00171,0.00029,,,0.0,,,,4e-05,0.00112,0.00046,5e-05,,0.3,0.4,,1.0000000000000001e-88,0.5,0.005,3e-14,0.0004,,,0.9,,,,0.9,1.0,8e-06,tk1
tlr1,TLR1,Proteins,0.02412,0.95915,0.00574,0.00474,,0.00012,1e-05,0.00028,0.00233,0.00118,,,0.00014,,,,0.00011,0.00157,0.0005,3e-139,,5e-55,9e-33,,0.02,0.5,0.3,9.000000000000001e-23,8e-13,,,0.01,,,,0.4,0.8,3e-06,tlr1
tlr2,TLR2,Proteins,0.00086,0.99294,0.00088,0.00063,,0.00167,2e-05,0.00039,0.00058,0.00055,,,0.0,,,,5e-05,0.00092,0.00052,0.02,,1e-09,0.1,,4e-17,0.4,0.1,8e-07,1e-06,,,0.8,,,,0.9,1.0,3e-06,tlr2
tlr3,TLR3,Proteins,0.01291,0.96057,0.00936,0.00061,,0.00889,0.00035,0.00072,0.00544,2e-05,,,1e-05,,,,4e-05,0.00103,6e-05,5e-106,,2.0000000000000002e-60,0.1,,3e-88,7e-05,0.0006,4e-22,0.4,,,0.6,,,,0.9,1.0,0.1,tlr3
tlr4,TLR4,Proteins,0.00096,0.99382,0.00041,0.00105,,0.0002,0.00017,0.00033,0.0006,0.00091,,,3e-05,,,,0.00014,0.00133,4e-05,0.007,,0.1,0.001,,0.004,0.007,0.2,0.001,6e-10,,,0.3,,,,0.3,1.0,0.2,tlr4
tmco5a,TMCO5A,Proteins,0.00269,0.98452,0.00049,0.00646,,0.00087,3e-05,0.00126,0.00043,2e-05,,,0.00155,,,,0.0001,0.00155,3e-05,4e-20,,0.07,2e-46,,1e-09,0.3,1e-07,0.4,0.4,,,5e-16,,,,0.5,0.9,0.3,tmco
tmed1,TMED1,Proteins,0.00095,0.99662,6e-05,0.0008,,1e-05,5e-05,0.00023,6e-05,0.00036,,,1e-05,,,,3e-05,0.00082,0.0,3e-05,,0.6,0.03,,0.5,0.1,0.6,0.6,0.0001,,,0.5,,,,0.9,1.0,0.8,tmed
tmed10,TMED10,Proteins,0.00068,0.99528,0.00047,0.00047,,2e-05,0.0,0.0005,0.0009,0.00031,,,1e-05,,,,6e-05,0.00129,0.0,0.009,,9e-05,0.5,,0.4,1.0,0.03,7e-09,0.0003,,,0.5,,,,0.8,1.0,0.8,tmed1
tmed4,TMED4,Proteins,0.00102,0.99516,0.00016,0.0007,,0.00028,0.0,0.00019,3e-05,0.00077,,,0.0002,,,,0.00012,0.00135,2e-05,0.0008,,0.01,0.08,,0.0006,0.6,0.7,0.4,1e-08,,,0.004,,,,0.4,1.0,0.4,tmed2
tmed8,TMED8,Proteins,0.00599,0.94639,0.00087,0.03172,,0.0032,0.00024,0.00351,0.00063,5e-05,,,0.00444,,,,0.00015,0.00272,0.0001,7e-45,,0.0006,1.9999999999999998e-287,,3e-33,0.0009,3e-28,0.3,0.1,,,2.0000000000000003e-45,,,,0.3,0.0008,0.03,tmed3
tmem106a,TMEM106A,Proteins,0.00365,0.97529,0.00062,0.0087,,0.00272,0.00023,0.00144,0.00209,0.0003,,,0.00349,,,,0.00016,0.00128,4e-05,4e-12,,0.9,2e-68,,9e-28,0.002,2e-09,9e-16,0.0003,,,4e-35,,,,0.2,1.0,0.2,tmem
tmem132a,TMEM132A,Proteins,0.00948,0.97338,0.00073,0.00775,,0.00251,0.00016,0.0035,0.00067,0.00013,,,0.00026,,,,0.00015,0.00128,1e-05,2e-73,,3e-08,2e-58,,3e-25,0.008,9.999999999999999e-27,1e-07,0.02,,,0.0009,,,,0.2,1.0,0.6,tmem1
tmem25,TMEM25,Proteins,0.00123,0.97311,0.00395,0.0009,,0.01067,0.0,0.00032,0.00743,2e-05,,,0.00066,,,,9e-05,0.00137,0.00026,0.0005,,2e-22,0.006,,7e-104,0.7,0.2,6e-56,0.4,,,6e-08,,,,0.6,1.0,0.0007,tmem2
tmod4,TMOD4,Proteins,0.00076,0.99466,0.00018,0.0006,,0.00011,1e-05,0.00014,0.00162,0.0,,,0.00044,,,,0.0001,0.0011,0.00028,0.006,,0.007,0.2,,0.03,0.6,0.9,2e-16,0.7,,,2e-05,,,,0.5,1.0,0.0006,tmod
tmprss11b,TMPRSS11B,Proteins,0.00104,0.9947,0.00107,0.00051,,4e-05,2e-05,0.00019,0.00067,0.00039,,,0.0,,,,0.00013,0.00122,0.0,3e-08,,2e-09,0.4,,0.2,0.3,0.7,1e-05,5e-05,,,0.9,,,,0.4,1.0,0.7,tmpr
tmprss11d,TMPRSS11D,Proteins,0.00482,0.93056,0.00347,0.00138,,0.00266,0.00093,0.00058,0.05074,0.00281,,,0.00029,,,,6e-05,0.0014,0.0003,3e-28,,3e-34,2e-06,,2.0000000000000002e-28,6e-11,0.005,0.0,6e-30,,,0.0002,,,,0.8,0.9,0.0002,tmpr1
tmprss15,TMPRSS15,Proteins,0.00438,0.88426,0.01147,0.00388,,0.01239,0.02376,0.0004,0.00666,0.0005,,,0.04949,,,,0.0002,0.00238,0.00022,2e-17,,5e-96,6e-29,,9.999999999999999e-131,3.0000000000000004e-247,0.05,4e-46,1e-06,,,0.0,,,,0.09,0.06,0.001,tmpr2
tmprss5,TMPRSS5,Proteins,0.0095,0.89806,0.0234,0.00375,,0.04988,1e-05,0.00038,0.01148,0.00196,,,6e-05,,,,2e-05,0.00148,1e-05,1.0000000000000001e-75,,6e-225,7e-27,,0.0,0.5,0.08,1e-105,1e-21,,,0.08,,,,1.0,0.9,0.4,tmpr3
tmsb10,TMSB10,Proteins,0.00359,0.91502,0.00901,0.01603,,0.03506,0.0002,0.00218,0.00186,0.00294,,,0.01118,,,,0.00013,0.00201,0.00079,2e-15,,7e-91,4e-144,,0.0,0.002,1e-16,2e-18,1e-31,,,1e-114,,,,0.3,0.3,1e-09,tmsb
tnc,TNC,Proteins,0.01506,0.96692,0.00734,0.00168,,0.00182,0.00021,0.00047,0.00201,2e-05,,,0.00068,,,,0.00013,0.0013,0.00236,1.9999999999999998e-130,,9.999999999999999e-64,4e-08,,3e-19,0.003,0.03,2e-12,0.4,,,5e-08,,,,0.3,1.0,2.0000000000000002e-24,tnc
tnf,TNF,Proteins,0.00296,0.91004,0.03828,0.00233,,0.03431,0.00128,0.00062,0.00207,0.00125,,,0.001,,,,8e-05,0.00131,0.00447,4e-20,,0.0,7e-14,,0.0,2e-14,0.003,8e-09,3e-14,,,1e-11,,,,0.6,1.0,2e-46,tnf
tnfaip2,TNFAIP2,Proteins,0.00148,0.92495,0.009,0.03907,,0.01024,0.00011,0.00782,0.0023,0.00167,,,0.00082,,,,0.00012,0.0021,0.00031,0.0002,,2e-78,0.0,,1e-104,0.02,1e-70,6e-11,1e-18,,,6e-10,,,,0.3,0.07,0.0002,tnfa
tnfaip8,TNFAIP8,Proteins,0.00057,0.98616,0.00025,0.00865,,0.00066,7e-05,0.0011,0.00025,2e-05,,,0.00054,,,,4e-05,0.00161,8e-05,0.05,,0.5,3e-65,,1e-07,0.09,3e-06,0.7,0.4,,,2e-06,,,,0.9,0.9,0.06,tnfa1
tnfaip8l2,TNFAIP8L2,Proteins,0.00214,0.9581,0.00173,0.0218,,0.0028,7e-05,0.00242,0.00226,1e-05,,,0.00583,,,,2e-05,0.00259,0.00023,1e-08,,3e-09,2.0000000000000003e-187,,2.0000000000000002e-28,0.08,1e-17,2e-14,0.5,,,2e-57,,,,1.0,0.009,0.001,tnfa2
tnfrsf10a,TNFRSF10A,Proteins,0.00639,0.8335,0.0636,0.00274,,0.06327,0.00113,0.00065,0.00987,0.01149,,,0.00021,,,,6e-05,0.00143,0.00565,3e-46,,0.0,8e-20,,0.0,4e-14,0.0005,1.9999999999999998e-110,3.9999999999999997e-128,,,0.001,,,,0.7,0.9,3e-64,tnfr
tnfrsf10b,TNFRSF10B,Proteins,0.01965,0.7307,0.12358,0.00443,,0.0676,0.0026,0.00083,0.00309,0.03686,,,0.0,,,,4e-05,0.00182,0.00881,4.999999999999999e-209,,0.0,7e-43,,0.0,1.0000000000000001e-34,2e-06,4.0000000000000004e-39,0.0,,,0.7,,,,0.8,0.1,2.0000000000000001e-112,tnfr1
tnfrsf10c,TNFRSF10C,Proteins,0.00681,0.96993,0.00191,0.00211,,0.01239,0.00035,0.00033,0.00106,0.00344,,,0.00019,,,,0.0001,0.00109,0.0003,7e-33,,8e-13,3e-11,,2e-119,9e-05,0.2,0.0002,1.0000000000000001e-34,,,0.004,,,,0.5,1.0,0.0003,tnfr2
tnfrsf11a,TNFRSF11A,Proteins,0.00566,0.84227,0.04522,0.00236,,0.09495,0.00052,0.00101,0.00193,0.00054,,,0.00013,,,,7e-05,0.00139,0.00395,1.0000000000000001e-39,,0.0,2e-16,,0.0,3e-07,3e-07,3e-23,1e-07,,,0.01,,,,0.6,0.8,8e-46,tnfr3
tnfrsf11b,TNFRSF11B,Proteins,0.00497,0.79181,0.15015,0.0019,,0.00324,0.00107,0.00026,0.01825,0.00305,,,0.02025,,,,3e-05,0.00182,0.0032,3e-24,,0.0,5e-13,,1.0000000000000001e-39,4e-14,0.2,9.000000000000001e-212,2e-37,,,2e-235,,,,0.9,0.1,3e-39,tnfr4
tnfrsf12a,TNFRSF12A,Proteins,0.00912,0.79939,0.09647,0.00202,,0.04565,0.00043,0.0011,0.02263,0.00491,,,0.01117,,,,0.00022,0.00174,0.00514,5.000000000000001e-75,,0.0,4e-14,,0.0,1e-06,2e-08,4e-213,5e-59,,,3.0000000000000005e-131,,,,0.04,0.4,1e-61,tnfr5
tnfrsf13b,TNFRSF13B,Proteins,0.01823,0.91861,0.01731,0.00426,,0.02792,0.00195,0.00045,0.00212,0.00481,,,0.00053,,,,2e-05,0.0013,0.0025,2.0000000000000002e-131,,3e-160,5e-31,,1.9999999999999997e-279,2e-21,0.04,6e-08,3e-50,,,7e-07,,,,1.0,1.0,5e-27,tnfr6
tnfrsf13c,TNFRSF13C,Proteins,0.02911,0.93484,0.00685,0.00482,,0.00988,0.00094,0.00046,0.00725,0.00099,,,0.00329,,,,0.00015,0.00137,6e-05,3e-261,,2e-33,1.0000000000000001e-34,,9.999999999999999e-98,8e-11,0.04,3e-37,3e-11,,,7.0000000000000006e-34,,,,0.3,1.0,0.1,tnfr7
tnfrsf14,TNFRSF14,Proteins,0.01222,0.88632,0.02686,0.00525,,0.04457,6e-05,0.00162,0.00507,0.00446,,,0.00874,,,,0.00027,0.00181,0.00274,9e-74,,1.0000000000000001e-275,5e-42,,0.0,0.09,4e-12,7e-52,2e-48,,,7e-93,,,,0.02,0.4,1.9999999999999998e-30,tnfr8
tnfrsf17,TNFRSF17,Proteins,0.02313,0.9502,0.01439,0.00259,,0.00243,0.00108,0.0004,0.00259,0.0,,,4e-05,,,,8e-05,0.00119,0.00187,4.0000000000000005e-186,,3e-139,3e-15,,3.9999999999999997e-25,5e-12,0.09,9.999999999999999e-27,0.9,,,0.2,,,,0.6,1.0,1e-19,tnfr9
tnfrsf19,TNFRSF19,Proteins,0.01083,0.86816,0.06563,0.00315,,0.01066,0.00027,0.00103,0.03326,0.00097,,,0.00084,,,,8e-05,0.00145,0.00368,1e-47,,0.0,4.0000000000000004e-23,,2.9999999999999997e-116,0.0003,4e-07,0.0,4e-12,,,1e-10,,,,0.6,0.9,2e-41,tnfr10
tnfrsf1a,TNFRSF1A,Proteins,0.0205,0.78366,0.05613,0.00396,,0.11424,0.00137,0.00086,0.00378,0.00735,,,0.00052,,,,6e-05,0.00197,0.00561,2e-179,,0.0,1.0000000000000001e-34,,0.0,6e-18,2e-06,3e-46,1.0000000000000001e-88,,,1e-07,,,,0.7,0.08,4e-68,tnfr11
tnfrsf1b,TNFRSF1B,Proteins,0.00805,0.8544,0.04532,0.00306,,0.06536,0.0015,0.00073,0.00083,0.00458,,,0.00818,,,,5e-05,0.00172,0.00622,2.9999999999999997e-44,,0.0,2e-22,,0.0,5e-18,0.0001,2e-10,2e-51,,,2e-90,,,,0.7,0.5,3e-69,tnfr12
tnfrsf21,TNFRSF21,Proteins,0.01482,0.92969,0.0288,0.00217,,0.0064,2e-05,0.00047,0.01233,0.0001,,,0.00186,,,,7e-05,0.00105,0.00223,1.9999999999999998e-122,,6e-271,1e-12,,4.0000000000000004e-66,0.4,0.03,2e-108,0.03,,,2e-20,,,,0.7,1.0,3e-24,tnfr13
tnfrsf4,TNFRSF4,Proteins,0.02585,0.88651,0.03781,0.00611,,0.02882,3e-05,0.00037,0.00138,0.00197,,,0.00334,,,,2e-05,0.00137,0.00643,2e-241,,0.0,6e-51,,3e-301,0.3,0.08,4e-14,2e-22,,,4e-37,,,,1.0,0.9,1e-69,tnfr14
tnfrsf6b,TNFRSF6B,Proteins,0.00683,0.86464,0.03038,0.00288,,0.05414,0.00224,0.00138,0.00944,0.01743,,,0.00476,,,,0.00012,0.00163,0.00414,3e-20,,6e-306,4e-20,,0.0,9.999999999999999e-26,3e-10,2e-87,7e-186,,,2e-52,,,,0.3,0.7,6e-46,tnfr15
tnfrsf8,TNFRSF8,Proteins,0.00626,0.95909,0.01783,0.00274,,0.00072,5e-05,0.00051,0.00543,0.00019,,,0.00191,,,,2e-05,0.00093,0.00432,7.000000000000001e-29,,1e-173,8e-17,,1e-08,0.2,0.02,2.9999999999999995e-54,0.004,,,2e-20,,,,1.0,1.0,7e-44,tnfr16
tnfrsf9,TNFRSF9,Proteins,0.02158,0.85985,0.06783,0.00386,,0.02601,0.0015,0.00064,0.00171,0.00336,,,0.00547,,,,0.00012,0.00166,0.00641,1.9999999999999999e-184,,0.0,1.0000000000000001e-29,,1.9999999999999998e-276,8e-18,0.0009,0.5,8e-38,,,2.0000000000000002e-60,,,,0.3,0.7,2e-70,tnfr17
tnfsf10,TNFSF10,Proteins,0.00397,0.94876,0.01272,0.00117,,0.01024,0.00018,0.00126,0.01101,0.0005,,,0.00906,,,,7e-05,0.00105,0.0,3e-24,,9e-19,8e-05,,1e-102,0.004,3e-08,0.5,2e-06,,,3.9999999999999995e-91,,,,0.6,1.0,0.8,tnfs
tnfsf11,TNFSF11,Proteins,0.00521,0.94058,0.02783,0.00175,,0.0121,0.00152,0.00013,0.00344,0.00286,,,0.00259,,,,0.00019,0.00155,0.00025,5e-23,,4.9999999999999996e-260,5e-09,,2e-120,1e-16,0.9,3e-23,6.999999999999999e-30,,,3e-27,,,,0.1,0.9,0.0007,tnfs1
tnfsf12,TNFSF12,Proteins,0.01823,0.94725,0.00645,0.0027,,0.00428,0.0012,0.0009,0.00982,0.00755,,,0.00032,,,,0.00011,0.00109,9e-05,3.9999999999999996e-172,,3e-22,1e-16,,4e-44,1e-13,3e-05,1e-55,2e-76,,,0.0001,,,,0.4,1.0,0.05,tnfs2
tnfsf13,TNFSF13,Proteins,0.00954,0.87516,0.09593,0.00278,,0.00186,0.0,0.00134,0.00131,0.00692,,,0.0,,,,0.0002,0.00098,0.00398,3.9999999999999997e-63,,0.0,3e-19,,2e-21,0.8,9e-10,1e-15,3.0000000000000004e-75,,,0.8,,,,0.08,1.0,4e-44,tnfs3
tnfsf13b,TNFSF13B,Proteins,0.00354,0.87799,0.00969,0.0016,,0.00937,0.00069,0.00106,0.07732,0.01223,,,0.00206,,,,0.0001,0.00106,0.00329,1e-31,,4e-103,7e-09,,4e-101,7e-09,3e-07,0.0,3.0000000000000005e-131,,,1.0000000000000001e-23,,,,0.4,1.0,9e-37,tnfs4
tnfsf14,TNFSF14,Proteins,0.00812,0.92163,0.00085,0.01129,,0.02585,6e-05,0.00512,0.00109,0.00457,,,0.01865,,,,7e-05,0.00251,0.00019,3e-67,,8e-07,1e-96,,6.999999999999999e-257,0.09,4.999999999999999e-44,3e-09,2e-47,,,1.0000000000000001e-186,,,,0.6,0.03,0.003,tnfs5
tnfsf8,TNFSF8,Proteins,0.00278,0.96951,0.00744,0.00186,,0.00656,1e-05,0.0003,0.00464,0.00297,,,1e-05,,,,0.0001,0.00113,0.00268,2e-20,,1.9999999999999999e-63,1e-09,,5e-65,0.6,0.3,2e-36,1.9999999999999998e-30,,,0.4,,,,0.5,1.0,1e-27,tnfs6
tnip1,TNIP1,Proteins,0.00162,0.90775,0.0007,0.0611,,0.00679,7e-05,0.01558,0.00175,0.00096,,,0.00074,,,,0.00013,0.00277,5e-05,1e-05,,0.02,0.0,,1e-71,0.07,1e-149,9e-14,2e-11,,,3e-09,,,,0.3,0.0004,0.1,tnip
tnn,TNN,Proteins,0.00205,0.95957,0.00647,0.00245,,0.01024,8e-05,0.00043,0.00818,0.00815,,,0.00051,,,,6e-05,0.00133,0.00048,3e-06,,1.9999999999999999e-56,2e-14,,2e-101,0.06,0.06,5e-73,4.0000000000000003e-81,,,2e-06,,,,0.8,1.0,3e-06,tnn
tnni3,TNNI3,Proteins,0.00121,0.97698,0.00268,0.00059,,0.0021,2e-05,0.00016,0.01343,0.0,,,0.00048,,,,0.0002,0.00134,0.0008,2e-05,,9.999999999999999e-27,0.2,,2e-21,0.4,0.8,4.0000000000000004e-126,0.7,,,6e-06,,,,0.1,1.0,5e-09,tnni
tnpo1,TNPO1,Proteins,0.00075,0.99595,0.00033,0.00049,,3e-05,0.0,0.00023,3e-05,0.00036,,,1e-05,,,,0.00018,0.00163,2e-05,0.001,,0.0002,0.4,,0.2,0.8,0.6,0.3,0.0001,,,0.5,,,,0.2,0.7,0.4,tnpo
tnr,TNR,Proteins,0.01093,0.84387,0.00075,0.00481,,4e-05,0.00041,0.00021,0.04549,0.05632,,,0.03555,,,,6e-05,0.00144,0.00012,1.9999999999999998e-97,,0.8,8e-40,,0.1,6e-06,0.5,0.0,0.0,,,0.0,,,,0.7,0.9,0.01,tnr
tnxb,TNXB,Proteins,0.02047,0.94117,0.01998,0.0042,,0.00108,0.00054,0.00066,0.01005,0.00012,,,0.00024,,,,5e-05,0.00118,0.00026,1.9999999999999997e-191,,2e-173,1.0000000000000001e-29,,3e-12,7e-07,0.002,1e-76,0.02,,,0.001,,,,0.8,1.0,0.0007,tnxb
tomm20,TOMM20,Proteins,0.00278,0.9534,0.00519,0.01088,,0.0176,3e-05,0.00304,0.00317,0.0007,,,0.00057,,,,0.00024,0.00216,0.00023,5e-11,,5.0000000000000005e-37,9e-91,,4e-173,0.3,6e-24,5e-17,2e-08,,,4e-07,,,,0.05,0.2,0.001,tomm
top1,TOP1,Proteins,0.00327,0.94814,0.00646,0.0012,,0.0004,3e-05,0.00099,0.03542,0.00163,,,3e-05,,,,0.00018,0.00208,0.00017,1e-13,,5.0000000000000004e-45,5e-05,,2e-05,0.3,5e-06,5e-324,1e-17,,,0.2,,,,0.1,0.1,0.006,top1
top1mt,TOP1MT,Proteins,0.00053,0.99691,6e-05,0.00088,,0.00013,2e-05,0.00023,0.00012,1e-05,,,0.0,,,,8e-05,0.00101,2e-05,0.01,,0.1,0.01,,0.02,0.4,0.6,0.03,0.6,,,0.8,,,,0.6,1.0,0.4,top11
top2b,TOP2B,Proteins,0.0029,0.92587,0.00122,0.02842,,0.02759,2e-05,0.00572,0.00466,0.00067,,,0.00058,,,,0.00014,0.00215,5e-05,1e-10,,3e-05,6e-255,,3.0000000000000003e-268,0.3,9e-49,3e-39,4e-08,,,3e-07,,,,0.3,0.1,0.1,top2
tor1aip1,TOR1AIP1,Proteins,0.00505,0.95714,0.00046,0.01862,,0.01167,1e-05,0.00187,0.00123,0.00132,,,0.00011,,,,4e-05,0.00233,0.00015,6e-20,,5e-05,4e-158,,2.0000000000000001e-112,0.5,7e-13,1e-12,3e-14,,,0.03,,,,0.9,0.1,0.01,tor1
tp53,TP53,Proteins,0.00138,0.9742,0.00044,0.0106,,0.00812,5e-05,0.00186,0.0016,1e-05,,,0.00011,,,,3e-05,0.00159,1e-05,7e-05,,0.02,4e-83,,3e-77,0.2,2e-12,1e-13,0.6,,,0.03,,,,0.9,1.0,0.6,tp53
tp53bp1,TP53BP1,Proteins,0.01178,0.96156,5e-05,0.0055,,5e-05,0.0006,0.00017,0.0006,0.01582,,,3e-05,,,,0.00011,0.00333,0.00041,1.0000000000000001e-66,,0.1,3e-39,,0.1,3e-07,0.8,4e-07,5e-150,,,0.3,,,,0.5,1e-05,3e-05,tp531
tp53i3,TP53I3,Proteins,0.00112,0.93253,0.002,0.03005,,0.01885,0.00014,0.00332,0.00699,0.00089,,,0.00199,,,,0.00021,0.00174,0.00015,0.001,,3e-11,5e-264,,7.000000000000001e-181,0.01,9e-26,3e-59,4e-10,,,8e-21,,,,0.1,0.6,0.01,tp532
tp53inp1,TP53INP1,Proteins,0.00221,0.98623,2e-05,0.00103,,0.00046,6e-05,0.00048,0.00548,0.00019,,,0.00252,,,,9e-05,0.00122,2e-05,1e-17,,1.0,0.002,,1e-05,0.1,0.04,4e-52,0.005,,,5e-25,,,,0.6,1.0,0.3,tp533
tp73,TP73,Proteins,0.0004,0.99618,1e-05,0.00109,,0.00016,7e-05,0.00026,0.0,2e-05,,,0.00014,,,,0.00025,0.00138,4e-05,0.07,,0.7,0.0008,,0.01,0.08,0.5,1.0,0.4,,,0.02,,,,0.06,1.0,0.2,tp73
tpbgl,TPBGL,Proteins,0.00097,0.99449,0.0005,0.00045,,0.00086,1e-05,0.00031,0.00023,0.00054,,,1e-05,,,,9e-05,0.00153,1e-05,2e-07,,6e-05,0.5,,2e-09,0.5,0.3,0.02,2e-06,,,0.5,,,,0.6,0.9,0.5,tpbg
tpd52l2,TPD52L2,Proteins,0.00273,0.96005,0.00118,0.01935,,0.00616,6e-05,0.00202,0.00127,0.0002,,,0.00503,,,,0.0001,0.0018,6e-05,4e-08,,0.2,1e-164,,2.0000000000000002e-60,0.1,4e-14,0.01,0.003,,,1.0000000000000001e-49,,,,0.5,0.5,0.1,tpd5
tpk1,TPK1,Proteins,0.00473,0.96043,0.00906,0.00784,,0.00085,0.00013,0.00187,0.00406,0.00664,,,0.00164,,,,0.00012,0.002,0.00062,5e-20,,9.999999999999999e-57,4e-62,,7e-10,0.02,3e-13,9e-08,2.0000000000000002e-66,,,1e-17,,,,0.4,0.3,1e-07,tpk1
tpm3,TPM3,Proteins,0.0019,0.97442,0.0031,0.0008,,0.00086,6e-05,0.00091,0.01558,7e-05,,,0.00053,,,,0.00033,0.00114,0.00029,7e-08,,6e-29,0.03,,1e-09,0.1,6e-05,5e-144,0.08,,,2e-06,,,,0.02,1.0,0.0005,tpm3
tpmt,TPMT,Proteins,0.00432,0.96519,0.00195,0.02032,,0.0,0.0,0.00247,0.00049,0.0002,,,0.00317,,,,3e-05,0.00179,6e-05,7e-36,,3e-17,3e-171,,0.9,0.7,9e-18,0.004,0.003,,,1e-31,,,,0.9,0.9,0.1,tpmt
tpp1,TPP1,Proteins,0.00271,0.90674,0.00234,0.00319,,0.03899,0.00056,0.00122,0.01943,0.0174,,,0.0041,,,,0.00013,0.00237,0.00083,4e-11,,2.0000000000000002e-23,1e-21,,0.0,4e-07,4e-08,1e-194,2e-176,,,3e-43,,,,0.3,0.03,5e-10,tpp1
tppp2,TPPP2,Proteins,0.00097,0.99543,0.00057,0.00049,,0.0,1e-05,0.00024,0.00091,7e-05,,,0.0,,,,0.00011,0.00118,1e-05,0.006,,6e-06,0.4,,0.7,0.4,0.5,3e-09,0.09,,,0.8,,,,0.4,1.0,0.6,tppp
tppp3,TPPP3,Proteins,0.00242,0.98317,0.00229,0.00125,,0.00753,0.00012,0.00037,0.00139,1e-05,,,0.00026,,,,2e-05,0.00106,0.0001,4e-20,,9e-21,8e-05,,2.9999999999999997e-71,0.02,0.2,2e-12,0.5,,,0.0008,,,,1.0,1.0,0.04,tppp1
tpr,TPR,Proteins,0.00276,0.92507,0.00628,0.02033,,0.02822,0.00033,0.00544,0.00649,0.00101,,,0.00113,,,,1e-05,0.00171,0.0012,9e-14,,1.9999999999999998e-54,7e-179,,6.000000000000001e-274,0.0001,5e-46,1.9999999999999999e-56,2e-11,,,9e-13,,,,1.0,0.7,2e-13,tpr
tprkb,TPRKB,Proteins,0.00039,0.99698,2e-05,0.00038,,0.0,6e-05,0.00021,4e-05,0.00073,,,1e-05,,,,4e-05,0.00109,5e-05,0.04,,0.5,0.7,,0.7,0.1,0.6,0.2,4e-08,,,0.4,,,,0.9,1.0,0.1,tprk
tpsab1,TPSAB1,Proteins,0.00692,0.96783,0.01243,0.00086,,0.0053,0.00014,0.00029,0.00173,0.00291,,,0.00028,,,,3e-05,0.00093,0.00034,1.9999999999999998e-42,,2e-117,0.008,,5e-53,0.01,0.3,2e-14,6e-30,,,0.0004,,,,0.9,1.0,9e-05,tpsa
tpsd1,TPSD1,Proteins,0.00398,0.98498,0.00408,0.00059,,0.00223,0.0,0.00024,0.00013,0.00152,,,3e-05,,,,0.0002,0.00136,0.00067,8e-19,,1e-40,0.2,,6e-23,0.8,0.5,0.02,4e-16,,,0.3,,,,0.1,1.0,7e-08,tpsd
tpsg1,TPSG1,Proteins,0.00083,0.99626,0.0001,0.0008,,0.00012,0.0,0.00024,0.00025,0.00035,,,0.0,,,,2e-05,0.00101,2e-05,0.01,,0.04,0.03,,0.03,0.7,0.5,0.001,0.0001,,,0.9,,,,1.0,1.0,0.4,tpsg
tpt1,TPT1,Proteins,0.00098,0.9943,0.00122,0.00113,,1e-05,2e-05,0.00046,0.00057,4e-05,,,0.00016,,,,0.00013,0.00097,1e-05,8e-06,,1e-12,0.0005,,0.5,0.4,0.06,1e-06,0.2,,,0.01,,,,0.4,1.0,0.5,tpt1
traf2,TRAF2,Proteins,0.00243,0.90893,0.00113,0.06556,,0.00248,3e-05,0.01365,0.00244,0.00053,,,0.0003,,,,8e-05,0.00245,0.0,2e-18,,0.02,0.0,,5e-27,0.2,6e-129,4e-16,6e-07,,,0.0002,,,,0.6,0.02,0.7,traf
traf3,TRAF3,Proteins,0.00265,0.95475,0.00013,0.01945,,0.00441,1e-05,0.00348,0.01112,0.00146,,,0.00067,,,,3e-05,0.00178,6e-05,4e-06,,0.4,2.0000000000000003e-165,,1e-43,0.4,7e-27,5e-106,1e-15,,,6e-08,,,,0.9,0.6,0.1,traf1
traf3ip2,TRAF3IP2,Proteins,0.00067,0.9952,0.00045,0.00068,,0.00042,2e-05,0.00035,0.00042,5e-05,,,6e-05,,,,0.00013,0.00155,1e-05,0.002,,9e-05,0.1,,3e-05,0.4,0.2,0.0002,0.2,,,0.1,,,,0.4,0.9,0.4,traf2
trdmt1,TRDMT1,Proteins,0.00167,0.96991,0.00095,0.01933,,0.00121,0.00015,0.00168,0.00057,0.00015,,,0.0024,,,,0.0001,0.00187,0.0,2e-07,,3e-05,7e-164,,4e-13,0.01,3e-11,0.3,0.01,,,2.0000000000000002e-24,,,,0.5,0.4,0.9,trdm
treh,TREH,Proteins,0.01117,0.94255,0.00325,0.00069,,0.03491,0.00014,0.00043,0.00416,0.00117,,,4e-05,,,,8e-05,0.00141,0.0,3e-74,,6e-29,0.05,,0.0,0.01,0.05,5e-38,3e-13,,,0.2,,,,0.6,1.0,0.9,treh
trem2,TREM2,Proteins,0.01824,0.80937,0.09994,0.00488,,0.02252,0.00172,0.00088,0.01378,0.02201,,,0.0019,,,,4e-05,0.00128,0.00344,6e-176,,0.0,9e-43,,1e-255,2e-21,3e-06,1e-154,4e-250,,,2.0000000000000002e-23,,,,0.9,0.9,4e-41,trem
treml1,TREML1,Proteins,0.00237,0.97239,0.00037,0.00863,,0.00099,0.00011,0.0016,0.00104,0.00023,,,0.01043,,,,0.00011,0.00164,7e-05,1e-09,,0.7,3e-68,,4e-11,0.02,8e-11,5e-08,0.001,,,1e-101,,,,0.5,0.7,0.08,trem1
treml2,TREML2,Proteins,0.02173,0.92301,0.00181,0.00566,,0.02228,0.00064,0.00109,0.01207,0.00334,,,0.00668,,,,4e-05,0.00165,0.0,7e-190,,2e-19,7e-44,,2e-223,6e-08,6e-07,3.9999999999999997e-122,2e-35,,,6.999999999999999e-69,,,,0.8,0.8,0.7,trem2
triap1,TRIAP1,Proteins,0.00221,0.94237,0.00408,0.02178,,0.01559,9e-05,0.00245,0.00123,0.00192,,,0.00536,,,,3e-05,0.00254,0.00035,2e-09,,9.999999999999999e-33,8e-196,,1e-155,0.04,8e-19,0.0008,8e-21,,,4e-55,,,,0.9,0.05,7e-05,tria
trim21,TRIM21,Proteins,0.00233,0.91869,0.00219,0.04113,,0.00724,0.0,0.00735,0.01738,2e-05,,,0.00094,,,,0.00021,0.00173,0.00078,6e-12,,4e-06,0.0,,1e-74,1.0,4.0000000000000004e-66,2e-158,0.3,,,5e-11,,,,0.08,0.6,2e-09,trim
trim24,TRIM24,Proteins,0.00148,0.9498,0.0006,0.02347,,0.01595,5e-05,0.00449,0.00215,8e-05,,,2e-05,,,,6e-05,0.00181,5e-05,0.0002,,0.2,2e-205,,8e-155,0.1,1e-36,6e-17,0.07,,,0.3,,,,0.7,0.4,0.2,trim1
trim25,TRIM25,Proteins,0.00143,0.92175,0.00112,0.05493,,0.00242,6e-05,0.01351,0.00128,0.00025,,,0.00102,,,,9e-05,0.00209,4e-05,2e-05,,0.0003,0.0,,3e-26,0.09,1.0000000000000001e-126,5e-06,0.0006,,,5e-12,,,,0.5,0.07,0.2,trim2
trim26,TRIM26,Proteins,0.00087,0.9892,0.00013,0.00507,,0.00109,0.0,0.00208,0.0001,4e-05,,,0.0,,,,4e-05,0.00131,7e-05,0.0003,,0.09,4.0000000000000006e-34,,1e-11,0.8,6e-14,0.2,0.2,,,0.8,,,,0.9,1.0,0.09,trim3
trim40,TRIM40,Proteins,0.00195,0.97333,0.00178,0.01549,,0.00101,0.00023,0.00147,0.00254,9e-05,,,0.00049,,,,8e-05,0.00145,0.0001,3e-08,,2e-12,3e-127,,4e-11,0.002,2e-09,1e-19,0.05,,,4e-06,,,,0.6,0.9,0.04,trim4
trim5,TRIM5,Proteins,0.00092,0.93617,0.00071,0.04618,,0.00303,0.00016,0.00778,0.0017,0.00011,,,0.00065,,,,3e-05,0.00251,6e-05,0.003,,0.003,0.0,,8.999999999999999e-32,0.008,8e-69,2e-13,0.03,,,5e-08,,,,0.9,0.02,0.09,trim5
trim58,TRIM58,Proteins,0.00537,0.9417,0.00141,0.02854,,0.00897,0.00021,0.00688,0.00376,0.0002,,,0.00038,,,,0.00018,0.00236,3e-05,8.000000000000001e-28,,3e-10,7e-259,,2e-90,0.002,3e-60,1e-33,0.002,,,3e-05,,,,0.2,0.02,0.2,trim6
trpv3,TRPV3,Proteins,0.00089,0.99632,0.00033,0.00064,,2e-05,1e-05,0.00026,0.00015,0.00012,,,2e-05,,,,0.00013,0.0011,2e-05,0.0001,,0.0003,0.1,,0.4,0.6,0.5,0.01,0.02,,,0.4,,,,0.4,1.0,0.4,trpv
tsc1,TSC1,Proteins,0.00127,0.98331,0.00067,0.00864,,3e-05,0.00026,0.00267,0.00012,0.00163,,,0.0,,,,0.00021,0.00119,1e-05,0.0008,,2e-07,4e-65,,0.3,0.0009,4e-19,0.06,1e-16,,,1.0,,,,0.1,1.0,0.6,tsc1
tsc22d1,TSC22D1,Proteins,0.00213,0.95608,0.00049,0.0232,,0.00329,0.00033,0.00307,0.00727,0.00013,,,0.00171,,,,2e-05,0.00229,0.0,4e-13,,0.3,9e-206,,6e-34,0.0001,5e-24,3e-68,0.02,,,2e-18,,,,1.0,0.05,1.0,tsc2
tshb,TSHB,Proteins,0.0041,0.97354,0.00034,0.00133,,0.00331,0.00014,0.0023,0.00433,0.00542,,,0.00388,,,,3e-05,0.00123,6e-05,4.0000000000000003e-29,,0.1,1e-05,,3e-33,0.01,2e-16,2.9999999999999998e-40,3e-53,,,1e-38,,,,0.9,1.0,0.09,tshb
tslp,TSLP,Proteins,0.00108,0.99489,0.00025,0.00058,,0.00021,7e-05,0.0002,0.00089,0.00021,,,0.0,,,,0.00017,0.00136,9e-05,7e-05,,0.001,0.2,,0.003,0.08,0.7,1e-09,0.003,,,0.8,,,,0.2,1.0,0.05,tslp
tsnax,TSNAX,Proteins,0.00323,0.94834,0.00096,0.03307,,0.00104,5e-05,0.00445,0.00664,7e-05,,,0.00048,,,,8e-05,0.00159,0.0,9e-21,,0.1,1.9999999999999999e-290,,1e-11,0.2,8.999999999999999e-36,1.9999999999999999e-56,0.08,,,4e-06,,,,0.6,0.9,1.0,tsna
tspan1,TSPAN1,Proteins,0.00226,0.81138,0.07327,0.00165,,0.00324,3e-05,0.00063,0.10449,0.00024,,,0.00015,,,,0.00016,0.00124,0.00127,2e-08,,0.0,5e-10,,5e-38,0.2,0.0006,0.0,0.0004,,,0.006,,,,0.2,1.0,6e-16,tspa
tspan15,TSPAN15,Proteins,0.00049,0.99566,0.00012,0.0009,,4e-05,1e-05,0.00018,0.00126,2e-05,,,3e-05,,,,8e-05,0.00116,5e-05,0.03,,0.03,0.01,,0.2,0.4,0.8,4e-13,0.3,,,0.3,,,,0.7,1.0,0.1,tspa1
tspan7,TSPAN7,Proteins,0.00364,0.98867,0.00071,0.00115,,0.00022,0.00035,0.00022,0.00128,0.00264,,,0.0,,,,4e-05,0.00106,1e-05,2e-22,,5e-08,0.0003,,0.002,0.0001,0.6,3e-13,6e-26,,,0.8,,,,0.9,1.0,0.5,tspa2
tspan8,TSPAN8,Proteins,0.00338,0.93019,0.01345,0.00067,,0.00135,0.00016,0.00065,0.04267,0.00563,,,7e-05,,,,0.00016,0.00142,0.00021,8e-13,,9e-129,0.05,,3e-15,0.007,0.002,0.0,3e-58,,,0.08,,,,0.2,0.8,0.002,tspa3
tspyl1,TSPYL1,Proteins,0.00165,0.96377,0.00061,0.02319,,0.00257,2e-05,0.0025,0.00058,0.00016,,,0.0029,,,,2e-05,0.00202,2e-05,1e-05,,0.2,2e-197,,4.9999999999999996e-26,0.3,4e-18,0.9,0.009,,,5.0000000000000004e-29,,,,1.0,0.3,0.4,tspy
tst,TST,Proteins,0.00356,0.97262,0.00112,0.01491,,0.00022,0.00039,0.00096,0.00126,5e-05,,,0.00274,,,,4e-05,0.0021,5e-05,2e-19,,0.03,2e-121,,0.002,4e-05,3e-05,0.001,0.1,,,3e-27,,,,0.9,0.4,0.2,tst
ttf2,TTF2,Proteins,0.00253,0.9735,0.00086,0.01711,,0.00123,0.00019,0.00224,0.00037,0.00015,,,0.00012,,,,0.00011,0.00158,1e-05,8e-10,,4e-06,1e-141,,4e-13,0.004,1e-15,0.8,0.01,,,0.02,,,,0.5,0.8,0.6,ttf2
ttn,TTN,Proteins,0.00313,0.95895,0.005,0.00136,,0.00163,6e-05,0.00052,0.01821,0.00272,,,0.00574,,,,0.00022,0.00139,0.00109,1e-11,,6e-49,1e-05,,5e-17,0.1,0.02,3e-172,2e-27,,,6e-56,,,,0.09,1.0,6e-12,ttn
ttr,TTR,Proteins,0.00767,0.87589,0.00519,0.00081,,0.00039,0.00015,0.00122,0.10441,0.0019,,,0.00015,,,,0.00014,0.00133,0.00076,3e-50,,0.002,0.006,,2e-05,0.008,1e-08,0.0,8e-22,,,0.007,,,,0.2,0.9,1e-09,ttr
tubb3,TUBB3,Proteins,0.00048,0.99542,1e-05,0.00175,,9e-05,9e-05,0.00049,4e-05,1e-05,,,0.0,,,,0.00011,0.0015,1e-05,0.03,,0.5,5e-08,,0.06,0.05,0.04,0.2,0.4,,,1.0,,,,0.5,0.9,0.5,tubb
twf2,TWF2,Proteins,0.00199,0.95039,0.0011,0.03098,,0.00448,0.0001,0.0035,0.00149,0.00023,,,0.00342,,,,4e-05,0.00222,7e-05,3e-07,,0.0002,2e-280,,6e-46,0.04,4.0000000000000003e-28,2e-08,0.001,,,2e-35,,,,0.9,0.1,0.08,twf2
txk,TXK,Proteins,0.00158,0.99144,0.00108,0.00037,,0.00048,0.00028,0.00019,0.00096,0.00234,,,4e-05,,,,7e-05,0.00115,2e-05,1e-08,,2e-11,0.7,,7e-06,0.0005,0.7,2e-10,2.0000000000000002e-23,,,0.2,,,,0.7,1.0,0.4,txk
txlna,TXLNA,Proteins,0.00278,0.92107,0.0011,0.04137,,0.01407,3e-05,0.00853,0.00569,0.00093,,,0.00241,,,,9e-05,0.00195,0.0,1e-09,,0.0003,0.0,,1e-141,0.3,6e-77,1.9999999999999998e-50,6e-11,,,7e-26,,,,0.6,0.4,0.7,txln
txn,TXN,Proteins,0.00177,0.92663,0.00097,0.04041,,0.00625,0.00071,0.00516,0.00958,0.00263,,,0.00374,,,,0.0002,0.00181,0.00014,9e-05,,0.09,0.0,,9e-64,1e-08,4.999999999999999e-44,1e-87,7e-28,,,7e-39,,,,0.1,0.4,0.01,txn
txndc15,TXNDC15,Proteins,0.01669,0.96726,0.00028,0.00402,,0.00748,9e-05,0.00045,0.00146,0.0,,,7e-05,,,,5e-05,0.00124,0.0009,2.9999999999999997e-106,,0.0004,3e-27,,1e-73,0.05,0.04,1e-15,0.9,,,0.07,,,,0.8,1.0,3e-10,txnd
txndc5,TXNDC5,Proteins,0.00448,0.94829,0.00375,0.02244,,0.01129,6e-05,0.00222,0.0006,0.00077,,,0.00331,,,,0.00014,0.00229,0.00034,4e-19,,4e-33,2e-200,,9e-113,0.09,1e-16,0.2,3e-09,,,2.0000000000000003e-34,,,,0.3,0.1,9e-05,txnd1
txndc9,TXNDC9,Proteins,0.00242,0.97001,0.00068,0.01651,,0.0031,5e-05,0.00191,0.00073,2e-05,,,0.00241,,,,4e-05,0.00203,8e-05,2e-09,,0.0004,9e-141,,1e-31,0.1,2e-13,0.0001,0.3,,,5e-25,,,,0.9,0.2,0.06,txnd2
txnl1,TXNL1,Proteins,0.0026,0.98579,3e-05,0.00161,,0.00089,0.00152,0.00042,8e-05,0.00501,,,0.0003,,,,9e-05,0.0016,5e-05,4e-16,,0.3,4e-07,,9e-10,1e-15,0.09,0.07,9e-48,,,0.0004,,,,0.6,0.9,0.1,txnl
txnrd1,TXNRD1,Proteins,0.00256,0.93046,0.00323,0.0331,,0.01547,4e-05,0.00441,0.00551,0.00101,,,0.00194,,,,0.00011,0.00213,2e-05,3e-14,,2e-16,2e-304,,4e-155,0.2,3e-37,2.0000000000000002e-39,1e-11,,,4e-21,,,,0.4,0.2,0.3,txnr
tymp,TYMP,Proteins,0.00233,0.95719,0.00052,0.02177,,0.00531,7e-05,0.00302,0.00038,0.00138,,,0.00599,,,,5e-05,0.00171,0.0003,2e-08,,0.004,3e-188,,1e-52,0.09,5e-23,0.1,7e-15,,,3e-59,,,,0.8,0.8,0.0003,tymp
tyro3,TYRO3,Proteins,0.00169,0.96695,0.0045,0.00176,,0.01604,0.00051,0.00061,0.00582,0.00077,,,3e-05,,,,3e-05,0.00118,0.0001,7e-07,,0.8,1e-08,,4.9999999999999995e-154,2e-06,0.005,2e-14,6e-09,,,0.2,,,,0.9,1.0,0.03,tyro1
tyrp1,TYRP1,Proteins,0.02935,0.94889,0.00031,0.00704,,0.0001,0.00017,0.00809,0.00111,0.00319,,,1e-05,,,,3e-05,0.00155,0.00015,2e-217,,0.2,2e-53,,0.03,0.006,3e-69,1e-09,3e-32,,,0.4,,,,0.9,0.8,0.01,tyrp
ubac1,UBAC1,Proteins,0.00145,0.89678,0.00064,0.06895,,0.00117,0.00014,0.00384,0.0229,0.0002,,,0.00096,,,,0.00015,0.00261,0.00022,0.0001,,2e-05,0.0,,1e-13,0.01,5e-33,1e-232,0.002,,,2e-11,,,,0.2,0.01,0.001,ubac
ube2b,UBE2B,Proteins,0.00174,0.97618,0.00038,0.01477,,0.00012,0.0,0.00153,0.00305,8e-05,,,0.00046,,,,0.00012,0.00149,9e-05,9e-09,,0.002,2e-123,,0.02,0.8,5e-10,3e-29,0.06,,,8e-06,,,,0.4,0.8,0.05,ube2
ube2l6,UBE2L6,Proteins,0.00627,0.92953,0.00752,0.02484,,0.01368,0.00012,0.00408,0.004,0.00171,,,0.00498,,,,8e-05,0.00236,0.00082,3e-41,,2e-62,6e-228,,9.999999999999999e-139,0.02,2.0000000000000003e-34,4e-27,6e-19,,,6e-52,,,,0.6,0.04,7e-10,ube21
ube2z,UBE2Z,Proteins,0.0021,0.98186,0.00092,0.00845,,0.00041,0.0001,0.00086,0.00099,0.00132,,,0.00145,,,,0.00013,0.00141,0.0,3e-13,,2e-05,9.999999999999999e-64,,3e-05,0.04,0.0001,4e-06,7e-14,,,5e-15,,,,0.4,1.0,0.8,ube22
ubqln3,UBQLN3,Proteins,0.00057,0.99695,8e-05,0.00035,,0.00046,2e-05,0.00012,0.00023,4e-05,,,0.0,,,,8e-05,0.00109,0.0,0.02,,0.9,0.8,,1e-05,0.4,0.9,0.01,0.2,,,0.7,,,,0.6,1.0,0.9,ubql
ubxn1,UBXN1,Proteins,0.00223,0.9244,0.0013,0.04384,,0.00887,0.00031,0.0051,0.00762,0.00063,,,0.00312,,,,0.00013,0.00244,1e-05,4e-10,,0.001,0.0,,3e-89,0.0002,2e-43,2.0000000000000002e-66,1e-07,,,9.999999999999999e-33,,,,0.3,0.01,0.5,ubxn
ufd1,UFD1,Proteins,0.0031,0.95697,0.00167,0.02173,,0.00676,0.00037,0.00295,0.00237,9e-05,,,0.00177,,,,5e-05,0.00212,5e-05,1e-11,,0.4,3.9999999999999995e-191,,2e-67,4e-05,6e-23,1e-08,0.04,,,5e-19,,,,0.8,0.1,0.1,ufd1
ugdh,UGDH,Proteins,0.00207,0.99174,0.00086,0.00098,,0.0,0.00029,0.0003,0.00017,0.00243,,,0.0,,,,4e-05,0.0011,3e-05,3e-10,,4e-09,0.004,,1.0,0.0005,0.3,0.02,6e-24,,,0.8,,,,0.9,1.0,0.3,ugdh
uhrf2,UHRF2,Proteins,0.00052,0.99552,8e-05,0.00104,,0.00039,1e-05,0.00023,0.00024,0.00019,,,3e-05,,,,0.00027,0.00148,0.0,0.002,,0.07,0.002,,6e-05,0.6,0.6,0.002,0.005,,,0.3,,,,0.05,1.0,0.9,uhrf
ulbp2,ULBP2,Proteins,0.06567,0.87482,0.02454,0.00578,,0.01602,9e-05,0.00073,0.0068,0.00087,,,1e-05,,,,0.00023,0.0011,0.00334,0.0,,8.999999999999999e-256,1e-47,,3e-169,0.04,0.0002,4.0000000000000004e-72,8e-11,,,0.4,,,,0.05,1.0,6e-37,ulbp
umod,UMOD,Proteins,0.00893,0.87221,0.00221,0.00215,,0.05101,0.00066,0.00052,0.05286,0.00732,,,9e-05,,,,9e-05,0.00105,0.00092,2e-48,,6.9999999999999995e-25,1e-13,,0.0,1e-08,0.007,0.0,5e-80,,,0.04,,,,0.5,1.0,2e-11,umod
unc5d,UNC5D,Proteins,0.00194,0.96096,0.00331,0.00076,,0.01942,0.00012,0.00051,0.0079,0.00304,,,0.00084,,,,3e-05,0.00099,0.00018,3e-07,,1.9999999999999998e-30,0.03,,2e-183,0.02,0.02,1e-73,1.9999999999999998e-30,,,1e-09,,,,0.9,1.0,0.006,unc5
unc79,UNC79,Proteins,0.00096,0.9685,0.00128,0.02043,,0.00096,0.00046,0.00472,0.00043,0.00016,,,0.00043,,,,0.0001,0.00152,5e-05,1e-05,,6e-12,1e-170,,1e-10,8e-06,3e-37,0.0009,0.009,,,2e-05,,,,0.5,0.8,0.2,unc7
ung,UNG,Proteins,0.00093,0.99411,0.00025,0.00255,,0.00013,0.0,0.00028,8e-05,5e-05,,,0.00016,,,,9e-05,0.00137,0.0,8e-05,,0.003,2e-14,,0.02,0.8,0.4,0.2,0.1,,,0.01,,,,0.6,0.9,0.9,ung
upb1,UPB1,Proteins,0.00655,0.82807,0.00707,0.00267,,0.12112,0.00148,0.00219,0.02696,0.00124,,,0.00087,,,,3e-05,0.00176,1e-05,2e-40,,1e-19,1e-19,,0.0,2e-18,4e-19,1e-241,1e-15,,,2e-11,,,,0.9,0.3,0.4,upb1
upk3a,UPK3A,Proteins,0.001,0.99605,7e-05,0.00047,,5e-05,3e-05,0.00017,0.00048,3e-05,,,4e-05,,,,9e-05,0.00151,1e-05,0.004,,0.2,0.5,,0.2,0.3,0.8,2e-05,0.3,,,0.2,,,,0.6,0.9,0.5,upk3
upk3bl1,UPK3BL1,Proteins,0.00047,0.99737,3e-05,0.00036,,0.00013,1e-05,0.00029,6e-05,3e-05,,,0.0,,,,4e-05,0.00117,4e-05,0.02,,0.3,0.8,,0.02,0.5,0.3,0.1,0.2,,,0.7,,,,0.9,1.0,0.2,upk31
urod,UROD,Proteins,0.00134,0.92606,0.00207,0.04273,,0.00323,5e-05,0.0045,0.01309,0.00023,,,0.00439,,,,0.00015,0.00214,3e-05,0.0001,,2e-13,0.0,,1e-33,0.1,1e-37,2e-121,0.001,,,5.0000000000000004e-45,,,,0.2,0.1,0.2,urod
uros,UROS,Proteins,0.00117,0.97577,0.00027,0.01525,,0.00057,0.0,0.00215,0.0038,0.0,,,0.0,,,,2e-05,0.001,0.0,8e-07,,0.002,9e-125,,7e-07,1.0,7e-15,6e-37,0.8,,,0.7,,,,1.0,1.0,0.9,uros
uso1,USO1,Proteins,0.00179,0.94452,0.00054,0.03611,,0.00694,0.00013,0.00348,0.0005,0.00017,,,0.00363,,,,0.00011,0.00206,1e-05,1e-06,,0.2,0.0,,1e-69,0.01,8.000000000000001e-28,0.5,0.005,,,2e-37,,,,0.4,0.5,0.5,uso1
usp25,USP25,Proteins,0.00158,0.9213,0.00044,0.05386,,0.00746,3e-05,0.00965,0.00046,0.00034,,,0.00197,,,,0.00019,0.00272,0.0,7e-05,,0.3,0.0,,4e-77,0.2,9e-89,0.1,7e-05,,,1e-21,,,,0.1,0.0004,0.8,usp2
usp28,USP28,Proteins,0.00166,0.96301,0.00779,0.00286,,0.01439,0.00071,0.00047,0.00431,0.00149,,,0.00022,,,,9e-05,0.0016,0.00139,2e-05,,3e-77,1e-17,,1e-140,2e-08,0.03,1e-43,3e-16,,,0.002,,,,0.6,0.8,4e-15,usp21
usp47,USP47,Proteins,0.00116,0.97261,0.00094,0.01864,,1e-05,8e-05,0.00261,0.00085,0.00055,,,0.00067,,,,9e-05,0.00173,8e-05,5e-08,,8e-10,2e-154,,0.5,0.07,9e-19,5e-09,1e-06,,,9e-08,,,,0.6,0.8,0.06,usp4
usp8,USP8,Proteins,0.0017,0.93099,0.00104,0.04003,,0.00975,8e-05,0.00333,0.00663,0.00026,,,0.00381,,,,0.00014,0.00218,5e-05,3e-08,,0.0002,0.0,,1e-96,0.06,1.9999999999999998e-26,2e-59,0.0006,,,5.0000000000000005e-39,,,,0.3,0.2,0.2,usp8
uxs1,UXS1,Proteins,0.00404,0.94984,0.00431,0.00299,,0.00046,0.00012,0.00052,0.02634,0.00114,,,0.00832,,,,0.00016,0.00143,0.00032,1e-27,,3e-41,2e-18,,7e-06,0.02,0.02,2e-248,2e-12,,,5.000000000000001e-81,,,,0.2,1.0,0.0002,uxs1
vamp5,VAMP5,Proteins,0.00075,0.97297,0.00403,0.00193,,0.00731,6e-05,0.00142,0.00884,0.00022,,,0.00022,,,,0.00015,0.0014,0.0007,0.006,,5e-27,1e-09,,5e-70,0.1,6e-09,7e-72,0.002,,,0.002,,,,0.3,1.0,4e-08,vamp
vamp8,VAMP8,Proteins,0.00225,0.95746,0.00136,0.02331,,0.00696,0.00011,0.0038,0.00077,0.0001,,,0.00153,,,,0.0001,0.00225,0.0,8e-10,,2e-07,7e-200,,1e-67,0.03,1.0000000000000001e-29,0.3,0.03,,,4e-16,,,,0.5,0.09,1.0,vamp1
vash1,VASH1,Proteins,0.00216,0.9689,0.00103,0.01458,,0.0034,3e-05,0.00185,0.00077,0.0,,,0.00327,,,,0.00024,0.00368,8e-05,3e-07,,0.0001,7e-122,,3e-34,0.3,8e-13,0.06,0.7,,,5e-33,,,,0.06,8e-07,0.06,vash
vasn,VASN,Proteins,0.00777,0.95057,0.01219,0.0029,,0.0148,0.00014,0.00042,0.00878,2e-05,,,0.00053,,,,0.00016,0.00166,6e-05,2e-38,,4e-68,1e-17,,3.9999999999999994e-142,0.01,0.08,1e-35,0.3,,,1e-06,,,,0.2,0.8,0.1,vasn
vasp,VASP,Proteins,0.00212,0.9534,0.00084,0.02824,,0.00477,4e-05,0.00295,0.00119,4e-05,,,0.00378,,,,2e-05,0.00256,5e-05,4e-08,,0.03,2e-253,,2e-48,0.2,4.0000000000000004e-23,5e-06,0.2,,,8.000000000000001e-39,,,,1.0,0.006,0.1,vasp
vat1,VAT1,Proteins,0.00242,0.96461,0.01443,0.00394,,0.00357,1e-05,0.0008,0.00131,0.00347,,,0.00356,,,,0.00011,0.0016,0.00017,1e-09,,2e-129,1.9999999999999998e-26,,5e-36,0.5,0.0002,0.0006,5e-35,,,5.9999999999999996e-36,,,,0.4,1.0,0.006,vat1
vav3,VAV3,Proteins,0.00118,0.94186,0.00076,0.04247,,0.00206,0.00024,0.00424,0.0024,2e-05,,,0.00251,,,,4e-05,0.00216,6e-05,1e-05,,0.005,0.0,,1e-21,0.001,3e-34,3e-19,0.4,,,6e-26,,,,0.9,0.1,0.1,vav3
vcam1,VCAM1,Proteins,0.01853,0.93444,0.03029,0.00276,,0.00334,3e-05,0.00035,0.00072,0.00281,,,0.00091,,,,4e-05,0.00107,0.00471,1e-153,,1e-296,3e-17,,7e-35,0.2,0.1,4e-08,1.0000000000000001e-29,,,1e-10,,,,0.8,1.0,2e-48,vcam
vcan,VCAN,Proteins,0.01772,0.91806,0.03872,0.0026,,0.01245,1e-05,0.00076,0.00374,0.00139,,,0.00076,,,,0.00012,0.0018,0.00187,3e-120,,0.0,1e-16,,4.999999999999999e-128,0.6,0.0002,9.999999999999999e-33,7e-16,,,2e-09,,,,0.4,0.6,8e-21,vcan
vcpkmt,VCPKMT,Proteins,0.00212,0.98657,0.00299,0.00445,,9e-05,0.00024,0.00101,3e-05,0.00017,,,0.00051,,,,4e-05,0.00178,1e-05,3e-13,,4.0000000000000003e-29,4.0000000000000003e-29,,0.05,0.001,1e-05,0.3,0.008,,,4e-06,,,,0.9,0.6,0.5,vcpk
vegfa,VEGFA,Proteins,0.00509,0.93207,0.01485,0.00137,,0.03559,0.00013,0.00077,0.00115,0.00633,,,0.00064,,,,6e-05,0.00132,0.00063,6e-23,,8.000000000000001e-145,2e-06,,0.0,0.01,0.0002,3e-08,4e-65,,,6e-08,,,,0.7,1.0,7e-08,vegf
vegfb,VEGFB,Proteins,0.00704,0.88895,0.022,0.00199,,0.06994,0.00059,0.00024,0.00393,0.00166,,,0.00015,,,,0.00017,0.00136,0.00198,2e-27,,1e-223,2e-11,,0.0,2e-07,0.4,6.999999999999999e-42,1e-18,,,0.008,,,,0.1,0.9,5e-22,vegf1
vegfc,VEGFC,Proteins,0.00905,0.96908,0.00448,0.00321,,0.00372,0.00019,0.00078,0.00315,0.00115,,,0.0031,,,,9e-05,0.00196,5e-05,3e-60,,4.999999999999999e-32,3e-20,,1e-37,0.004,0.0003,3e-19,1e-12,,,1e-31,,,,0.5,0.6,0.1,vegf2
vegfd,VEGFD,Proteins,0.01572,0.89032,0.00151,0.0024,,0.04703,0.00037,0.00046,0.03139,0.00552,,,0.0036,,,,6e-05,0.0014,0.00023,1e-89,,6e-13,2e-15,,0.0,2e-05,0.02,1e-321,9e-60,,,1.0000000000000001e-39,,,,0.7,0.9,0.0009,vegf3
vgf,VGF,Proteins,0.00444,0.90721,0.00469,0.0243,,0.03452,0.00014,0.00344,0.01872,0.00083,,,2e-05,,,,0.0001,0.00156,3e-05,4e-20,,4e-33,3e-228,,0.0,0.009,4.0000000000000003e-29,3e-176,3e-10,,,0.4,,,,0.4,0.7,0.3,vgf
vim,VIM,Proteins,0.00105,0.98747,0.00015,0.00564,,0.0019,0.0,0.00149,1e-05,0.00045,,,0.0,,,,0.00016,0.00149,0.00019,2e-08,,0.01,3e-39,,3e-19,1.0,2e-09,0.5,1e-05,,,1.0,,,,0.2,1.0,0.005,vim
vipr1,VIPR1,Proteins,0.00068,0.99199,0.0007,0.00083,,0.00224,1e-05,0.00041,0.00027,0.0,,,0.00016,,,,9e-05,0.00262,1e-05,0.003,,7e-06,0.02,,2e-22,0.6,0.1,0.1,1.0,,,0.009,,,,0.6,0.03,0.5,vipr
vit,VIT,Proteins,0.01556,0.76873,0.01142,0.00205,,0.02697,0.0017,0.00298,0.16287,0.005,,,0.0004,,,,7e-05,0.00128,0.00096,3e-111,,6.999999999999999e-97,3e-15,,0.0,2e-22,6e-30,0.0,1e-62,,,2e-06,,,,0.6,0.8,2e-13,vit
vmo1,VMO1,Proteins,0.01048,0.93241,0.02477,0.00142,,0.0213,0.0006,0.00034,0.00219,0.00318,,,0.00013,,,,6e-05,0.00135,0.00178,4e-33,,1e-224,1e-06,,7e-211,2e-07,0.2,0.01,3e-33,,,0.02,,,,0.7,1.0,2e-19,vmo1
vnn1,VNN1,Proteins,0.00791,0.90538,0.00229,0.00052,,0.07515,0.00126,0.00036,0.00532,0.00075,,,1e-05,,,,3e-05,0.00094,7e-05,2e-48,,0.003,0.2,,0.0,1e-14,0.1,5e-35,2e-09,,,0.5,,,,0.9,1.0,0.06,vnn1
vnn2,VNN2,Proteins,0.01793,0.94435,0.00071,0.00275,,0.01804,2e-05,0.00112,0.00776,0.00435,,,0.00122,,,,3e-05,0.00133,0.00038,2e-151,,0.0002,5e-17,,5e-177,0.4,6e-07,1e-73,2e-44,,,1e-13,,,,0.9,1.0,3e-05,vnn2
vps28,VPS28,Proteins,0.00201,0.95476,0.00049,0.03159,,0.00265,0.00012,0.0037,0.00068,2e-05,,,0.00158,,,,7e-05,0.00228,5e-05,3e-09,,0.1,9.999999999999999e-280,,3e-27,0.02,2.0000000000000002e-29,0.001,0.4,,,7e-17,,,,0.7,0.04,0.1,vps2
vps37a,VPS37A,Proteins,0.00283,0.9322,0.00174,0.03972,,0.00841,0.00069,0.00583,0.00607,0.00024,,,0.00017,,,,9e-05,0.00199,2e-05,4e-18,,0.002,0.0,,5e-85,2e-08,1.9999999999999998e-50,8e-47,0.001,,,0.006,,,,0.5,0.5,0.3,vps3
vps4b,VPS4B,Proteins,0.00179,0.96174,0.00076,0.0231,,0.00175,0.00017,0.00274,0.00075,1e-05,,,0.00409,,,,0.00018,0.00286,7e-05,5e-06,,0.0002,9e-203,,1e-18,0.006,8e-21,0.0002,0.4,,,2e-41,,,,0.2,0.0004,0.09,vps4
vps53,VPS53,Proteins,0.0016,0.93749,0.00056,0.04339,,0.00584,0.00045,0.00514,0.00084,0.00015,,,0.00179,,,,0.00028,0.00245,2e-05,8e-08,,0.6,0.0,,2e-59,6e-06,1e-43,0.0003,0.009,,,2e-19,,,,0.03,0.09,0.3,vps5
vsig10,VSIG10,Proteins,0.02007,0.97001,0.00215,0.00167,,0.00175,0.0005,0.00028,0.00188,0.00032,,,1e-05,,,,4e-05,0.00125,7e-05,8e-167,,6e-09,4e-08,,1e-18,3e-06,0.3,3e-06,0.0002,,,0.5,,,,0.9,1.0,0.08,vsig
vsig10l,VSIG10L,Proteins,0.00196,0.97964,0.00108,0.00071,,0.00035,8e-05,0.00187,0.01276,7e-05,,,5e-05,,,,0.00015,0.00126,3e-05,1e-06,,1e-11,0.07,,0.0001,0.06,2e-12,4e-119,0.09,,,0.1,,,,0.3,1.0,0.3,vsig1
vsig2,VSIG2,Proteins,0.00262,0.89297,0.07289,0.00126,,0.00056,0.00072,0.00017,0.00382,0.01889,,,0.00104,,,,1e-05,0.00095,0.0041,1e-10,,0.0,6e-06,,2e-07,5e-09,0.7,2e-35,4e-197,,,2e-12,,,,1.0,1.0,1e-44,vsig2
vsig4,VSIG4,Proteins,0.01253,0.78846,0.06709,0.00175,,0.1091,0.00145,0.00078,0.00352,0.00434,,,0.00212,,,,6e-05,0.00185,0.00694,4.999999999999999e-84,,0.0,1e-11,,0.0,8e-19,2e-05,6e-29,8e-53,,,9.999999999999999e-27,,,,0.6,0.2,2e-83,vsig3
vsir,VSIR,Proteins,0.00588,0.96711,0.00187,0.00833,,0.00662,0.00037,0.00221,0.00199,0.00091,,,0.00337,,,,5e-05,0.00128,0.0,6e-33,,3e-08,4e-65,,5e-65,5e-05,7e-16,2e-09,3e-10,,,5e-34,,,,0.8,1.0,0.8,vsir
vsnl1,VSNL1,Proteins,0.00259,0.78568,0.00714,0.00148,,0.01915,0.00205,0.00082,0.17834,0.00084,,,0.00018,,,,0.00012,0.00127,0.00036,5e-12,,2e-31,3e-09,,5e-227,3.9999999999999996e-26,6e-06,0.0,1e-11,,,0.002,,,,0.2,0.8,1e-05,vsnl
vstm1,VSTM1,Proteins,0.01219,0.97798,4e-05,0.00136,,0.00549,0.0,0.0003,0.00043,0.00011,,,0.00035,,,,0.00019,0.00121,0.00035,9e-90,,0.2,2e-05,,9e-53,0.8,0.3,2e-05,0.03,,,0.0001,,,,0.1,1.0,0.0001,vstm
vstm2b,VSTM2B,Proteins,0.00079,0.99472,0.00032,0.00023,,0.00066,0.00014,0.00037,0.00015,0.00121,,,1e-05,,,,2e-05,0.00136,4e-05,0.01,,0.0003,1.0,,1e-07,0.02,0.2,0.02,8e-13,,,0.5,,,,1.0,1.0,0.2,vstm1
vstm2l,VSTM2L,Proteins,0.00027,0.97408,8e-05,0.00085,,0.02039,0.00033,0.00049,0.00185,0.0002,,,2e-05,,,,8e-05,0.00116,0.00021,0.09,,0.5,0.01,,3e-190,0.0002,0.03,2e-18,0.004,,,0.4,,,,0.6,1.0,0.003,vstm2
vta1,VTA1,Proteins,0.00131,0.95366,0.00186,0.02619,,0.00052,0.0,0.00215,0.00015,7e-05,,,0.01172,,,,0.00013,0.00216,9e-05,6e-05,,5e-19,2e-234,,1e-06,0.7,8e-16,0.1,0.08,,,2.9999999999999997e-116,,,,0.3,0.2,0.05,vta1
vtcn1,VTCN1,Proteins,0.00378,0.98042,0.00707,0.00161,,0.00159,1e-05,0.00111,0.0021,0.00046,,,1e-05,,,,5e-05,0.00179,0.0,5e-33,,4e-48,3e-07,,2e-16,0.5,2e-06,0.2,1e-05,,,0.5,,,,0.8,0.9,0.8,vtcn
vti1a,VTI1A,Proteins,0.00165,0.93156,0.0014,0.03957,,0.0123,0.0,0.00577,0.00219,0.00038,,,0.00189,,,,0.00016,0.00302,9e-05,1e-06,,1e-05,0.0,,7.999999999999999e-122,0.9,3e-49,1e-13,3e-05,,,3e-20,,,,0.2,9e-05,0.04,vti1
vwa1,VWA1,Proteins,0.00537,0.8898,0.01111,0.00115,,0.05816,1e-05,0.00104,0.00272,0.01932,,,0.00845,,,,7e-05,0.00181,0.00097,1.0000000000000001e-29,,8e-98,3e-05,,0.0,0.6,6e-07,8e-10,7e-203,,,2e-90,,,,0.7,0.6,7e-12,vwa1
vwa5a,VWA5A,Proteins,0.00151,0.9943,0.0015,0.00097,,0.00023,1e-05,0.00033,3e-05,2e-05,,,3e-05,,,,1e-05,0.00106,0.0,3e-07,,3e-15,0.004,,0.002,0.4,0.3,0.3,0.4,,,0.3,,,,1.0,1.0,0.8,vwa5
vwc2,VWC2,Proteins,0.01235,0.85988,0.03836,0.00554,,0.03141,0.0002,0.00058,0.04298,0.0008,,,0.00495,,,,8e-05,0.00134,0.00152,2e-101,,0.0,6e-46,,0.0,0.002,0.003,0.0,4e-10,,,9.999999999999999e-55,,,,0.5,1.0,6e-18,vwc2
vwc2l,VWC2L,Proteins,0.00528,0.85849,0.00668,0.00149,,0.07376,0.00019,0.00074,0.04297,0.00875,,,0.00038,,,,8e-05,0.00096,0.00023,1e-37,,5.000000000000001e-66,3e-08,,0.0,0.002,0.0001,0.0,8.999999999999999e-97,,,1e-05,,,,0.5,1.0,0.0007,vwc21
vwf,VWF,Proteins,0.0028,0.95373,0.01848,0.00195,,0.01604,0.00011,0.00131,0.00033,0.00035,,,1e-05,,,,0.00036,0.00246,0.00208,9e-19,,2e-181,2e-10,,4e-158,0.03,1e-08,0.0002,7e-05,,,0.6,,,,0.006,0.04,4e-22,vwf
wars,WARS,Proteins,0.0021,0.94677,0.01827,0.006,,0.01809,0.00112,0.00219,0.00201,0.00018,,,0.00014,,,,4e-05,0.00139,0.00169,4e-07,,3e-162,1.0000000000000001e-45,,1e-177,1e-12,3e-16,0.002,0.004,,,0.01,,,,0.9,1.0,3e-18,wars
was,WAS,Proteins,0.0006,0.97754,0.00136,0.01305,,0.00046,0.00022,0.00323,0.00079,0.00012,,,0.0001,,,,0.00045,0.00203,4e-05,0.02,,5e-12,6e-105,,9e-06,0.002,4.0000000000000004e-24,2e-06,0.02,,,0.04,,,,0.002,0.4,0.2,was
wasf1,WASF1,Proteins,0.00741,0.92898,0.00072,0.04575,,0.00302,0.0005,0.00763,0.00089,0.0,,,0.00185,,,,0.00053,0.0027,1e-05,2e-59,,0.0009,0.0,,2e-31,2e-06,1.0000000000000001e-66,2e-05,0.7,,,8e-20,,,,0.0002,0.007,0.4,wasf
wasf3,WASF3,Proteins,0.00124,0.98225,9e-05,0.01189,,0.00024,0.00019,0.00168,9e-05,4e-05,,,0.0,,,,0.00042,0.00186,1e-05,3e-07,,0.3,8.999999999999999e-94,,0.001,0.004,7e-11,0.3,0.2,,,0.9,,,,0.003,0.7,0.5,wasf1
washc3,WASHC3,Proteins,0.0019,0.92535,0.00148,0.0446,,0.01276,4e-05,0.00802,0.00118,0.00017,,,0.00123,,,,0.00011,0.00314,2e-05,9e-11,,5e-07,0.0,,5e-130,0.2,9e-73,0.0007,0.005,,,4e-14,,,,0.4,1e-05,0.4,wash
wasl,WASL,Proteins,0.00598,0.9813,0.00136,0.00212,,0.00043,0.00073,0.00058,0.00142,0.00496,,,1e-05,,,,2e-05,0.0011,0.0,2e-33,,3e-14,7e-11,,2e-05,3e-08,0.01,9e-15,1e-47,,,0.5,,,,1.0,1.0,0.8,wasl
wdr46,WDR46,Proteins,0.0015,0.93588,0.00112,0.02004,,0.023,0.00035,0.00184,0.00213,0.00379,,,0.00918,,,,0.0001,0.00099,7e-05,1e-06,,0.001,1e-179,,3e-228,6e-05,2e-13,5e-14,2.0000000000000002e-39,,,5.999999999999999e-93,,,,0.5,1.0,0.07,wdr4
wfdc1,WFDC1,Proteins,0.00636,0.9654,0.01005,0.00101,,0.00252,2e-05,0.00055,0.00442,0.00765,,,5e-05,,,,9e-05,0.00094,0.00094,3e-37,,2e-94,0.001,,9.999999999999999e-26,0.4,0.01,1e-41,5e-74,,,0.1,,,,0.5,1.0,2e-10,wfdc
wfdc12,WFDC12,Proteins,0.00544,0.78942,0.00366,0.00169,,0.0265,0.00184,0.00275,0.15543,0.011,,,6e-05,,,,5e-05,0.00121,0.00096,2e-22,,1e-43,3e-11,,1e-310,2.0000000000000002e-23,1.9999999999999998e-26,0.0,2.0000000000000002e-131,,,0.08,,,,0.7,1.0,5e-13,wfdc1
wfdc2,WFDC2,Proteins,0.01634,0.7314,0.15043,0.00361,,3e-05,0.00214,0.00065,0.00508,0.07808,,,0.00022,,,,1e-05,0.00152,0.01049,2e-164,,0.0,6e-32,,0.2,8.000000000000001e-28,0.0001,2e-43,0.0,,,0.0004,,,,1.0,0.7,9.999999999999999e-129,wfdc2
wfikkn1,WFIKKN1,Proteins,0.00808,0.8443,0.0087,0.00179,,0.02717,7e-05,0.00021,0.10032,0.00628,,,0.0011,,,,5e-05,0.00108,0.00085,4.0000000000000003e-28,,7e-87,9e-11,,9.999999999999999e-293,0.06,0.5,0.0,5e-70,,,1e-13,,,,0.8,1.0,8e-11,wfik
wfikkn2,WFIKKN2,Proteins,0.01052,0.83956,0.00872,0.00424,,0.11497,0.0,0.00025,0.00689,0.01316,,,0.00021,,,,5e-05,0.00142,0.0,4.0000000000000004e-72,,5.0000000000000004e-77,2.0000000000000003e-34,,0.0,0.7,0.3,7e-57,4e-146,,,0.001,,,,0.8,0.8,0.7,wfik1
wif1,WIF1,Proteins,0.00948,0.91189,0.00459,0.00353,,0.02588,0.00162,0.00106,0.03583,0.00178,,,0.00293,,,,9e-05,0.00132,1e-05,1.0000000000000001e-72,,0.2,5e-25,,4e-264,2e-18,7e-07,1e-317,5e-20,,,6e-32,,,,0.5,1.0,0.5,wif1
wnt9a,WNT9A,Proteins,0.02605,0.76236,0.19345,0.00506,,0.00474,2e-05,0.00093,0.00065,1e-05,,,0.00072,,,,0.00016,0.00134,0.00451,6e-212,,0.0,4e-47,,2e-58,0.3,4e-07,5e-05,0.5,,,3e-10,,,,0.1,0.8,1e-55,wnt9
wwp2,WWP2,Proteins,0.00188,0.91297,0.00227,0.05885,,0.0095,1e-05,0.00994,0.0013,2e-05,,,0.0009,,,,4e-05,0.00219,0.00013,2e-07,,3e-15,0.0,,1.9999999999999998e-97,0.5,1.9999999999999998e-91,4e-05,0.3,,,9e-11,,,,0.9,0.2,0.02,wwp2
xcl1,XCL1,Proteins,0.00756,0.95199,0.008,0.00158,,0.02239,0.00014,0.00054,0.00221,0.00164,,,0.00146,,,,7e-05,0.00125,0.00117,2e-61,,6e-80,1e-07,,1e-219,0.01,0.01,4.0000000000000004e-23,7e-18,,,5e-16,,,,0.7,1.0,4e-13,xcl1
xg,XG,Proteins,0.00349,0.50666,0.04794,0.00331,,0.02492,0.00022,0.00565,0.39824,0.00724,,,7e-05,,,,0.0001,0.00146,0.00071,1e-19,,0.0,2e-47,,0.0,1e-05,7e-95,0.0,5e-134,,,0.02,,,,0.2,0.006,1e-14,xg
xiap,XIAP,Proteins,0.00154,0.93954,0.00107,0.04115,,0.0048,0.00015,0.00676,0.00092,0.0,,,0.00152,,,,0.00013,0.0024,2e-05,5e-06,,0.002,0.0,,4e-48,0.009,2e-57,0.08,0.9,,,2e-16,,,,0.3,0.02,0.3,xiap
xpnpep2,XPNPEP2,Proteins,0.00538,0.96363,0.00039,0.00171,,0.00421,0.00018,0.0004,0.02157,0.00034,,,2e-05,,,,6e-05,0.00159,0.00051,5e-25,,0.004,2e-08,,1.9999999999999998e-42,0.005,0.08,2.9999999999999997e-206,0.0001,,,0.4,,,,0.8,1.0,2e-06,xpnp
xrcc4,XRCC4,Proteins,0.00212,0.97928,0.00021,0.00957,,0.00456,0.0,0.00121,0.00024,0.00026,,,0.00098,,,,0.00011,0.00143,3e-05,7e-14,,0.4,1e-73,,4.999999999999999e-44,0.7,3e-07,0.2,0.0009,,,1e-10,,,,0.4,1.0,0.2,xrcc
yap1,YAP1,Proteins,0.01736,0.70209,0.15077,0.0035,,0.10863,0.00239,0.00138,0.00502,3e-05,,,0.00072,,,,0.0001,0.00155,0.00644,2e-151,,0.0,2.0000000000000003e-34,,0.0,1e-33,2e-13,8e-59,0.1,,,3e-11,,,,0.3,0.1,2e-87,yap1
yars1,YARS1,Proteins,0.00258,0.95197,0.00073,0.02718,,0.00756,0.00014,0.00276,0.00071,0.00019,,,0.00388,,,,0.00023,0.00207,3e-05,9e-10,,0.07,2.9999999999999996e-243,,1.0000000000000001e-75,0.01,3e-21,0.1,0.004,,,9e-40,,,,0.07,0.1,0.3,yars
yes1,YES1,Proteins,0.00194,0.93757,0.00103,0.04172,,0.00718,0.00028,0.005,0.00186,0.00022,,,0.00088,,,,4e-05,0.00229,1e-05,1e-07,,0.02,0.0,,2.0000000000000002e-72,0.0004,2.9999999999999996e-42,5e-11,0.002,,,3e-10,,,,0.9,0.2,0.5,yes1
yju2,YJU2,Proteins,0.00146,0.97358,0.0007,0.01356,,0.00377,1e-05,0.00171,0.00173,0.00066,,,0.00104,,,,7e-05,0.0017,0.0,2e-07,,0.03,9e-113,,7e-38,0.5,1e-11,1e-12,8e-08,,,1e-11,,,,0.7,0.6,0.7,yju2
yod1,YOD1,Proteins,0.0013,0.88591,0.00199,0.0576,,0.00912,0.00014,0.00606,0.0327,0.00179,,,0.0011,,,,6e-05,0.00223,0.0,0.004,,0.3,0.0,,1e-94,0.01,1.9999999999999998e-54,1e-310,5e-20,,,7e-13,,,,0.7,0.07,0.7,yod1
ythdf3,YTHDF3,Proteins,0.00337,0.96038,0.00091,0.0156,,0.0129,0.00017,0.00175,0.00117,0.00013,,,0.00185,,,,0.00015,0.00162,1e-05,4e-12,,0.1,5e-130,,2e-123,0.006,8e-12,0.0002,0.02,,,3e-19,,,,0.3,0.9,0.5,ythd
ywhaq,YWHAQ,Proteins,0.00219,0.93971,0.00103,0.03834,,0.00657,1e-05,0.00442,0.00093,7e-05,,,0.00406,,,,0.00011,0.00256,0.0,4e-10,,0.0004,0.0,,1e-65,0.4,2.9999999999999998e-36,0.004,0.07,,,3e-41,,,,0.4,0.007,0.9,ywha
yy1,YY1,Proteins,0.00114,0.99526,0.00019,0.00123,,1e-05,0.00016,0.0003,0.00013,0.00051,,,3e-05,,,,7e-05,0.00097,2e-05,0.0003,,0.03,0.0001,,0.5,0.009,0.3,0.1,4e-06,,,0.3,,,,0.7,1.0,0.4,yy1
zbp1,ZBP1,Proteins,0.00441,0.94871,0.00355,0.01594,,0.00732,0.0002,0.00331,0.00989,5e-05,,,0.00359,,,,6e-05,0.00165,0.00133,5e-35,,2e-27,3e-134,,1e-71,0.003,9.999999999999999e-26,7e-88,0.1,,,4e-36,,,,0.7,0.7,2e-14,zbp1
zbtb16,ZBTB16,Proteins,0.00401,0.91963,0.0007,0.0515,,0.00395,0.0005,0.00851,0.00794,0.00015,,,0.00027,,,,4e-05,0.0028,0.0,3e-34,,0.9,0.0,,9e-41,2e-06,1.0000000000000001e-75,4e-73,0.01,,,0.0005,,,,0.8,0.009,0.9,zbtb
zbtb17,ZBTB17,Proteins,0.00224,0.92009,0.00974,0.02141,,0.02373,0.00098,0.00307,0.01145,0.00226,,,0.0009,,,,9e-05,0.00158,0.00246,8e-09,,2.0000000000000001e-88,6.999999999999999e-191,,2.0000000000000001e-233,3e-11,2.0000000000000002e-24,5.0000000000000004e-105,5e-24,,,2e-10,,,,0.5,0.9,4.9999999999999996e-26,zbtb1
zcchc8,ZCCHC8,Proteins,0.00042,0.99297,0.0,0.00331,,0.00082,0.0,0.00062,2e-05,6e-05,,,4e-05,,,,3e-05,0.00137,0.00035,0.05,,0.7,1e-19,,4e-09,1.0,0.007,0.4,0.1,,,0.2,,,,0.9,1.0,0.0001,zcch
zfyve19,ZFYVE19,Proteins,0.00317,0.96042,0.00122,0.02007,,0.00519,3e-05,0.00263,0.00149,0.00016,,,0.0035,,,,0.00019,0.00188,4e-05,2e-20,,0.4,5.0000000000000005e-175,,4e-52,0.2,6e-20,0.0003,0.007,,,8.999999999999999e-36,,,,0.1,0.3,0.2,zfyv
zhx2,ZHX2,Proteins,0.0011,0.89898,0.00408,0.03952,,0.03335,0.00086,0.00496,0.00695,0.00315,,,0.00399,,,,0.00037,0.00192,0.00077,3e-07,,2e-31,0.0,,0.0,1e-10,2e-44,2e-61,2.0000000000000003e-34,,,3e-43,,,,0.004,0.2,1e-09,zhx2
znf174,ZNF174,Proteins,0.00047,0.99562,0.00029,0.00083,,4e-05,7e-05,0.00028,0.00086,0.0001,,,0.00028,,,,3e-05,0.00114,0.0,0.03,,0.0005,0.02,,0.2,0.1,0.4,2e-09,0.04,,,0.0006,,,,0.9,1.0,0.8,znf1
znf75d,ZNF75D,Proteins,0.00042,0.99759,0.00031,0.00035,,5e-05,1e-05,0.00017,0.00025,0.0,,,3e-05,,,,7e-05,0.00076,0.0,0.07,,0.0008,0.8,,0.1,0.5,0.8,0.003,1.0,,,0.3,,,,0.7,1.0,1.0,znf7
znf830,ZNF830,Proteins,0.0052,0.96945,0.01431,0.0026,,0.00079,0.00028,0.00025,0.00386,0.00077,,,2e-05,,,,8e-05,0.00201,0.00039,7e-41,,2e-136,2e-15,,4e-09,0.0004,0.4,1e-36,6e-09,,,0.4,,,,0.6,0.2,4e-05,znf8
znrd2,ZNRD2,Proteins,0.00173,0.93072,0.01512,0.01971,,0.02089,0.00021,0.0048,0.00355,0.00063,,,7e-05,,,,0.00018,0.00222,0.00016,2e-07,,5.9999999999999996e-151,2e-177,,6.999999999999999e-209,0.002,4e-41,4e-36,7e-08,,,0.07,,,,0.1,0.03,0.006,znrd
znrf4,ZNRF4,Proteins,0.00165,0.98434,0.00039,0.00569,,0.00261,6e-05,0.00157,0.0006,6e-05,,,0.00171,,,,8e-05,0.00123,3e-05,1e-05,,0.0001,5e-41,,1.9999999999999998e-26,0.1,3e-10,1e-06,0.1,,,6e-18,,,,0.6,1.0,0.3,znrf
zp3,ZP3,Proteins,0.0047,0.9797,0.00311,0.00069,,0.00263,0.00078,0.0003,0.00385,0.00047,,,0.00029,,,,3e-05,0.00331,0.00014,4.0000000000000004e-23,,3.9999999999999996e-30,0.08,,3e-26,8e-09,0.3,5.0000000000000005e-37,8e-06,,,0.0004,,,,0.9,0.0001,0.01,zp3
zp4,ZP4,Proteins,0.00031,0.99347,0.00247,0.0008,,0.00026,0.0,0.00019,0.00131,2e-05,,,2e-05,,,,3e-05,0.0011,2e-05,0.2,,1e-17,0.03,,0.001,0.8,0.7,6e-07,0.4,,,0.4,,,,0.9,1.0,0.3,zp4
zpr1,ZPR1,Proteins,0.00156,0.99347,0.00174,0.00062,,0.00042,0.0,0.00034,0.00071,0.0,,,0.00017,,,,3e-05,0.00092,0.0,2e-10,,9e-17,0.2,,3e-05,0.7,0.2,4e-07,0.9,,,0.008,,,,0.9,1.0,0.8,zpr1
